probe_type,dim_a_id,dim_a_name,dim_a_category,dim_b_id,dim_b_name,dim_b_category,mean_diff,ci95_lo,ci95_hi,p_greater,p_less,p_two_sided,p_fdr,significant_fdr,stars
metacognitive,0,Baseline,Control,1,Phenomenology,Mental,2.632229742465198e-05,-9.624333314301087e-05,0.00018903759161199773,0.398,0.602,0.796,0.9758267716535434,False,n.s.
metacognitive,0,Baseline,Control,2,Emotions,Mental,4.940232816061027e-05,-6.82224714316632e-05,0.0002082752836691214,0.255,0.745,0.51,0.9758267716535434,False,n.s.
metacognitive,0,Baseline,Control,3,Agency,Mental,2.5245092967058798e-05,-9.706528453451766e-05,0.00018842151941139611,0.401,0.599,0.802,0.9758267716535434,False,n.s.
metacognitive,0,Baseline,Control,4,Intentions,Mental,-3.8580395910909586e-05,-0.00016187413435429817,0.00013795439564187817,0.725,0.275,0.55,0.9758267716535434,False,n.s.
metacognitive,0,Baseline,Control,5,Prediction,Mental,-1.430773177077301e-05,-0.00013291640631053837,0.0001506623376091506,0.633,0.367,0.734,0.9758267716535434,False,n.s.
metacognitive,0,Baseline,Control,6,Cognitive,Mental,-2.533530139972011e-05,-0.0001541690144309292,0.00013718854379848,0.659,0.341,0.682,0.9758267716535434,False,n.s.
metacognitive,0,Baseline,Control,7,Social,Mental,-3.7935355904456244e-05,-0.00016141606534077077,0.00013021679031801313,0.731,0.269,0.538,0.9758267716535434,False,n.s.
metacognitive,0,Baseline,Control,8,Embodiment,Physical,1.8892351781011542e-05,-9.823390226833808e-05,0.00017811501578028906,0.446,0.554,0.892,0.9961276595744681,False,n.s.
metacognitive,0,Baseline,Control,9,Roles,Physical,2.5642575541889473e-05,-0.00010387523882464324,0.00019432370780883492,0.402,0.598,0.804,0.9758267716535434,False,n.s.
metacognitive,0,Baseline,Control,10,Animacy,Physical,2.2108246653250906e-05,-0.00013193289628272357,0.00019517815499317718,0.399,0.601,0.798,0.9758267716535434,False,n.s.
metacognitive,0,Baseline,Control,11,Formality,Pragmatic,-3.841139878137451e-05,-0.00018646351703041582,0.00014428797857129805,0.698,0.302,0.604,0.9758267716535434,False,n.s.
metacognitive,0,Baseline,Control,12,Expertise,Pragmatic,-8.954409357703648e-06,-0.00013087650634762495,0.00015727167038113733,0.595,0.405,0.81,0.9758267716535434,False,n.s.
metacognitive,0,Baseline,Control,13,Helpfulness,Pragmatic,-7.41359728311913e-06,-0.00018426244744560192,0.00017603007511179944,0.547,0.453,0.906,0.9961276595744681,False,n.s.
metacognitive,0,Baseline,Control,14,Biological,Control,-3.367806548151209e-06,-0.00012284643382037046,0.0001567247671252367,0.586,0.414,0.828,0.9796567164179104,False,n.s.
metacognitive,0,Baseline,Control,15,Shapes,Control,4.051838125015435e-05,-9.952782278942593e-05,0.00022247323725132354,0.332,0.668,0.664,0.9758267716535434,False,n.s.
metacognitive,0,Baseline,Control,17,Attention,Mental,-1.4611624485453125e-05,-0.00013509269383857916,0.00014190501570767765,0.611,0.389,0.778,0.9758267716535434,False,n.s.
metacognitive,0,Baseline,Control,18,SysPrompt (labeled),SysPrompt,4.5686836758862594e-05,-6.915073896596404e-05,0.00020964276953791468,0.285,0.715,0.57,0.9758267716535434,False,n.s.
metacognitive,1,Phenomenology,Mental,2,Emotions,Mental,2.3080030735958296e-05,-3.0635717511557385e-05,9.239929390307369e-05,0.235,0.765,0.47,0.9758267716535434,False,n.s.
metacognitive,1,Phenomenology,Mental,3,Agency,Mental,-1.077204457593185e-06,-6.975006622316881e-05,6.621141656625623e-05,0.522,0.478,0.956,0.9979999999999999,False,n.s.
metacognitive,1,Phenomenology,Mental,4,Intentions,Mental,-6.490269333556157e-05,-0.00014680681415385865,1.7992962589260033e-05,0.939,0.061,0.122,0.918,False,n.s.
metacognitive,1,Phenomenology,Mental,5,Prediction,Mental,-4.0630029195425e-05,-0.00010949303145010942,3.694150727976106e-05,0.863,0.137,0.274,0.9330491803278688,False,n.s.
metacognitive,1,Phenomenology,Mental,6,Cognitive,Mental,-5.165759882437209e-05,-0.00013591621581248713,2.935281425662561e-05,0.893,0.107,0.214,0.9330491803278688,False,n.s.
metacognitive,1,Phenomenology,Mental,7,Social,Mental,-6.425765332910823e-05,-0.0001354867003803232,1.569108398522604e-05,0.939,0.061,0.122,0.918,False,n.s.
metacognitive,1,Phenomenology,Mental,8,Embodiment,Physical,-7.429945643640442e-06,-8.618048759089433e-05,7.267634070057468e-05,0.571,0.429,0.858,0.9796567164179104,False,n.s.
metacognitive,1,Phenomenology,Mental,9,Roles,Physical,-6.79721882762511e-07,-9.025813290509425e-05,8.453025062295528e-05,0.504,0.496,0.992,0.9979999999999999,False,n.s.
metacognitive,1,Phenomenology,Mental,10,Animacy,Physical,-4.214050771401076e-06,-0.00014046887952919734,0.00010872442226965067,0.494,0.506,0.988,0.9979999999999999,False,n.s.
metacognitive,1,Phenomenology,Mental,11,Formality,Pragmatic,-6.473369620602648e-05,-0.00019962597719776914,5.077340127501889e-05,0.859,0.141,0.282,0.9330491803278688,False,n.s.
metacognitive,1,Phenomenology,Mental,12,Expertise,Pragmatic,-3.527670678235563e-05,-0.00010611916524699203,3.695598302442663e-05,0.84,0.16,0.32,0.9330491803278688,False,n.s.
metacognitive,1,Phenomenology,Mental,13,Helpfulness,Pragmatic,-3.3735894707771115e-05,-0.0001614183288371574,7.346455769336363e-05,0.704,0.296,0.592,0.9758267716535434,False,n.s.
metacognitive,1,Phenomenology,Mental,14,Biological,Control,-2.969010397280319e-05,-9.247778628622309e-05,4.050559714569322e-05,0.832,0.168,0.336,0.9330491803278688,False,n.s.
metacognitive,1,Phenomenology,Mental,15,Shapes,Control,1.4196083825502372e-05,-8.982414701316115e-05,0.00011342773446344458,0.404,0.596,0.808,0.9758267716535434,False,n.s.
metacognitive,1,Phenomenology,Mental,17,Attention,Mental,-4.093392191010511e-05,-0.00010006101083143543,2.1467101011308743e-05,0.898,0.102,0.204,0.9330491803278688,False,n.s.
metacognitive,1,Phenomenology,Mental,18,SysPrompt (labeled),SysPrompt,1.936453933421061e-05,-4.4184678171301555e-05,9.41601288052262e-05,0.304,0.696,0.608,0.9758267716535434,False,n.s.
metacognitive,2,Emotions,Mental,3,Agency,Mental,-2.415723519355148e-05,-8.240375381957676e-05,2.6868048382773236e-05,0.814,0.186,0.372,0.9330491803278688,False,n.s.
metacognitive,2,Emotions,Mental,4,Intentions,Mental,-8.798272407151986e-05,-0.00015973477566276603,-2.0093361487361538e-05,0.998,0.002,0.004,0.306,False,n.s.
metacognitive,2,Emotions,Mental,5,Prediction,Mental,-6.371005993138327e-05,-0.00012305402943423697,-9.627972533492402e-06,0.989,0.011,0.022,0.4808571428571428,False,n.s.
metacognitive,2,Emotions,Mental,6,Cognitive,Mental,-7.47376295603304e-05,-0.0001576230768279166,-9.051103001234852e-06,0.989,0.011,0.022,0.4808571428571428,False,n.s.
metacognitive,2,Emotions,Mental,7,Social,Mental,-8.733768406506651e-05,-0.00014654514041814005,-3.141872226642113e-05,1.0,0.0,0.0,0.0,True,***
metacognitive,2,Emotions,Mental,8,Embodiment,Physical,-3.0509976379598732e-05,-9.883256729662251e-05,2.5460007099407088e-05,0.847,0.153,0.306,0.9330491803278688,False,n.s.
metacognitive,2,Emotions,Mental,9,Roles,Physical,-2.3759752618720804e-05,-0.00010067244746209781,3.694638805953507e-05,0.744,0.256,0.512,0.9758267716535434,False,n.s.
metacognitive,2,Emotions,Mental,10,Animacy,Physical,-2.729408150735937e-05,-0.00014081977175914084,5.277243090450755e-05,0.696,0.304,0.608,0.9758267716535434,False,n.s.
metacognitive,2,Emotions,Mental,11,Formality,Pragmatic,-8.781372694198478e-05,-0.0002092609281789934,6.17111142384003e-06,0.965,0.035,0.07,0.7868571428571428,False,n.s.
metacognitive,2,Emotions,Mental,12,Expertise,Pragmatic,-5.8356737518313925e-05,-0.00011720612427209563,-3.487441430610684e-06,0.981,0.019,0.038,0.646,False,n.s.
metacognitive,2,Emotions,Mental,13,Helpfulness,Pragmatic,-5.6815925443729405e-05,-0.00018884463212235288,3.714890514818748e-05,0.848,0.152,0.304,0.9330491803278688,False,n.s.
metacognitive,2,Emotions,Mental,14,Biological,Control,-5.277013470876149e-05,-0.00010930118798834055,5.043370822958952e-06,0.967,0.033,0.066,0.7868571428571428,False,n.s.
metacognitive,2,Emotions,Mental,15,Shapes,Control,-8.883946910455922e-06,-0.00010276412377318486,7.059613226162529e-05,0.548,0.452,0.904,0.9961276595744681,False,n.s.
metacognitive,2,Emotions,Mental,17,Attention,Mental,-6.40139526460634e-05,-0.00011536119778133459,-1.533173787651402e-05,0.995,0.005,0.01,0.4808571428571428,False,n.s.
metacognitive,2,Emotions,Mental,18,SysPrompt (labeled),SysPrompt,-3.715491401747684e-06,-5.15504555227865e-05,4.2234078539601156e-05,0.58,0.42,0.84,0.9796567164179104,False,n.s.
metacognitive,3,Agency,Mental,4,Intentions,Mental,-6.382548887796837e-05,-0.00015159692701674854,2.1196633852271524e-05,0.931,0.069,0.138,0.918,False,n.s.
metacognitive,3,Agency,Mental,5,Prediction,Mental,-3.9552824737831804e-05,-0.00011531516233296822,2.9975183985370315e-05,0.86,0.14,0.28,0.9330491803278688,False,n.s.
metacognitive,3,Agency,Mental,6,Cognitive,Mental,-5.05803943667789e-05,-0.00013799006442786053,3.417650904285621e-05,0.885,0.115,0.23,0.9330491803278688,False,n.s.
metacognitive,3,Agency,Mental,7,Social,Mental,-6.318044887151505e-05,-0.00013367444468455157,7.394129419386942e-06,0.96,0.04,0.08,0.8160000000000001,False,n.s.
metacognitive,3,Agency,Mental,8,Embodiment,Physical,-6.352741186047256e-06,-8.233083715105993e-05,6.955675313959342e-05,0.574,0.426,0.852,0.9796567164179104,False,n.s.
metacognitive,3,Agency,Mental,9,Roles,Physical,3.9748257483067367e-07,-8.21448686714462e-05,7.466613469500742e-05,0.47,0.53,0.94,0.9979999999999999,False,n.s.
metacognitive,3,Agency,Mental,10,Animacy,Physical,-3.1368463138078902e-06,-0.00012438929643436125,8.874039836337626e-05,0.474,0.526,0.948,0.9979999999999999,False,n.s.
metacognitive,3,Agency,Mental,11,Formality,Pragmatic,-6.36564917484333e-05,-0.00019969653205946687,3.824912153247899e-05,0.865,0.135,0.27,0.9330491803278688,False,n.s.
metacognitive,3,Agency,Mental,12,Expertise,Pragmatic,-3.419950232476244e-05,-0.00010372703264215323,3.509391719906717e-05,0.842,0.158,0.316,0.9330491803278688,False,n.s.
metacognitive,3,Agency,Mental,13,Helpfulness,Pragmatic,-3.265869025017792e-05,-0.00015664067869833697,6.150022855784233e-05,0.713,0.287,0.574,0.9758267716535434,False,n.s.
metacognitive,3,Agency,Mental,14,Biological,Control,-2.8612899515210005e-05,-9.877294871120574e-05,4.2974752724972704e-05,0.79,0.21,0.42,0.9758267716535434,False,n.s.
metacognitive,3,Agency,Mental,15,Shapes,Control,1.5273288283095557e-05,-9.75496239695242e-05,0.00010511932783432495,0.372,0.628,0.744,0.9758267716535434,False,n.s.
metacognitive,3,Agency,Mental,17,Attention,Mental,-3.985671745251192e-05,-9.423471179254227e-05,2.120008687335793e-05,0.905,0.095,0.19,0.9330491803278688,False,n.s.
metacognitive,3,Agency,Mental,18,SysPrompt (labeled),SysPrompt,2.0441743791803796e-05,-4.291768688084137e-05,8.4812699056245e-05,0.259,0.741,0.518,0.9758267716535434,False,n.s.
metacognitive,4,Intentions,Mental,5,Prediction,Mental,2.4272664140136577e-05,-5.969773090519949e-05,0.00010214801328371688,0.283,0.717,0.566,0.9758267716535434,False,n.s.
metacognitive,4,Intentions,Mental,6,Cognitive,Mental,1.3245094511189473e-05,-8.504698329084329e-05,0.00010410332670975394,0.387,0.613,0.774,0.9758267716535434,False,n.s.
metacognitive,4,Intentions,Mental,7,Social,Mental,6.450400064533404e-07,-7.632461894772988e-05,7.934214195864113e-05,0.499,0.501,0.998,0.9979999999999999,False,n.s.
metacognitive,4,Intentions,Mental,8,Embodiment,Physical,5.747274769192112e-05,-3.867337713315894e-05,0.0001423473246490023,0.1,0.9,0.2,0.9330491803278688,False,n.s.
metacognitive,4,Intentions,Mental,9,Roles,Physical,6.422297145279905e-05,-2.9100224099468484e-05,0.00014842327459244103,0.069,0.931,0.138,0.918,False,n.s.
metacognitive,4,Intentions,Mental,10,Animacy,Physical,6.068864256416049e-05,-8.451201719068644e-05,0.00017108250402162695,0.172,0.828,0.344,0.9330491803278688,False,n.s.
metacognitive,4,Intentions,Mental,11,Formality,Pragmatic,1.6899712953507445e-07,-0.00012331358649681203,0.00011457146769260781,0.473,0.527,0.946,0.9979999999999999,False,n.s.
metacognitive,4,Intentions,Mental,12,Expertise,Pragmatic,2.962598655320593e-05,-4.7582626249283604e-05,0.0001022001089782056,0.225,0.775,0.45,0.9758267716535434,False,n.s.
metacognitive,4,Intentions,Mental,13,Helpfulness,Pragmatic,3.116679862779045e-05,-0.0001152693243760324,0.00014034524377975528,0.29,0.71,0.58,0.9758267716535434,False,n.s.
metacognitive,4,Intentions,Mental,14,Biological,Control,3.5212589362758365e-05,-4.65825729385411e-05,0.00011563563823677978,0.204,0.796,0.408,0.9758267716535434,False,n.s.
metacognitive,4,Intentions,Mental,15,Shapes,Control,7.909877716106393e-05,-3.114637948248052e-05,0.00017871279937643273,0.08,0.92,0.16,0.9330491803278688,False,n.s.
metacognitive,4,Intentions,Mental,17,Attention,Mental,2.3968771425456458e-05,-4.751848877209737e-05,9.620757549298613e-05,0.271,0.729,0.542,0.9758267716535434,False,n.s.
metacognitive,4,Intentions,Mental,18,SysPrompt (labeled),SysPrompt,8.426723266977217e-05,1.0175870725922342e-05,0.00016560572779916638,0.01,0.99,0.02,0.4808571428571428,False,n.s.
metacognitive,5,Prediction,Mental,6,Cognitive,Mental,-1.1027569628947101e-05,-9.009434400839651e-05,6.246791098944687e-05,0.616,0.384,0.768,0.9758267716535434,False,n.s.
metacognitive,5,Prediction,Mental,7,Social,Mental,-2.3627624133683232e-05,-8.95448433283318e-05,4.066360590953872e-05,0.783,0.217,0.434,0.9758267716535434,False,n.s.
metacognitive,5,Prediction,Mental,8,Embodiment,Physical,3.320008355178455e-05,-4.131701290278693e-05,0.00010546263928506025,0.165,0.835,0.33,0.9330491803278688,False,n.s.
metacognitive,5,Prediction,Mental,9,Roles,Physical,3.995030731266248e-05,-3.5292000291613244e-05,0.0001143613131325464,0.153,0.847,0.306,0.9330491803278688,False,n.s.
metacognitive,5,Prediction,Mental,10,Animacy,Physical,3.641597842402391e-05,-9.143137702619089e-05,0.0001408038036008787,0.242,0.758,0.484,0.9758267716535434,False,n.s.
metacognitive,5,Prediction,Mental,11,Formality,Pragmatic,-2.4103667010601502e-05,-0.0001432037234525884,7.60738368317335e-05,0.652,0.348,0.696,0.9758267716535434,False,n.s.
metacognitive,5,Prediction,Mental,12,Expertise,Pragmatic,5.353322413069363e-06,-6.06546796251978e-05,7.480190673874345e-05,0.441,0.559,0.882,0.99225,False,n.s.
metacognitive,5,Prediction,Mental,13,Helpfulness,Pragmatic,6.89413448765388e-06,-0.00012185903408087414,0.00010696641531096247,0.413,0.587,0.826,0.9796567164179104,False,n.s.
metacognitive,5,Prediction,Mental,14,Biological,Control,1.09399252226218e-05,-5.944172930292426e-05,8.407079346158504e-05,0.374,0.626,0.748,0.9758267716535434,False,n.s.
metacognitive,5,Prediction,Mental,15,Shapes,Control,5.482611302092736e-05,-5.132560562172025e-05,0.00016132256504355812,0.154,0.846,0.308,0.9330491803278688,False,n.s.
metacognitive,5,Prediction,Mental,17,Attention,Mental,-3.038927146801159e-07,-6.0988418194781816e-05,6.467855047647755e-05,0.509,0.491,0.982,0.9979999999999999,False,n.s.
metacognitive,5,Prediction,Mental,18,SysPrompt (labeled),SysPrompt,5.99945685296356e-05,-1.8690776736935519e-06,0.00012228720169258058,0.028,0.972,0.056,0.7868571428571428,False,n.s.
metacognitive,6,Cognitive,Mental,7,Social,Mental,-1.2600054504736134e-05,-9.425546111264766e-05,7.005808649936275e-05,0.626,0.374,0.748,0.9758267716535434,False,n.s.
metacognitive,6,Cognitive,Mental,8,Embodiment,Physical,4.422765318073165e-05,-3.635367425800153e-05,0.000123613640937531,0.144,0.856,0.288,0.9330491803278688,False,n.s.
metacognitive,6,Cognitive,Mental,9,Roles,Physical,5.097787694160958e-05,-4.71063541519904e-05,0.00014466192682879067,0.131,0.869,0.262,0.9330491803278688,False,n.s.
metacognitive,6,Cognitive,Mental,10,Animacy,Physical,4.744354805297102e-05,-9.104964172705468e-05,0.00016319978220772472,0.191,0.809,0.382,0.9426774193548387,False,n.s.
metacognitive,6,Cognitive,Mental,11,Formality,Pragmatic,-1.3076097381654401e-05,-0.00015602037899911103,0.00011396298568720843,0.572,0.428,0.856,0.9796567164179104,False,n.s.
metacognitive,6,Cognitive,Mental,12,Expertise,Pragmatic,1.6380892042016462e-05,-5.1179312811336234e-05,8.060699142422522e-05,0.31,0.69,0.62,0.9758267716535434,False,n.s.
metacognitive,6,Cognitive,Mental,13,Helpfulness,Pragmatic,1.792170411660098e-05,-0.00010828994359206938,0.00013538496294287998,0.37,0.63,0.74,0.9758267716535434,False,n.s.
metacognitive,6,Cognitive,Mental,14,Biological,Control,2.19674948515689e-05,-5.526309024968224e-05,9.844695053201222e-05,0.289,0.711,0.578,0.9758267716535434,False,n.s.
metacognitive,6,Cognitive,Mental,15,Shapes,Control,6.585368264987448e-05,-4.4431218920783284e-05,0.00017893245614744466,0.114,0.886,0.228,0.9330491803278688,False,n.s.
metacognitive,6,Cognitive,Mental,17,Attention,Mental,1.0723676914266983e-05,-5.3730610823358415e-05,8.575173551663443e-05,0.402,0.598,0.804,0.9758267716535434,False,n.s.
metacognitive,6,Cognitive,Mental,18,SysPrompt (labeled),SysPrompt,7.10221381585827e-05,-6.975727632468717e-06,0.00015500038465582217,0.036,0.964,0.072,0.7868571428571428,False,n.s.
metacognitive,7,Social,Mental,8,Embodiment,Physical,5.6827707685467786e-05,-2.294445117012382e-05,0.00013443610100471686,0.066,0.934,0.132,0.918,False,n.s.
metacognitive,7,Social,Mental,9,Roles,Physical,6.357793144634572e-05,-2.3444780594124947e-05,0.00014002647965385528,0.062,0.938,0.124,0.918,False,n.s.
metacognitive,7,Social,Mental,10,Animacy,Physical,6.004360255770715e-05,-6.708731248419202e-05,0.00014549354247574663,0.129,0.871,0.258,0.9330491803278688,False,n.s.
metacognitive,7,Social,Mental,11,Formality,Pragmatic,-4.7604287691826616e-07,-0.0001307174731303119,0.00010880193456718874,0.492,0.508,0.984,0.9979999999999999,False,n.s.
metacognitive,7,Social,Mental,12,Expertise,Pragmatic,2.8980946546752596e-05,-4.131405892112924e-05,9.639267367219966e-05,0.216,0.784,0.432,0.9758267716535434,False,n.s.
metacognitive,7,Social,Mental,13,Helpfulness,Pragmatic,3.052175862133711e-05,-0.00010184391280457591,0.00013519983658579992,0.285,0.715,0.57,0.9758267716535434,False,n.s.
metacognitive,7,Social,Mental,14,Biological,Control,3.456754935630504e-05,-3.625708054247586e-05,0.0001114841746287753,0.176,0.824,0.352,0.9330491803278688,False,n.s.
metacognitive,7,Social,Mental,15,Shapes,Control,7.84537371546106e-05,-2.9994208451365738e-05,0.00017896803922833743,0.078,0.922,0.156,0.9330491803278688,False,n.s.
metacognitive,7,Social,Mental,17,Attention,Mental,2.3323731419003116e-05,-4.2018126604050936e-05,8.79215156060849e-05,0.231,0.769,0.462,0.9758267716535434,False,n.s.
metacognitive,7,Social,Mental,18,SysPrompt (labeled),SysPrompt,8.362219266331883e-05,1.9799780293979805e-05,0.00015173524693083552,0.007,0.993,0.014,0.4808571428571428,False,n.s.
metacognitive,8,Embodiment,Physical,9,Roles,Physical,6.75022376087793e-06,-7.000189548077168e-05,8.788424920228298e-05,0.434,0.566,0.868,0.9837333333333333,False,n.s.
metacognitive,8,Embodiment,Physical,10,Animacy,Physical,3.2158948722393656e-06,-0.00012644857281310105,9.490980133948894e-05,0.418,0.582,0.836,0.9796567164179104,False,n.s.
metacognitive,8,Embodiment,Physical,11,Formality,Pragmatic,-5.7303750562386057e-05,-0.00018734680468259634,4.7451530642051164e-05,0.863,0.137,0.274,0.9330491803278688,False,n.s.
metacognitive,8,Embodiment,Physical,12,Expertise,Pragmatic,-2.7846761138715187e-05,-9.287082173656325e-05,4.127752769949877e-05,0.814,0.186,0.372,0.9330491803278688,False,n.s.
metacognitive,8,Embodiment,Physical,13,Helpfulness,Pragmatic,-2.6305949064130673e-05,-0.0001571424785681534,7.543768203424785e-05,0.654,0.346,0.692,0.9758267716535434,False,n.s.
metacognitive,8,Embodiment,Physical,14,Biological,Control,-2.226015832916275e-05,-9.767916798075326e-05,5.912725518616883e-05,0.735,0.265,0.53,0.9758267716535434,False,n.s.
metacognitive,8,Embodiment,Physical,15,Shapes,Control,2.1626029469142813e-05,-8.120805950975098e-05,0.00011378497546704693,0.332,0.668,0.664,0.9758267716535434,False,n.s.
metacognitive,8,Embodiment,Physical,17,Attention,Mental,-3.3503976266464663e-05,-9.751115899798087e-05,4.4336079443126486e-05,0.832,0.168,0.336,0.9330491803278688,False,n.s.
metacognitive,8,Embodiment,Physical,18,SysPrompt (labeled),SysPrompt,2.6794484977851055e-05,-3.5791793147674515e-05,0.00010306265638596655,0.217,0.783,0.434,0.9758267716535434,False,n.s.
metacognitive,9,Roles,Physical,10,Animacy,Physical,-3.5343288886385637e-06,-0.00012779634107673758,0.0001011544858129194,0.51,0.49,0.98,0.9979999999999999,False,n.s.
metacognitive,9,Roles,Physical,11,Formality,Pragmatic,-6.405397432326399e-05,-0.0001892763059038647,4.185667239208456e-05,0.865,0.135,0.27,0.9330491803278688,False,n.s.
metacognitive,9,Roles,Physical,12,Expertise,Pragmatic,-3.459698489959312e-05,-0.00010823689826754436,5.2558562417479044e-05,0.822,0.178,0.356,0.9330491803278688,False,n.s.
metacognitive,9,Roles,Physical,13,Helpfulness,Pragmatic,-3.30561728250086e-05,-0.00017188982605482743,8.847779236193877e-05,0.689,0.311,0.622,0.9758267716535434,False,n.s.
metacognitive,9,Roles,Physical,14,Biological,Control,-2.901038209004068e-05,-0.0001057698404623525,6.054170808647216e-05,0.762,0.238,0.476,0.9758267716535434,False,n.s.
metacognitive,9,Roles,Physical,15,Shapes,Control,1.4875805708264882e-05,-9.074922549891935e-05,0.00011493010811047955,0.386,0.614,0.772,0.9758267716535434,False,n.s.
metacognitive,9,Roles,Physical,17,Attention,Mental,-4.0254200027342594e-05,-0.00011323400739027242,3.891943642489491e-05,0.86,0.14,0.28,0.9330491803278688,False,n.s.
metacognitive,9,Roles,Physical,18,SysPrompt (labeled),SysPrompt,2.004426121697312e-05,-5.2593935295433735e-05,0.00010271952161618922,0.308,0.692,0.616,0.9758267716535434,False,n.s.
metacognitive,10,Animacy,Physical,11,Formality,Pragmatic,-6.051964543462542e-05,-0.0002021004534332395,9.140282225576408e-05,0.815,0.185,0.37,0.9330491803278688,False,n.s.
metacognitive,10,Animacy,Physical,12,Expertise,Pragmatic,-3.106265601095455e-05,-0.00012228098758101854,9.683949247328324e-05,0.756,0.244,0.488,0.9758267716535434,False,n.s.
metacognitive,10,Animacy,Physical,13,Helpfulness,Pragmatic,-2.9521843936370037e-05,-0.0001813934478840057,0.00012272252161158438,0.655,0.345,0.69,0.9758267716535434,False,n.s.
metacognitive,10,Animacy,Physical,14,Biological,Control,-2.5476053201402117e-05,-0.00012213358856740222,0.00010843871950318672,0.694,0.306,0.612,0.9758267716535434,False,n.s.
metacognitive,10,Animacy,Physical,15,Shapes,Control,1.841013459690345e-05,-0.00010295571944679572,0.0001482267013046832,0.4,0.6,0.8,0.9758267716535434,False,n.s.
metacognitive,10,Animacy,Physical,17,Attention,Mental,-3.671987113870404e-05,-0.00013607978421539032,9.46473600635888e-05,0.765,0.235,0.47,0.9758267716535434,False,n.s.
metacognitive,10,Animacy,Physical,18,SysPrompt (labeled),SysPrompt,2.3578590105611687e-05,-6.116076310803911e-05,0.00015224778143212774,0.355,0.645,0.71,0.9758267716535434,False,n.s.
metacognitive,11,Formality,Pragmatic,12,Expertise,Pragmatic,2.945698942367086e-05,-6.57044589453805e-05,0.0001595034807504568,0.327,0.673,0.654,0.9758267716535434,False,n.s.
metacognitive,11,Formality,Pragmatic,13,Helpfulness,Pragmatic,3.099780149825538e-05,-0.00012095863560107973,0.0001823570052403937,0.324,0.676,0.648,0.9758267716535434,False,n.s.
metacognitive,11,Formality,Pragmatic,14,Biological,Control,3.50435922332233e-05,-7.138400824399433e-05,0.00016179888715509437,0.299,0.701,0.598,0.9758267716535434,False,n.s.
metacognitive,11,Formality,Pragmatic,15,Shapes,Control,7.892978003152887e-05,-4.886006124121091e-05,0.00022032624494218873,0.11,0.89,0.22,0.9330491803278688,False,n.s.
metacognitive,11,Formality,Pragmatic,17,Attention,Mental,2.3799774295921383e-05,-8.67779369641108e-05,0.00015494049925737918,0.367,0.633,0.734,0.9758267716535434,False,n.s.
metacognitive,11,Formality,Pragmatic,18,SysPrompt (labeled),SysPrompt,8.40982355402371e-05,-1.152220980492158e-05,0.00021196728163562755,0.044,0.956,0.088,0.8414999999999999,False,n.s.
metacognitive,12,Expertise,Pragmatic,13,Helpfulness,Pragmatic,1.5408120745845164e-06,-0.00012407610424383495,9.820699956758819e-05,0.456,0.544,0.912,0.9961276595744681,False,n.s.
metacognitive,12,Expertise,Pragmatic,14,Biological,Control,5.586602809552437e-06,-6.162232716167388e-05,7.047735620101618e-05,0.459,0.541,0.918,0.9961276595744681,False,n.s.
metacognitive,12,Expertise,Pragmatic,15,Shapes,Control,4.9472790607858e-05,-4.1045767320589206e-05,0.00013357839952216898,0.124,0.876,0.248,0.9330491803278688,False,n.s.
metacognitive,12,Expertise,Pragmatic,17,Attention,Mental,-5.657215127749479e-06,-6.133075785550815e-05,5.8194953176232725e-05,0.596,0.404,0.808,0.9758267716535434,False,n.s.
metacognitive,12,Expertise,Pragmatic,18,SysPrompt (labeled),SysPrompt,5.464124611656624e-05,-3.6216459251982364e-06,0.00011799138545632943,0.033,0.967,0.066,0.7868571428571428,False,n.s.
metacognitive,13,Helpfulness,Pragmatic,14,Biological,Control,4.0457907349679206e-06,-9.508495847565427e-05,0.00014290363881876533,0.503,0.497,0.994,0.9979999999999999,False,n.s.
metacognitive,13,Helpfulness,Pragmatic,15,Shapes,Control,4.7931978533273486e-05,-9.056194947591407e-05,0.00019455389593389555,0.254,0.746,0.508,0.9758267716535434,False,n.s.
metacognitive,13,Helpfulness,Pragmatic,17,Attention,Mental,-7.198027202333994e-06,-9.680484396152765e-05,0.0001193479693570807,0.599,0.401,0.802,0.9758267716535434,False,n.s.
metacognitive,13,Helpfulness,Pragmatic,18,SysPrompt (labeled),SysPrompt,5.310043404198173e-05,-3.669927450503747e-05,0.0001819955095933233,0.153,0.847,0.306,0.9330491803278688,False,n.s.
metacognitive,14,Biological,Control,15,Shapes,Control,4.3886187798305565e-05,-5.861445585451801e-05,0.00014165335675953624,0.186,0.814,0.372,0.9330491803278688,False,n.s.
metacognitive,14,Biological,Control,17,Attention,Mental,-1.1243817937301916e-05,-7.945818047782403e-05,5.582499178609028e-05,0.624,0.376,0.752,0.9758267716535434,False,n.s.
metacognitive,14,Biological,Control,18,SysPrompt (labeled),SysPrompt,4.905464330701381e-05,-1.4825906101404173e-05,0.00011094359787933916,0.06,0.94,0.12,0.918,False,n.s.
metacognitive,15,Shapes,Control,17,Attention,Mental,-5.5130005735607473e-05,-0.00014884889404168805,4.281205885912699e-05,0.878,0.122,0.244,0.9330491803278688,False,n.s.
metacognitive,15,Shapes,Control,18,SysPrompt (labeled),SysPrompt,5.1684555087082395e-06,-7.472256595696107e-05,9.945917555536266e-05,0.483,0.517,0.966,0.9979999999999999,False,n.s.
metacognitive,17,Attention,Mental,18,SysPrompt (labeled),SysPrompt,6.029846124431572e-05,5.441815579522953e-06,0.00011914391038385223,0.013,0.987,0.026,0.49724999999999997,False,n.s.
operational,0,Baseline,Control,1,Phenomenology,Mental,-1.8419804904910594e-05,-0.0005698801971688056,0.0006964915980593119,0.553,0.447,0.894,0.949875,False,n.s.
operational,0,Baseline,Control,2,Emotions,Mental,0.00011153207429361755,-0.00028547652702944944,0.0008558942170467644,0.425,0.575,0.85,0.9356115107913667,False,n.s.
operational,0,Baseline,Control,3,Agency,Mental,-0.00028087927220022145,-0.001008112061785445,0.0004525762330577369,0.822,0.178,0.356,0.7022307692307692,False,n.s.
operational,0,Baseline,Control,4,Intentions,Mental,-0.0005288489791411282,-0.001152932581407656,0.00016010678169915728,0.945,0.055,0.11,0.4315384615384616,False,n.s.
operational,0,Baseline,Control,5,Prediction,Mental,-6.018894255331443e-05,-0.0006393685331565493,0.0007020901270777071,0.626,0.374,0.748,0.9301428571428572,False,n.s.
operational,0,Baseline,Control,6,Cognitive,Mental,-0.000728832127395934,-0.0013381084108994206,-2.3604213396563735e-05,0.977,0.023,0.046,0.2346,False,n.s.
operational,0,Baseline,Control,7,Social,Mental,3.0323924240819394e-05,-0.00046249434767565886,0.0007402789583940934,0.521,0.479,0.958,0.9771599999999999,False,n.s.
operational,0,Baseline,Control,8,Embodiment,Physical,-0.00018001127196869902,-0.0007823237739709121,0.0004908864650484457,0.72,0.28,0.56,0.8556666666666666,False,n.s.
operational,0,Baseline,Control,9,Roles,Physical,5.8300221992477366e-05,-0.00038553868176495476,0.0008017739078907208,0.491,0.509,0.982,0.984,False,n.s.
operational,0,Baseline,Control,10,Animacy,Physical,0.00021642748296009295,-0.00020802439821351908,0.0009831771120683373,0.226,0.774,0.452,0.7770337078651686,False,n.s.
operational,0,Baseline,Control,11,Formality,Pragmatic,-6.576322374969062e-05,-0.0007536946604925554,0.000721211234351132,0.596,0.404,0.808,0.9356115107913667,False,n.s.
operational,0,Baseline,Control,12,Expertise,Pragmatic,-0.0004756313655776752,-0.0009812239819708623,0.0001897837271379345,0.929,0.071,0.142,0.5007272727272727,False,n.s.
operational,0,Baseline,Control,13,Helpfulness,Pragmatic,-0.00018765674228089115,-0.0009965026331195943,0.0007421017145953861,0.698,0.302,0.604,0.8556666666666666,False,n.s.
operational,0,Baseline,Control,14,Biological,Control,1.6998963395959883e-05,-0.00044911069196600236,0.0007219342014447629,0.526,0.474,0.948,0.9734496644295301,False,n.s.
operational,0,Baseline,Control,15,Shapes,Control,7.425457570750953e-05,-0.000708747703021572,0.0008795033189021924,0.406,0.594,0.812,0.9356115107913667,False,n.s.
operational,0,Baseline,Control,17,Attention,Mental,-0.0001883841800542218,-0.0007248298956367329,0.0005425750695496709,0.769,0.231,0.462,0.7854000000000001,False,n.s.
operational,0,Baseline,Control,18,SysPrompt (labeled),SysPrompt,0.0001790367438851047,-0.00020773400479369,0.0008982546616302382,0.302,0.698,0.604,0.8556666666666666,False,n.s.
operational,1,Phenomenology,Mental,2,Emotions,Mental,0.00012995187919852814,-0.00017542430987115795,0.0005566048574782163,0.291,0.709,0.582,0.8556666666666666,False,n.s.
operational,1,Phenomenology,Mental,3,Agency,Mental,-0.00026245946729531083,-0.00085119665091755,0.00026447232826620434,0.83,0.17,0.34,0.6936,False,n.s.
operational,1,Phenomenology,Mental,4,Intentions,Mental,-0.0005104291742362174,-0.0010237557135152676,-2.3757483356824624e-05,0.979,0.021,0.042,0.2346,False,n.s.
operational,1,Phenomenology,Mental,5,Prediction,Mental,-4.1769137648403844e-05,-0.0005789838501558401,0.00041027494250239234,0.6,0.4,0.8,0.9356115107913667,False,n.s.
operational,1,Phenomenology,Mental,6,Cognitive,Mental,-0.0007104123224910235,-0.0011793321720155849,-0.00022858836572595752,0.997,0.003,0.006,0.08345454545454546,False,n.s.
operational,1,Phenomenology,Mental,7,Social,Mental,4.8743729145729984e-05,-0.0003214109373091864,0.0004563290405392327,0.424,0.576,0.848,0.9356115107913667,False,n.s.
operational,1,Phenomenology,Mental,8,Embodiment,Physical,-0.0001615914670637884,-0.0006537344329510696,0.00027286771429586756,0.739,0.261,0.522,0.835125,False,n.s.
operational,1,Phenomenology,Mental,9,Roles,Physical,7.672002689738795e-05,-0.0003060231497887709,0.0005623956621954228,0.408,0.592,0.816,0.9356115107913667,False,n.s.
operational,1,Phenomenology,Mental,10,Animacy,Physical,0.00023484728786500359,-0.0001795361654479883,0.0006860022984195398,0.17,0.83,0.34,0.6936,False,n.s.
operational,1,Phenomenology,Mental,11,Formality,Pragmatic,-4.734341884478004e-05,-0.0006652693173028314,0.0005224345385537746,0.549,0.451,0.902,0.9517655172413794,False,n.s.
operational,1,Phenomenology,Mental,12,Expertise,Pragmatic,-0.00045721156067276463,-0.0008881625599052659,-8.42311695794772e-06,0.977,0.023,0.046,0.2346,False,n.s.
operational,1,Phenomenology,Mental,13,Helpfulness,Pragmatic,-0.00016923693737598056,-0.0009697950565182202,0.00045477053591989826,0.66,0.34,0.68,0.9046956521739131,False,n.s.
operational,1,Phenomenology,Mental,14,Biological,Control,3.541876830087047e-05,-0.00029767269025647244,0.0004061765345797527,0.455,0.545,0.91,0.9536301369863015,False,n.s.
operational,1,Phenomenology,Mental,15,Shapes,Control,9.267438061242015e-05,-0.0006854546518651584,0.0006543236433358778,0.329,0.671,0.658,0.9018947368421053,False,n.s.
operational,1,Phenomenology,Mental,17,Attention,Mental,-0.00016996437514931123,-0.000585212075496021,0.0002430634651491573,0.791,0.209,0.418,0.7436511627906977,False,n.s.
operational,1,Phenomenology,Mental,18,SysPrompt (labeled),SysPrompt,0.0001974565487900153,-0.00011674325242313478,0.0006177798440915838,0.156,0.844,0.312,0.6916438356164384,False,n.s.
operational,2,Emotions,Mental,3,Agency,Mental,-0.00039241134649383895,-0.0009576597812578781,-1.0486288869844924e-05,0.978,0.022,0.044,0.2346,False,n.s.
operational,2,Emotions,Mental,4,Intentions,Mental,-0.0006403810534347458,-0.0011340585528296324,-0.00018968199645259202,1.0,0.0,0.0,0.0,True,***
operational,2,Emotions,Mental,5,Prediction,Mental,-0.00017172101684693198,-0.0007199008085527629,0.00012012021291555478,0.803,0.197,0.394,0.7262891566265061,False,n.s.
operational,2,Emotions,Mental,6,Cognitive,Mental,-0.0008403642016895516,-0.0013575893334205047,-0.0002566215136582948,0.999,0.001,0.002,0.0306,True,*
operational,2,Emotions,Mental,7,Social,Mental,-8.120815005279816e-05,-0.0004738105786118286,0.0001301702228084662,0.701,0.299,0.598,0.8556666666666666,False,n.s.
operational,2,Emotions,Mental,8,Embodiment,Physical,-0.0002915433462623165,-0.0008590449263729798,0.00011393991270809035,0.887,0.113,0.226,0.5964406779661018,False,n.s.
operational,2,Emotions,Mental,9,Roles,Physical,-5.323185230114019e-05,-0.0003482107821015666,0.00014049089563046465,0.637,0.363,0.726,0.918,False,n.s.
operational,2,Emotions,Mental,10,Animacy,Physical,0.00010489540866647539,-0.00013418863079948037,0.00027604254865087305,0.163,0.837,0.326,0.6916438356164384,False,n.s.
operational,2,Emotions,Mental,11,Formality,Pragmatic,-0.0001772952980433082,-0.0007422633262060134,0.0002471507840836542,0.727,0.273,0.546,0.8524285714285715,False,n.s.
operational,2,Emotions,Mental,12,Expertise,Pragmatic,-0.0005871634398712928,-0.000966438390753149,-0.00014914987456414572,0.994,0.006,0.012,0.14123076923076924,False,n.s.
operational,2,Emotions,Mental,13,Helpfulness,Pragmatic,-0.0002991888165745087,-0.001026001929102012,0.00016538087436056544,0.836,0.164,0.328,0.6916438356164384,False,n.s.
operational,2,Emotions,Mental,14,Biological,Control,-9.453311089765767e-05,-0.000415086161589997,0.00012079169517802681,0.717,0.283,0.566,0.8556666666666666,False,n.s.
operational,2,Emotions,Mental,15,Shapes,Control,-3.727749858610801e-05,-0.0007381697840487086,0.00032121622146053853,0.445,0.555,0.89,0.949875,False,n.s.
operational,2,Emotions,Mental,17,Attention,Mental,-0.0002999162543478394,-0.0007044461018947086,3.517042229226942e-05,0.958,0.042,0.084,0.378,False,n.s.
operational,2,Emotions,Mental,18,SysPrompt (labeled),SysPrompt,6.750466959148714e-05,-0.00012707255252839217,0.0002709283748513241,0.251,0.749,0.502,0.8170851063829787,False,n.s.
operational,3,Agency,Mental,4,Intentions,Mental,-0.0002479697069409067,-0.0007771719148186362,0.00035938550581309225,0.826,0.174,0.348,0.7005789473684211,False,n.s.
operational,3,Agency,Mental,5,Prediction,Mental,0.00022069032964690697,-0.00036513698477884637,0.0008102935739341592,0.2,0.8,0.4,0.7285714285714286,False,n.s.
operational,3,Agency,Mental,6,Cognitive,Mental,-0.0004479528551957126,-0.0009672128295963002,9.495902693377312e-05,0.945,0.055,0.11,0.4315384615384616,False,n.s.
operational,3,Agency,Mental,7,Social,Mental,0.0003112031964410408,-7.818443691676984e-05,0.0008237155928971081,0.066,0.934,0.132,0.5007272727272727,False,n.s.
operational,3,Agency,Mental,8,Embodiment,Physical,0.00010086800023152241,-0.00042954306519760437,0.0006394659304983242,0.333,0.667,0.666,0.9018947368421053,False,n.s.
operational,3,Agency,Mental,9,Roles,Physical,0.00033917949419269875,-0.00011485994341722704,0.0009753098791656522,0.086,0.914,0.172,0.5599148936170213,False,n.s.
operational,3,Agency,Mental,10,Animacy,Physical,0.0004973067551603144,2.168646691776802e-05,0.0011166845439900595,0.021,0.979,0.042,0.2346,False,n.s.
operational,3,Agency,Mental,11,Formality,Pragmatic,0.00021511604845053078,-0.0005469625326200283,0.0009272637991242892,0.298,0.702,0.596,0.8556666666666666,False,n.s.
operational,3,Agency,Mental,12,Expertise,Pragmatic,-0.0001947520933774538,-0.0006640957415357802,0.0003337581097998022,0.781,0.219,0.438,0.7615227272727272,False,n.s.
operational,3,Agency,Mental,13,Helpfulness,Pragmatic,9.322252991933028e-05,-0.0008054909851393741,0.0008820366059387205,0.392,0.608,0.784,0.9356115107913667,False,n.s.
operational,3,Agency,Mental,14,Biological,Control,0.0002978782355961813,-0.00015296204260921762,0.0008311002876413027,0.109,0.891,0.218,0.5956071428571429,False,n.s.
operational,3,Agency,Mental,15,Shapes,Control,0.00035513384790773094,-0.00034261850052255216,0.0009471125673910028,0.128,0.872,0.256,0.612,False,n.s.
operational,3,Agency,Mental,17,Attention,Mental,9.249509214599959e-05,-0.0003942396502220647,0.0006586246720316759,0.378,0.622,0.756,0.9301428571428572,False,n.s.
operational,3,Agency,Mental,18,SysPrompt (labeled),SysPrompt,0.00045991601608532615,5.190655516924926e-05,0.001012365459007236,0.012,0.988,0.024,0.19326315789473686,False,n.s.
operational,4,Intentions,Mental,5,Prediction,Mental,0.0004686600365878137,-0.0001682143256430733,0.0010761750214991555,0.071,0.929,0.142,0.5007272727272727,False,n.s.
operational,4,Intentions,Mental,6,Cognitive,Mental,-0.0001999831482548059,-0.0007313906569650905,0.0003675922568983389,0.763,0.237,0.474,0.788282608695652,False,n.s.
operational,4,Intentions,Mental,7,Social,Mental,0.0005591729033819475,1.862103671024985e-05,0.0010835988296148816,0.022,0.978,0.044,0.2346,False,n.s.
operational,4,Intentions,Mental,8,Embodiment,Physical,0.00034883770717242913,-0.00020502861691117173,0.0008646518776364949,0.094,0.906,0.188,0.564,False,n.s.
operational,4,Intentions,Mental,9,Roles,Physical,0.0005871492011336055,7.058611203846801e-05,0.0011296181691736987,0.011,0.989,0.022,0.18699999999999997,False,n.s.
operational,4,Intentions,Mental,10,Animacy,Physical,0.0007452764621012211,0.00021656226006929103,0.0012787957273031993,0.001,0.999,0.002,0.0306,True,*
operational,4,Intentions,Mental,11,Formality,Pragmatic,0.00046308575539143746,-0.0002175749025745438,0.0011106586240854808,0.106,0.894,0.212,0.5897454545454546,False,n.s.
operational,4,Intentions,Mental,12,Expertise,Pragmatic,5.321761356345291e-05,-0.00044932074617969476,0.0005670446561487075,0.413,0.587,0.826,0.9356115107913667,False,n.s.
operational,4,Intentions,Mental,13,Helpfulness,Pragmatic,0.00034119223686023697,-0.00048422983364995313,0.0010536105026070532,0.212,0.788,0.424,0.7456551724137931,False,n.s.
operational,4,Intentions,Mental,14,Biological,Control,0.000545847942537088,6.960569596296725e-05,0.00104885434394771,0.011,0.989,0.022,0.18699999999999997,False,n.s.
operational,4,Intentions,Mental,15,Shapes,Control,0.0006031035548486378,-0.00018741314036891917,0.0011871298132311136,0.047,0.953,0.094,0.41091428571428573,False,n.s.
operational,4,Intentions,Mental,17,Attention,Mental,0.0003404647990869063,-0.0001880745255750732,0.0008757143176667268,0.092,0.908,0.184,0.564,False,n.s.
operational,4,Intentions,Mental,18,SysPrompt (labeled),SysPrompt,0.0007078857230262329,0.00026928812310689085,0.0012019807673093168,0.0,1.0,0.0,0.0,True,***
operational,5,Prediction,Mental,6,Cognitive,Mental,-0.0006686431848426195,-0.0012135180249499876,-5.336208828694753e-05,0.982,0.018,0.036,0.2346,False,n.s.
operational,5,Prediction,Mental,7,Social,Mental,9.051286679413384e-05,-0.00024753590352464004,0.0005627413880307585,0.343,0.657,0.686,0.9048103448275863,False,n.s.
operational,5,Prediction,Mental,8,Embodiment,Physical,-0.00011982232941538457,-0.0006200715460770284,0.00036873265120134597,0.707,0.293,0.586,0.8556666666666666,False,n.s.
operational,5,Prediction,Mental,9,Roles,Physical,0.00011848916454579181,-0.00023954497518091978,0.0006575380992266528,0.316,0.684,0.632,0.8790545454545454,False,n.s.
operational,5,Prediction,Mental,10,Animacy,Physical,0.00027661642551340737,-0.00012752180956734796,0.000907550873711032,0.115,0.885,0.23,0.5964406779661018,False,n.s.
operational,5,Prediction,Mental,11,Formality,Pragmatic,-5.574281196376189e-06,-0.0006457134172010129,0.0006786265166463815,0.515,0.485,0.97,0.9828476821192053,False,n.s.
operational,5,Prediction,Mental,12,Expertise,Pragmatic,-0.00041544242302436074,-0.000841209869425246,0.00015404810464121133,0.946,0.054,0.108,0.4315384615384616,False,n.s.
operational,5,Prediction,Mental,13,Helpfulness,Pragmatic,-0.0001274677997275767,-0.000898518417760148,0.0005708980694489489,0.618,0.382,0.764,0.9301428571428572,False,n.s.
operational,5,Prediction,Mental,14,Biological,Control,7.718790594927433e-05,-0.00030784470987743303,0.0006252380613227558,0.37,0.63,0.74,0.9280327868852459,False,n.s.
operational,5,Prediction,Mental,15,Shapes,Control,0.00013444351826082397,-0.0006284570810782925,0.0007451771949104781,0.286,0.714,0.572,0.8556666666666666,False,n.s.
operational,5,Prediction,Mental,17,Attention,Mental,-0.0001281952375009074,-0.0005474937084983087,0.0003129771864314503,0.763,0.237,0.474,0.788282608695652,False,n.s.
operational,5,Prediction,Mental,18,SysPrompt (labeled),SysPrompt,0.00023922568643841913,-7.000203133331734e-05,0.0007711268557342998,0.081,0.919,0.162,0.5388260869565218,False,n.s.
operational,6,Cognitive,Mental,7,Social,Mental,0.0007591560516367534,0.00024176229942115057,0.0012540547007036875,0.001,0.999,0.002,0.0306,True,*
operational,6,Cognitive,Mental,8,Embodiment,Physical,0.000548820855427235,8.372940183785757e-05,0.0009551623397653882,0.015,0.985,0.03,0.21857142857142856,False,n.s.
operational,6,Cognitive,Mental,9,Roles,Physical,0.0007871323493884114,0.00022691878437315621,0.0013388131380434056,0.004,0.996,0.008,0.102,False,n.s.
operational,6,Cognitive,Mental,10,Animacy,Physical,0.000945259610356027,0.0003038106976210337,0.0015141264954306648,0.0,1.0,0.0,0.0,True,***
operational,6,Cognitive,Mental,11,Formality,Pragmatic,0.0006630689036462434,-0.00012503391174685727,0.0014125330761384613,0.049,0.951,0.098,0.4165,False,n.s.
operational,6,Cognitive,Mental,12,Expertise,Pragmatic,0.0002532007618182588,-0.00022453808054506325,0.0007007548163941435,0.155,0.845,0.31,0.6916438356164384,False,n.s.
operational,6,Cognitive,Mental,13,Helpfulness,Pragmatic,0.0005411753851150429,-0.0001709895646362079,0.0011949715788645713,0.076,0.924,0.152,0.5168,False,n.s.
operational,6,Cognitive,Mental,14,Biological,Control,0.0007458310907918939,0.00024909888307823955,0.001184021930570139,0.0,1.0,0.0,0.0,True,***
operational,6,Cognitive,Mental,15,Shapes,Control,0.0008030867031034437,-7.878774712165307e-06,0.001402182468318468,0.027,0.973,0.054,0.2665161290322581,False,n.s.
operational,6,Cognitive,Mental,17,Attention,Mental,0.0005404479473417122,5.6004027641390046e-05,0.0009922164975800375,0.014,0.986,0.028,0.2142,False,n.s.
operational,6,Cognitive,Mental,18,SysPrompt (labeled),SysPrompt,0.0009078688712810388,0.0004064897770777258,0.0013833431708977595,0.0,1.0,0.0,0.0,True,***
operational,7,Social,Mental,8,Embodiment,Physical,-0.0002103351962095184,-0.000735203726051271,0.0001493726806408401,0.838,0.162,0.324,0.6916438356164384,False,n.s.
operational,7,Social,Mental,9,Roles,Physical,2.7976297751657973e-05,-0.00032119392555210425,0.0004092315084299624,0.435,0.565,0.87,0.9440425531914892,False,n.s.
operational,7,Social,Mental,10,Animacy,Physical,0.00018610355871927355,-0.00012967749946420572,0.0006029259641652567,0.128,0.872,0.256,0.612,False,n.s.
operational,7,Social,Mental,11,Formality,Pragmatic,-9.608714799051001e-05,-0.0006871861462472812,0.0004378301588636023,0.602,0.398,0.796,0.9356115107913667,False,n.s.
operational,7,Social,Mental,12,Expertise,Pragmatic,-0.0005059552898184946,-0.0008345606138874147,-0.00013551526873649072,0.991,0.009,0.018,0.1836,False,n.s.
operational,7,Social,Mental,13,Helpfulness,Pragmatic,-0.0002179806665217105,-0.000984360815959812,0.0003615466038506766,0.734,0.266,0.532,0.8391340206185567,False,n.s.
operational,7,Social,Mental,14,Biological,Control,-1.3324960844859516e-05,-0.00033975913196480077,0.00036153447658230167,0.54,0.46,0.92,0.9575510204081634,False,n.s.
operational,7,Social,Mental,15,Shapes,Control,4.393065146669015e-05,-0.0006139346554677235,0.0004689036553844676,0.36,0.64,0.72,0.918,False,n.s.
operational,7,Social,Mental,17,Attention,Mental,-0.00021870810429504124,-0.0006156995702018153,0.00012867518561248992,0.872,0.128,0.256,0.612,False,n.s.
operational,7,Social,Mental,18,SysPrompt (labeled),SysPrompt,0.00014871281964428531,-7.866199782622255e-05,0.0005014138174606704,0.119,0.881,0.238,0.6069,False,n.s.
operational,8,Embodiment,Physical,9,Roles,Physical,0.0002383114939611764,-0.00018433156002187098,0.000851698434467978,0.179,0.821,0.358,0.7022307692307692,False,n.s.
operational,8,Embodiment,Physical,10,Animacy,Physical,0.000396438754928792,-7.916615663966957e-05,0.0010246181809282543,0.068,0.932,0.136,0.5007272727272727,False,n.s.
operational,8,Embodiment,Physical,11,Formality,Pragmatic,0.00011424804821900838,-0.0005863997090386761,0.0009039263310324687,0.383,0.617,0.766,0.9301428571428572,False,n.s.
operational,8,Embodiment,Physical,12,Expertise,Pragmatic,-0.00029562009360897617,-0.0007226752008854661,0.00020991627973285934,0.894,0.106,0.212,0.5897454545454546,False,n.s.
operational,8,Embodiment,Physical,13,Helpfulness,Pragmatic,-7.645470312192125e-06,-0.0008095626282648428,0.0007098004717990186,0.492,0.508,0.984,0.984,False,n.s.
operational,8,Embodiment,Physical,14,Biological,Control,0.0001970102353646589,-0.00019524129542600494,0.0007240633422270331,0.196,0.804,0.392,0.7262891566265061,False,n.s.
operational,8,Embodiment,Physical,15,Shapes,Control,0.0002542658476762085,-0.0004524418733822978,0.0009009616814462725,0.19,0.81,0.38,0.7177777777777777,False,n.s.
operational,8,Embodiment,Physical,17,Attention,Mental,-8.372908085522817e-06,-0.0004121132779740934,0.0005247832676405563,0.536,0.464,0.928,0.9593513513513514,False,n.s.
operational,8,Embodiment,Physical,18,SysPrompt (labeled),SysPrompt,0.0003590480158538037,6.82474732922932e-06,0.0008755436419131733,0.023,0.977,0.046,0.2346,False,n.s.
operational,9,Roles,Physical,10,Animacy,Physical,0.00015812726096761559,-0.0001081175176012489,0.0004908038705583285,0.103,0.897,0.206,0.5897454545454546,False,n.s.
operational,9,Roles,Physical,11,Formality,Pragmatic,-0.000124063445742168,-0.0006970241316297847,0.00037577876122524533,0.639,0.361,0.722,0.918,False,n.s.
operational,9,Roles,Physical,12,Expertise,Pragmatic,-0.0005339315875701527,-0.0009472186901848696,-3.3637089383237645e-05,0.981,0.019,0.038,0.2346,False,n.s.
operational,9,Roles,Physical,13,Helpfulness,Pragmatic,-0.0002459569642733685,-0.0010147759719411253,0.0003148620964951118,0.738,0.262,0.524,0.835125,False,n.s.
operational,9,Roles,Physical,14,Biological,Control,-4.1301258596517494e-05,-0.0003947765488744097,0.00027572643711216207,0.581,0.419,0.838,0.9356115107913667,False,n.s.
operational,9,Roles,Physical,15,Shapes,Control,1.5954353715032182e-05,-0.0007176482865377307,0.0004594160336187295,0.399,0.601,0.798,0.9356115107913667,False,n.s.
operational,9,Roles,Physical,17,Attention,Mental,-0.00024668440204669915,-0.0006832763864206516,0.00014173212982182952,0.876,0.124,0.248,0.612,False,n.s.
operational,9,Roles,Physical,18,SysPrompt (labeled),SysPrompt,0.00012073652189262734,-0.00011054257662167525,0.0004232864680707145,0.184,0.816,0.368,0.7127088607594937,False,n.s.
operational,10,Animacy,Physical,11,Formality,Pragmatic,-0.00028219070670978356,-0.0008625839068511125,0.0001900377309465484,0.845,0.155,0.31,0.6916438356164384,False,n.s.
operational,10,Animacy,Physical,12,Expertise,Pragmatic,-0.0006920588485377681,-0.0010803305109414912,-0.00021067831515419593,1.0,0.0,0.0,0.0,True,***
operational,10,Animacy,Physical,13,Helpfulness,Pragmatic,-0.0004040842252409841,-0.0011313039174100762,9.638214934870853e-05,0.928,0.072,0.144,0.5007272727272727,False,n.s.
operational,10,Animacy,Physical,14,Biological,Control,-0.0001994285195641331,-0.000572529708181128,0.0001529861819147617,0.862,0.138,0.276,0.6496615384615385,False,n.s.
operational,10,Animacy,Physical,15,Shapes,Control,-0.00014217290725258342,-0.0008331304455685312,0.000295604788492045,0.664,0.336,0.672,0.9018947368421053,False,n.s.
operational,10,Animacy,Physical,17,Attention,Mental,-0.0004048116630143148,-0.0008578431949859442,4.0183169810741475e-05,0.958,0.042,0.084,0.378,False,n.s.
operational,10,Animacy,Physical,18,SysPrompt (labeled),SysPrompt,-3.7390739074988255e-05,-0.0002541191025849119,0.00024121849606702697,0.64,0.36,0.72,0.918,False,n.s.
operational,11,Formality,Pragmatic,12,Expertise,Pragmatic,-0.0004098681418279846,-0.0009838218517156648,0.0002261220382252287,0.894,0.106,0.212,0.5897454545454546,False,n.s.
operational,11,Formality,Pragmatic,13,Helpfulness,Pragmatic,-0.0001218935185312005,-0.0009782577184673843,0.0006017089097838142,0.577,0.423,0.846,0.9356115107913667,False,n.s.
operational,11,Formality,Pragmatic,14,Biological,Control,8.27621871456505e-05,-0.0004274366721058283,0.0006672507825303522,0.412,0.588,0.824,0.9356115107913667,False,n.s.
operational,11,Formality,Pragmatic,15,Shapes,Control,0.00014001779945720016,-0.0007237471043567393,0.0008572274239624751,0.309,0.691,0.618,0.8674678899082569,False,n.s.
operational,11,Formality,Pragmatic,17,Attention,Mental,-0.0001226209563045312,-0.0007671546687299254,0.000521576533492868,0.639,0.361,0.722,0.918,False,n.s.
operational,11,Formality,Pragmatic,18,SysPrompt (labeled),SysPrompt,0.0002447999676347953,-0.00020878503804091857,0.0007847620295139895,0.188,0.812,0.376,0.7177777777777777,False,n.s.
operational,12,Expertise,Pragmatic,13,Helpfulness,Pragmatic,0.00028797462329678406,-0.00039254246157720924,0.0008450967697379722,0.209,0.791,0.418,0.7436511627906977,False,n.s.
operational,12,Expertise,Pragmatic,14,Biological,Control,0.0004926303289736351,6.204537901293416e-05,0.0008703703050219707,0.008,0.992,0.016,0.17485714285714285,False,n.s.
operational,12,Expertise,Pragmatic,15,Shapes,Control,0.0005498859412851846,-7.739962943531575e-05,0.0009598069789664948,0.04,0.96,0.08,0.378,False,n.s.
operational,12,Expertise,Pragmatic,17,Attention,Mental,0.0002872471855234534,-0.00015017846589902959,0.000710886337019176,0.091,0.909,0.182,0.564,False,n.s.
operational,12,Expertise,Pragmatic,18,SysPrompt (labeled),SysPrompt,0.00065466810946278,0.0003114672245359188,0.000979767055323734,0.0,1.0,0.0,0.0,True,***
operational,13,Helpfulness,Pragmatic,14,Biological,Control,0.000204655705676851,-0.000353863145855783,0.0009470815871741296,0.3,0.7,0.6,0.8556666666666666,False,n.s.
operational,13,Helpfulness,Pragmatic,15,Shapes,Control,0.00026191131798840073,-0.0006025019859743542,0.0010680330899558517,0.246,0.754,0.492,0.8094193548387096,False,n.s.
operational,13,Helpfulness,Pragmatic,17,Attention,Mental,-7.274377733306886e-07,-0.000548922186481465,0.0007048785369622218,0.555,0.445,0.89,0.949875,False,n.s.
operational,13,Helpfulness,Pragmatic,18,SysPrompt (labeled),SysPrompt,0.00036669348616599583,-0.00011329597373334964,0.0010395130481256505,0.093,0.907,0.186,0.564,False,n.s.
operational,14,Biological,Control,15,Shapes,Control,5.725561231154967e-05,-0.0006201234241317707,0.0004946628739064477,0.334,0.666,0.668,0.9018947368421053,False,n.s.
operational,14,Biological,Control,17,Attention,Mental,-0.00020538314345018173,-0.0005971165829117918,0.00017270604249740974,0.859,0.141,0.282,0.6537272727272726,False,n.s.
operational,14,Biological,Control,18,SysPrompt (labeled),SysPrompt,0.00016203778048914485,-9.518549580966317e-05,0.000472846266742494,0.115,0.885,0.23,0.5964406779661018,False,n.s.
operational,15,Shapes,Control,17,Attention,Mental,-0.0002626387557617314,-0.0007474341352436571,0.00041908655039854135,0.835,0.165,0.33,0.6916438356164384,False,n.s.
operational,15,Shapes,Control,18,SysPrompt (labeled),SysPrompt,0.00010478216817759517,-0.00024497702143055694,0.0008294971550997959,0.435,0.565,0.87,0.9440425531914892,False,n.s.
operational,17,Attention,Mental,18,SysPrompt (labeled),SysPrompt,0.00036742092393932655,6.129397240013792e-05,0.0007402179807617181,0.011,0.989,0.022,0.18699999999999997,False,n.s.
