dimension,strategy,N,word_count_baseline_mean,word_count_human_mean,word_count_ai_mean,word_count_human_minus_ai,question_count_baseline_mean,question_count_human_mean,question_count_ai_mean,question_count_human_minus_ai,demir_modal_rate_baseline_mean,demir_modal_rate_human_mean,demir_modal_rate_ai_mean,demir_modal_rate_human_minus_ai,demir_verb_rate_baseline_mean,demir_verb_rate_human_mean,demir_verb_rate_ai_mean,demir_verb_rate_human_minus_ai,demir_adverb_rate_baseline_mean,demir_adverb_rate_human_mean,demir_adverb_rate_ai_mean,demir_adverb_rate_human_minus_ai,demir_adjective_rate_baseline_mean,demir_adjective_rate_human_mean,demir_adjective_rate_ai_mean,demir_adjective_rate_human_minus_ai,demir_quantifier_rate_baseline_mean,demir_quantifier_rate_human_mean,demir_quantifier_rate_ai_mean,demir_quantifier_rate_human_minus_ai,demir_noun_rate_baseline_mean,demir_noun_rate_human_mean,demir_noun_rate_ai_mean,demir_noun_rate_human_minus_ai,demir_total_rate_baseline_mean,demir_total_rate_human_mean,demir_total_rate_ai_mean,demir_total_rate_human_minus_ai,fung_interpersonal_rate_baseline_mean,fung_interpersonal_rate_human_mean,fung_interpersonal_rate_ai_mean,fung_interpersonal_rate_human_minus_ai,fung_referential_rate_baseline_mean,fung_referential_rate_human_mean,fung_referential_rate_ai_mean,fung_referential_rate_human_minus_ai,fung_structural_rate_baseline_mean,fung_structural_rate_human_mean,fung_structural_rate_ai_mean,fung_structural_rate_human_minus_ai,fung_cognitive_rate_baseline_mean,fung_cognitive_rate_human_mean,fung_cognitive_rate_ai_mean,fung_cognitive_rate_human_minus_ai,fung_total_rate_baseline_mean,fung_total_rate_human_mean,fung_total_rate_ai_mean,fung_total_rate_human_minus_ai,nonfluency_rate_baseline_mean,nonfluency_rate_human_mean,nonfluency_rate_ai_mean,nonfluency_rate_human_minus_ai,liwc_filler_rate_baseline_mean,liwc_filler_rate_human_mean,liwc_filler_rate_ai_mean,liwc_filler_rate_human_minus_ai,disfluency_rate_baseline_mean,disfluency_rate_human_mean,disfluency_rate_ai_mean,disfluency_rate_human_minus_ai,like_rate_baseline_mean,like_rate_human_mean,like_rate_ai_mean,like_rate_human_minus_ai,tom_rate_baseline_mean,tom_rate_human_mean,tom_rate_ai_mean,tom_rate_human_minus_ai,politeness_rate_baseline_mean,politeness_rate_human_mean,politeness_rate_ai_mean,politeness_rate_human_minus_ai,sentiment_baseline_mean,sentiment_human_mean,sentiment_ai_mean,sentiment_human_minus_ai
0_baseline,concept_aligned,2,305.43333333333334,275.06666666666666,296.1,-21.03333333333336,0.85,0.9666666666666667,1.2833333333333334,-0.31666666666666676,0.02119715117362331,0.02296789779789565,0.01734643962291484,0.00562145817498081,0.016152238694429895,0.017622783347666367,0.0163401391382249,0.001282644209441467,0.00642399506628758,0.0066913675825703185,0.0055490423068572025,0.001142325275713116,0.001000254559924234,0.001158165331209576,0.0007132312803888138,0.00044493405082076233,0.003669028803693582,0.002261626009477101,0.0038609784769559636,-0.0015993524674788625,0.0018807474604508006,0.0024900752032739745,0.0014468862145407245,0.00104318898873325,0.05032341575840939,0.053191915272092986,0.045256717039882446,0.00793519823221054,0.011526436325404505,0.01078457275704198,0.014680727773523842,-0.003896155016481861,0.06759052551344409,0.06331273110720763,0.06450370122716813,-0.0011909701199604994,0.054807903845868214,0.052266432611930536,0.05425520828385512,-0.0019887756719245836,0.005028933323444761,0.005445681545689273,0.006282133346082235,-0.0008364518003929622,0.07629126789941161,0.07094433258680001,0.07614092781166913,-0.005196595224869122,0.0007319533377510114,0.0004294236846874331,0.0011483793856290052,-0.0007189557009415721,3.5997120230381573e-05,0.0001190564315147926,0.00038390321983639583,-0.0002648467883216032,0.0007679504579813929,0.0005484801162022256,0.0015322826054654014,-0.0009838024892631757,0.0031796970516183997,0.003294780536215811,0.004334115702259141,-0.0010393351660433299,0.0016585068065413941,0.0015089753319314219,0.0024426100798671884,-0.0009336347479357665,0.00470667005893436,0.004253003681344434,0.004698413986719197,-0.00044541030537476305,0.9783883333333333,0.9826183333333334,0.9475316666666665,0.03508666666666682
0_baseline,concept_aligned,4,305.43333333333334,223.76666666666668,311.6666666666667,-87.9,0.85,0.6333333333333333,1.4833333333333334,-0.8500000000000001,0.02119715117362331,0.023865510710889288,0.012302948917781987,0.011562561793107301,0.016152238694429895,0.017477829098607865,0.013245689969858733,0.004232139128749132,0.00642399506628758,0.006793984367607527,0.0053891675418167905,0.0014048168257907367,0.001000254559924234,0.0010847351163302146,0.0008962856848963457,0.00018844943143386892,0.003669028803693582,0.002841195853271461,0.0049219603026294445,-0.0020807644493579837,0.0018807474604508006,0.001903744944510906,0.0013788896028174588,0.0005248553416934473,0.05032341575840939,0.05396700009121727,0.038134942019800756,0.015832058071416515,0.011526436325404505,0.01104319098031226,0.022330610017326107,-0.011287419037013847,0.06759052551344409,0.0694767017879769,0.06681197293889833,0.0026647288490785626,0.054807903845868214,0.05790725418323731,0.060306633488237095,-0.0023993793049997825,0.005028933323444761,0.0059882657488473596,0.009513183311211182,-0.003524917562363822,0.07629126789941161,0.07714176312701518,0.08920387703953853,-0.012062113912523348,0.0007319533377510114,0.0010188641231305957,0.001913202524419457,-0.0008943384012888612,3.5997120230381573e-05,0.00017838506266151748,0.0006545974223988551,-0.00047621235973733763,0.0007679504579813929,0.0011972491857921129,0.002567799946818312,-0.0013705507610261992,0.0031796970516183997,0.00296063994367899,0.006940161076431094,-0.003979521132752104,0.0016585068065413941,0.0015350503817070694,0.0021663653137630277,-0.0006313149320559582,0.00470667005893436,0.004570841572001303,0.0038494028123757856,0.0007214387596255175,0.9783883333333333,0.9540233333333333,0.9870316666666666,-0.033008333333333306
0_baseline,exp2_peak,2,305.43333333333334,284.01666666666665,264.1,19.91666666666663,0.85,0.6333333333333333,1.3166666666666667,-0.6833333333333333,0.02119715117362331,0.021478430228378295,0.014983905376963792,0.006494524851414503,0.016152238694429895,0.017821331644813167,0.014513242906259483,0.003308088738553684,0.00642399506628758,0.005674645226021796,0.007550450230245175,-0.001875805004223379,0.001000254559924234,0.001149464577808735,0.0010650648590956127,8.439971871312241e-05,0.003669028803693582,0.003449493733888656,0.004910169737841382,-0.0014606760039527263,0.0018807474604508006,0.0017261504767036625,0.001982711074606645,-0.0002565605979029824,0.05032341575840939,0.051299515887614305,0.0450055441850121,0.006293971702602208,0.011526436325404505,0.01059234567962114,0.02606710446588019,-0.015474758786259049,0.06759052551344409,0.0684805275531371,0.07090210202270783,-0.0024215744695707253,0.054807903845868214,0.05683484625432393,0.0623486136027798,-0.005513767348455871,0.005028933323444761,0.005306690052855006,0.00971521903748601,-0.004408528984631004,0.07629126789941161,0.07531375398956631,0.09393319767060707,-0.01861944368104075,0.0007319533377510114,0.0010846569104772633,0.0015747360685250788,-0.0004900791580478155,3.5997120230381573e-05,0.0003837351698383156,0.0009610467476784243,-0.0005773115778401087,0.0007679504579813929,0.001468392080315579,0.0025357828162035027,-0.0010673907358879236,0.0031796970516183997,0.0025458499155932013,0.006498040033019715,-0.003952190117426513,0.0016585068065413941,0.0014226771407303725,0.0030977094701615513,-0.0016750323294311789,0.00470667005893436,0.003527524748060283,0.004620132377588073,-0.0010926076295277895,0.9783883333333333,0.9662250000000001,0.98419,-0.017964999999999898
0_baseline,exp2_peak,4,305.43333333333334,248.85,281.98333333333335,-33.133333333333354,0.85,0.5,1.8666666666666667,-1.3666666666666667,0.02119715117362331,0.026075069660453285,0.011054781784700039,0.015020287875753246,0.016152238694429895,0.016393263498390754,0.012177644326949148,0.004215619171441606,0.00642399506628758,0.006194442872363566,0.005675650368322172,0.0005187925040413934,0.001000254559924234,0.0018029045698447982,0.000411793407131723,0.0013911111627130752,0.003669028803693582,0.0014075572869542427,0.007839079357985949,-0.006431522071031706,0.0018807474604508006,0.00242704157025829,0.0015132351573862014,0.0009138064128720884,0.05032341575840939,0.054300279458264926,0.03867218440247523,0.015628095055789694,0.011526436325404505,0.011885713535353502,0.04221011316933612,-0.03032439963398262,0.06759052551344409,0.07499152804353142,0.06445453336121237,0.010536994682319042,0.054807903845868214,0.057775965406221604,0.061227498635660384,-0.00345153322943878,0.005028933323444761,0.0079133165233468,0.01627667453037764,-0.008363358007030839,0.07629126789941161,0.08343581644937469,0.10504421882495471,-0.021608402375580024,0.0007319533377510114,0.0016830102505291994,0.005069126388364462,-0.003386116137835263,3.5997120230381573e-05,0.0002166288710499937,0.0009824443136323723,-0.0007658154425823786,0.0007679504579813929,0.0018996391215791932,0.006051570701996836,-0.004151931580417642,0.0031796970516183997,0.003553056225341896,0.012758560530108274,-0.009205504304766379,0.0016585068065413941,0.0008861611477357952,0.002369875007542359,-0.0014837138598065638,0.00470667005893436,0.004450385123170323,0.002070333004353216,0.0023800521188171073,0.9783883333333333,0.972065,0.9860383333333332,-0.013973333333333282
0_baseline,exp2_peak,8,304.25,445.15,386.65,58.5,0.9833333333333333,0.0,0.016666666666666666,-0.016666666666666666,0.020044694730411115,0.0050960237033775705,0.010890213303109037,-0.005794189599731467,0.017863858301917324,0.0014138947663167969,6.94798074099221e-05,0.0013444149589068748,0.0061832472238410215,0.0002811712260667906,0.0002109704641350211,7.02007619317695e-05,0.001149509625607253,0.0005769640243405062,4.2844901456726646e-05,0.0005341191228837795,0.003092454861901975,2.4950099800399204e-05,8.547008547008547e-05,-6.0519985669686266e-05,0.00176433918441214,9.497443995725704e-05,0.010835266737534505,-0.010740292297577248,0.05009810392809084,0.00748797825985932,0.0221342452991153,-0.014646267039255978,0.011369421132221908,0.0016501291132877984,0.013219996045649832,-0.011569866932362035,0.06552908578421585,0.01691056256855529,0.041217135678094124,-0.024306573109538834,0.05225634897265625,0.016155476629796488,0.0425614127089433,-0.026405936079146812,0.005463038975943598,0.010686458850741628,0.0127490282732911,-0.002062569422549473,0.07293404364418482,0.01853427858094505,0.05374838231935886,-0.03521410373841381,0.0007398584993864597,0.0,0.0,0.0,0.0004321750263623057,0.0,0.0,0.0,0.0011720335257487655,0.0,0.0,0.0,0.0029270756317239747,0.0,0.004471740803979432,-0.004471740803979432,0.0017368504855816377,0.0,0.0,0.0,0.0038964296953936635,0.014381790957234238,-0.007061725286080403,0.021443516243314642,0.9547233333333333,0.45095,0.163295,0.287655
0_baseline,upper_half,2,305.43333333333334,298.56666666666666,274.8,23.76666666666665,0.85,0.9333333333333333,1.75,-0.8166666666666667,0.02119715117362331,0.022039794083493557,0.018805262051174013,0.0032345320323195446,0.016152238694429895,0.01866059377941206,0.014525756087429504,0.004134837691982555,0.00642399506628758,0.006144279539794521,0.008190046805930398,-0.0020457672661358776,0.001000254559924234,0.0009261719268176032,0.0007047615715621984,0.00022141035525540475,0.003669028803693582,0.003861561305892317,0.00549082044986948,-0.0016292591439771627,0.0018807474604508006,0.0017251081318428291,0.0013728196731376653,0.0003522884587051638,0.05032341575840939,0.05335750876725288,0.04908946663910326,0.004268042128149616,0.011526436325404505,0.009938165993060574,0.020692255612299926,-0.010754089619239352,0.06759052551344409,0.0671363636900933,0.06360059158658576,0.0035357721035075423,0.054807903845868214,0.055053990416249685,0.05461777293176287,0.0004362174844868144,0.005028933323444761,0.0044034455730211685,0.007034194962941139,-0.0026307493899199704,0.07629126789941161,0.07341553078340197,0.08288770898162119,-0.009472178198219217,0.0007319533377510114,0.0005220504741086059,0.0007429727432973678,-0.0002209222691887619,3.5997120230381573e-05,0.0002903723767826794,0.0015979405204851625,-0.0013075681437024831,0.0007679504579813929,0.0008124228508912853,0.0023409132637825306,-0.0015284904128912453,0.0031796970516183997,0.0024021912115783166,0.0046208792279958276,-0.002218688016417511,0.0016585068065413941,0.001442931077368687,0.0026585636049419547,-0.0012156325275732678,0.00470667005893436,0.003935891042087893,0.00445626753648197,-0.0005203764943940772,0.9783883333333333,0.9524766666666665,0.9588800000000001,-0.0064033333333335385
0_baseline,upper_half,4,305.43333333333334,299.71666666666664,275.6333333333333,24.083333333333314,0.85,0.8333333333333334,3.3666666666666667,-2.533333333333333,0.02119715117362331,0.02287217276640093,0.014651304168502828,0.0082208685978981,0.016152238694429895,0.01844727887480323,0.012164004169744388,0.006283274705058843,0.00642399506628758,0.005614362708472183,0.0072719046444509865,-0.0016575419359788034,0.001000254559924234,0.0010461372084630278,0.0007275151555756991,0.0003186220528873287,0.003669028803693582,0.002991446460918313,0.006348433319144741,-0.0033569868582264276,0.0018807474604508006,0.0026411948126992416,0.0010206626485359219,0.0016205321641633197,0.05032341575840939,0.05361259283175693,0.042183824105954566,0.011428768725802362,0.011526436325404505,0.008438951657721155,0.04135050351124083,-0.032911551853519676,0.06759052551344409,0.06754190796469951,0.06251765286022373,0.0050242551044757805,0.054807903845868214,0.05622221121121237,0.05927342788469006,-0.0030512166734776927,0.005028933323444761,0.005683923317085448,0.01569861803033703,-0.01001469471325158,0.07629126789941161,0.07408549702451457,0.10038950072193507,-0.026304003697420503,0.0007319533377510114,0.00022592797033458886,0.003495466940188948,-0.003269538969854359,3.5997120230381573e-05,5.1440329218106995e-05,0.0017848635453981722,-0.0017334232161800652,0.0007679504579813929,0.00027736829955269586,0.005280330485587121,-0.0050029621860344245,0.0031796970516183997,0.0032535549760869696,0.011246268026128952,-0.007992713050041983,0.0016585068065413941,0.001535627522135257,0.0034470896760755826,-0.0019114621539403256,0.00470667005893436,0.004385471330249809,0.003666113125379523,0.0007193582048702863,0.9783883333333333,0.9875550000000001,0.9792299999999999,0.008325000000000138
14_biological,concept_aligned,2,303.01666666666665,248.85,309.03333333333336,-60.183333333333366,0.9333333333333333,0.9166666666666666,1.35,-0.43333333333333346,0.01848452971441701,0.023373646216765565,0.019183365327887322,0.004190280888878243,0.018826806600645767,0.017781673301384693,0.016862467458640746,0.0009192058427439469,0.0069838044230296605,0.006900894160727131,0.006663882021130612,0.00023701213959651836,0.000785267129454114,0.0010810373239653317,0.000866024844912358,0.00021501247905297372,0.004950496338709032,0.004006397691802084,0.005193705633120458,-0.0011873079413183742,0.0019943618854163713,0.0018241992094821951,0.002012522023659312,-0.00018832281417711688,0.05202526609167195,0.05496784790412701,0.05078196730935081,0.0041858805947761965,0.010274144297306165,0.010646461179499194,0.010851276627465193,-0.00020481544796599818,0.06758499752761882,0.07034661235668245,0.059787382644937444,0.010559229711745007,0.05422083394184832,0.057666593625162105,0.047172700305151,0.010493893320011105,0.004270882338023961,0.005209035795340705,0.005330577771943514,-0.00012154197660280922,0.07515392306597177,0.07725417585992435,0.067325132466377,0.009929043393547346,0.0008073258510198943,0.0008170505306127756,0.0005651139057841204,0.0002519366248286552,0.00034914622118105334,0.00045526034040199547,0.0006507351968024564,-0.00019547485640046097,0.0011564720722009477,0.0012723108710147705,0.0012158491025865768,5.646176842819374e-05,0.002487464773481637,0.0026151087461618134,0.0033362275036326124,-0.000721118757470799,0.0012398347467213904,0.002174047964132207,0.002908721677030047,-0.0007346737128978401,0.003571262225264123,0.005729504690682184,0.004126087643958866,0.0016034170467233181,0.9511316666666666,0.95412,0.9259816666666667,0.028138333333333265
14_biological,concept_aligned,4,303.01666666666665,186.95,491.98333333333335,-305.03333333333336,0.9333333333333333,0.6166666666666667,1.0666666666666667,-0.44999999999999996,0.01848452971441701,0.02302745315349444,0.010127000590602288,0.012900452562892151,0.018826806600645767,0.016920863229501926,0.016017079770344507,0.0009037834591574187,0.0069838044230296605,0.008710954670301911,0.004739462023259705,0.003971492647042206,0.000785267129454114,0.0008838463685532366,0.0006715641415520655,0.00021228222700117117,0.004950496338709032,0.002686161010592805,0.0035557494652294643,-0.0008695884546366592,0.0019943618854163713,0.00155189661076535,0.0022007207936997402,-0.0006488241829343902,0.05202526609167195,0.053781175043209686,0.03731157678468777,0.016469598258521914,0.010274144297306165,0.01560175420966451,0.008624711770962636,0.0069770424387018744,0.06758499752761882,0.081544013034033,0.058647667352282266,0.02289634568175073,0.05422083394184832,0.07121339785214094,0.05566353916788007,0.01554985868426087,0.004270882338023961,0.010847148132506422,0.002628137371403797,0.008219010761102624,0.07515392306597177,0.09308395689840213,0.0695070654350665,0.023576891463335622,0.0008073258510198943,0.0021261114043163026,0.0009139900220172562,0.0012121213822990464,0.00034914622118105334,0.0002380952380952381,0.0003298789284755173,-9.178369038027922e-05,0.0011564720722009477,0.002364206642411541,0.0012438689504927737,0.0011203376919187672,0.002487464773481637,0.005036656299259008,0.0013340524511853747,0.003702603848073633,0.0012398347467213904,0.002729284103075336,0.0016057154135392343,0.0011235686895361015,0.003571262225264123,0.0069742527263428515,0.0013471876207315115,0.00562706510561134,0.9511316666666666,0.9432716666666666,0.9523966666666667,-0.00912500000000005
14_biological,exp2_peak,2,303.01666666666665,270.51666666666665,321.93333333333334,-51.416666666666686,0.9333333333333333,0.6833333333333333,1.1666666666666667,-0.4833333333333334,0.01848452971441701,0.020963777609304946,0.018079566769214038,0.002884210840090908,0.018826806600645767,0.0158470347973691,0.018628532463575195,-0.0027814976662060946,0.0069838044230296605,0.007551919231987722,0.006675924449478417,0.0008759947825093053,0.000785267129454114,0.0013498355146109688,0.0010492433664280759,0.00030059214818289296,0.004950496338709032,0.004447712887701365,0.0033373198640579476,0.0011103930236434174,0.0019943618854163713,0.0022635517804627634,0.00156670085249285,0.0006968509279699133,0.05202526609167195,0.05242383182143687,0.049337287765246526,0.0030865440561903407,0.010274144297306165,0.011407591111114218,0.0119286908305438,-0.0005210997194295807,0.06758499752761882,0.07178721125758335,0.06317557207074445,0.008611639186838896,0.05422083394184832,0.061148269557469305,0.04994217441031949,0.011206095147149812,0.004270882338023961,0.006233266101123316,0.005209165971613547,0.0010241001295097684,0.07515392306597177,0.08059784948312629,0.07237396338517223,0.008223886097954061,0.0008073258510198943,0.0014735372170482347,0.00045812400002579053,0.001015413217022444,0.00034914622118105334,0.0003212940805461257,0.00036135172287007157,-4.005764232394585e-05,0.0011564720722009477,0.0017948312975943606,0.000819475722895862,0.0009753555746984985,0.002487464773481637,0.0027923570876340334,0.003776251708663069,-0.0009838946210290358,0.0012398347467213904,0.0011443162352349203,0.0022548927015746934,-0.001110576466339773,0.003571262225264123,0.004218672877950025,0.0033340015067159275,0.0008846713712340974,0.9511316666666666,0.984105,0.9641716666666666,0.01993333333333336
14_biological,exp2_peak,4,303.01666666666665,231.53333333333333,329.0,-97.46666666666667,0.9333333333333333,0.4666666666666667,1.0166666666666666,-0.5499999999999999,0.01848452971441701,0.022199037959148564,0.015832839931451057,0.0063661980276975075,0.018826806600645767,0.016217363874776538,0.016599196237950736,-0.00038183236317419766,0.0069838044230296605,0.006104916838402665,0.005893619234014988,0.0002112976043876771,0.000785267129454114,0.0010392699199827553,0.001266376817013312,-0.00022710689703055674,0.004950496338709032,0.00296756002195647,0.0026840458518457982,0.00028351417011067154,0.0019943618854163713,0.0012312070178510913,0.002186466401569004,-0.0009552593837179127,0.05202526609167195,0.04975935563211807,0.04446254447384489,0.005296811158273185,0.010274144297306165,0.012329427081786309,0.01659318579962599,-0.004263758717839681,0.06758499752761882,0.08119309161024918,0.057484293749255753,0.023708797860993426,0.05422083394184832,0.06935879311946065,0.04891248747063403,0.020446305648826622,0.004270882338023961,0.008378498222476613,0.007061423381140292,0.0013170748413363215,0.07515392306597177,0.09013415941616154,0.07190521988355375,0.01822893953260779,0.0008073258510198943,0.002353693592142139,0.001646572772957138,0.0007071208191850012,0.00034914622118105334,0.00041249935344928924,0.000497166004208437,-8.46666507591478e-05,0.0011564720722009477,0.0027661929455914283,0.0021437387771655755,0.0006224541684258528,0.002487464773481637,0.0031401378142689746,0.004335748735354158,-0.0011956109210851835,0.0012398347467213904,0.0009361293599537453,0.002188340555486831,-0.0012522111955330859,0.003571262225264123,0.0051286649457824955,0.002261105322913795,0.0028675596228687006,0.9511316666666666,0.9793683333333333,0.9856333333333333,-0.006264999999999965
14_biological,exp2_peak,8,306.5833333333333,300.25,552.3833333333333,-252.13333333333333,0.6833333333333333,0.0,3.1,-3.1,0.023639367889379106,0.006598293950380768,0.006845435662837017,-0.0002471417124562487,0.018824579445196218,0.016689227964213828,0.0016743687234560768,0.01501485924075775,0.0066200254778890555,0.0,0.0005426830488725935,-0.0005426830488725935,0.001029295700905052,0.0,3.367003367003367e-05,-3.367003367003367e-05,0.003696217262696242,4.3177892918825566e-05,7.293946024799416e-05,-2.9761567329168597e-05,0.0020692954172533396,0.0,6.799524241239634e-05,-6.799524241239634e-05,0.05587878119331902,0.023330699807513417,0.00923709217149611,0.014093607636017308,0.009554356432126649,0.0004712293362632385,0.00044140018878914235,2.982914747409613e-05,0.06337754939128709,0.036018917574675485,0.012570312275598083,0.023448605299077403,0.051313968745266246,0.035884727675719395,0.011257662967398219,0.024627064708321177,0.0037542912297006794,0.0016567690785682131,0.005675630838708714,-0.0040188617601405,0.06956965674429869,0.03602597061357251,0.012653552405968124,0.023372418207604384,0.00045085065664765084,2.4764735017335315e-05,0.00011753696026522844,-9.277222524789312e-05,0.0,0.0,5.742691794034724e-05,-5.742691794034724e-05,0.00045085065664765084,2.4764735017335315e-05,0.00017496387820557568,-0.00015019914318824037,0.00249818736996056,0.0,3.115264797507788e-05,-3.115264797507788e-05,0.0018825150644468528,0.0,0.00014277996803795212,-0.00014277996803795212,0.0045948603412234645,0.012269915517539276,-0.0005540913954228498,0.012824006912962127,0.9797766666666665,0.32026333333333334,0.33830666666666664,-0.0180433333333333
14_biological,upper_half,2,303.01666666666665,301.78333333333336,285.0,16.78333333333336,0.9333333333333333,1.2166666666666666,1.35,-0.13333333333333353,0.01848452971441701,0.020438095055810398,0.01896811713767911,0.001469977918131287,0.018826806600645767,0.016241397101437693,0.0174163924347176,-0.0011749953332799087,0.0069838044230296605,0.005930017254927591,0.00793090061719668,-0.002000883362269089,0.000785267129454114,0.0007923656319811793,0.0010209833631235907,-0.00022861773114241145,0.004950496338709032,0.003469915869586825,0.004086673762178079,-0.0006167578925912543,0.0019943618854163713,0.0017556970924028047,0.0020647299838810417,-0.00030903289147823703,0.05202526609167195,0.04862748800614648,0.05148779729877609,-0.0028603092926296064,0.010274144297306165,0.010437785251583431,0.01643667025755342,-0.005998885005969989,0.06758499752761882,0.0692479415260013,0.06302393470623963,0.006224006819761679,0.05422083394184832,0.058259925279609256,0.05037102557115337,0.007888899708455889,0.004270882338023961,0.004985235171081134,0.0064510678043832315,-0.0014658326333020976,0.07515392306597177,0.07704820203664765,0.0753223917561285,0.0017258102805191577,0.0008073258510198943,0.0008295501053133888,0.0003486603560764236,0.00048088974923696524,0.00034914622118105334,0.0,0.0007331003844443658,-0.0007331003844443658,0.0011564720722009477,0.0008295501053133888,0.0010817607405207894,-0.00025221063520740057,0.002487464773481637,0.0029765421546863228,0.004224414273088293,-0.0012478721184019707,0.0012398347467213904,0.001267950599104781,0.0028368547948323733,-0.0015689041957275922,0.003571262225264123,0.0048172099756947475,0.005174046952798709,-0.00035683697710396124,0.9511316666666666,0.9585566666666666,0.9432083333333333,0.015348333333333297
14_biological,upper_half,4,303.01666666666665,294.85,292.81666666666666,2.03333333333336,0.9333333333333333,0.8333333333333334,1.8666666666666667,-1.0333333333333332,0.01848452971441701,0.01970459442334093,0.016505667319690144,0.0031989271036507866,0.018826806600645767,0.016791041859735838,0.017038915911722567,-0.0002478740519867295,0.0069838044230296605,0.005879530092724533,0.007287498951217267,-0.0014079688584927343,0.000785267129454114,0.0009459448881509098,0.0012772127504600782,-0.0003312678623091684,0.004950496338709032,0.004895324393009491,0.004454692023370902,0.00044063236963858866,0.0019943618854163713,0.0021367705794762657,0.001881096023559958,0.00025567455591630757,0.05202526609167195,0.05035320623643795,0.04844508298002092,0.0019081232564170311,0.010274144297306165,0.010132108495758057,0.014057771525143706,-0.0039256630293856495,0.06758499752761882,0.07318437506603667,0.06045409139188084,0.01273028367415583,0.05422083394184832,0.06367846059572775,0.04642326890509338,0.017255191690634372,0.004270882338023961,0.0065085945795707294,0.005416161321903787,0.0010924332576669428,0.07515392306597177,0.08060150395569812,0.07133371018428657,0.009267793771411556,0.0008073258510198943,0.0009616517361017333,0.0011976670297746252,-0.0002360152936728919,0.00034914622118105334,0.0001152350407486598,0.0002708062946460056,-0.00015557125389734577,0.0011564720722009477,0.001076886776850393,0.0014684733244206306,-0.0003915865475702376,0.002487464773481637,0.0037368712710113263,0.0035850839746844605,0.00015178729632686584,0.0012398347467213904,0.0016294032097277716,0.001609812543488923,1.959066623884848e-05,0.003571262225264123,0.005505458620917235,0.0038987677037365465,0.0016066909171806882,0.9511316666666666,0.9824883333333333,0.93491,0.04757833333333328
15_shapes,concept_aligned,2,303.5,269.46666666666664,306.06666666666666,-36.60000000000002,0.48333333333333334,1.0833333333333333,0.6666666666666666,0.41666666666666663,0.020866780171852374,0.020135606577966994,0.020511320928422217,-0.0003757143504552231,0.0187431349432581,0.01794334133004355,0.0178612161680542,8.212516198934788e-05,0.00678303179353809,0.008504806713528363,0.006133034247007893,0.00237177246652047,0.0011549197696318085,0.0006689997636126235,0.0015847374544082336,-0.0009157376907956101,0.003139689074098301,0.004081385133740644,0.0036001823932592025,0.0004812027404814418,0.001935519643883744,0.001124726973343692,0.0019414139267832655,-0.0008166869534395734,0.05262307539626242,0.05245886649223587,0.05163190511793502,0.0008269613743008483,0.011444536649871273,0.015635692543965064,0.008408833861595163,0.007226858682369901,0.06529790227518803,0.06532574408861212,0.06681717472931208,-0.0014914306406999533,0.05350233230373438,0.05480603440147011,0.05513686143104408,-0.0003308270295739671,0.005171562914883376,0.006410070995894862,0.0031156885660580972,0.0032943824298367645,0.0735254203852115,0.07648993359025595,0.07170696069509691,0.0047829728951590406,0.0009699755771843389,0.0007247773951585166,0.0008850906684219952,-0.0001603132732634786,5.46448087431694e-05,0.00020576768364378984,0.0001658311864729755,3.993649717081433e-05,0.0010246203859275084,0.0009305450788023064,0.0010509218548949708,-0.00012037677609266436,0.00277593622407651,0.004243872041919841,0.001161707393426804,0.003082164648493037,0.0015876162348867522,0.0023909135066704427,0.0017363063342826011,0.0006546071723878416,0.004034491322366805,0.005998729649012812,0.003339441758109921,0.0026592878909028907,0.9581983333333334,0.9159516666666666,0.9854700000000001,-0.06951833333333346
15_shapes,concept_aligned,4,303.5,215.6,377.71666666666664,-162.11666666666665,0.48333333333333334,1.0,0.5,0.5,0.020866780171852374,0.01949802427877407,0.01682767899301994,0.0026703452857541297,0.0187431349432581,0.018113602565153132,0.014109152402416064,0.004004450162737068,0.00678303179353809,0.010841593120762395,0.0032610673336055137,0.007580525787156881,0.0011549197696318085,0.00044242687603191617,0.0025802446661703617,-0.0021378177901384453,0.003139689074098301,0.004559030326972095,0.0009826615749290617,0.003576368752043033,0.001935519643883744,0.0010961095997157777,0.003579397216721556,-0.002483287617005778,0.05262307539626242,0.0545507867674094,0.0413402021868625,0.0132105845805469,0.011444536649871273,0.02509743923399073,0.006185427616643951,0.018912011617346777,0.06529790227518803,0.0689323622380675,0.07145772862413129,-0.002525366386063793,0.05350233230373438,0.060788861338020056,0.05561305911181804,0.005175802226202016,0.005171562914883376,0.011758801779305772,0.004870331553142959,0.006888470226162813,0.0735254203852115,0.08662908574588123,0.07218150804725824,0.014447577698622982,0.0009699755771843389,0.0009967567342017082,0.0024046859397844687,-0.0014079292055827605,5.46448087431694e-05,0.0005674956082564777,0.0,0.0005674956082564777,0.0010246203859275084,0.001564252342458186,0.0024046859397844687,-0.0008404335973262826,0.00277593622407651,0.00741043711437772,0.0010376971935371572,0.006372739920840562,0.0015876162348867522,0.004548688093602968,0.0009839524877867012,0.0035647356058162664,0.004034491322366805,0.00933235115780492,0.004087612166960009,0.00524473899084491,0.9581983333333334,0.9760916666666667,0.8915866666666665,0.08450500000000016
15_shapes,exp2_peak,2,303.5,258.45,310.95,-52.5,0.48333333333333334,0.9833333333333333,0.8666666666666667,0.11666666666666659,0.020866780171852374,0.02043860216604866,0.01974596103488131,0.0006926411311673521,0.0187431349432581,0.0162925262320378,0.018439683003085707,-0.002147156771047907,0.00678303179353809,0.007366009177930706,0.005922756633368725,0.0014432525445619813,0.0011549197696318085,0.0006340113073927013,0.0009452096748052692,-0.00031119836741256787,0.003139689074098301,0.004671419360240864,0.0030451244809357875,0.0016262948793050762,0.001935519643883744,0.0014473041599275898,0.002286801782778244,-0.0008394976228506541,0.05262307539626242,0.05084987240357832,0.050385536609855036,0.00046433579372328476,0.011444536649871273,0.01566309075145076,0.010885463460460364,0.004777627290990396,0.06529790227518803,0.06891833729473798,0.06596403327952964,0.0029543040152083394,0.05350233230373438,0.056718586532163655,0.05228841988776263,0.004430166644401025,0.005171562914883376,0.005716078220157638,0.004364378657353076,0.0013516995628045621,0.0735254203852115,0.08005152251521824,0.07259574667922968,0.007455775835988568,0.0009699755771843389,0.00040761520702396666,0.0008675032784522315,-0.0004598880714282648,5.46448087431694e-05,0.00011442680609857585,0.00022582840322412948,-0.00011140159712555363,0.0010246203859275084,0.0005220420131225426,0.0010933316816763609,-0.0005712896685538183,0.00277593622407651,0.0037658847104371845,0.0025027467461044934,0.001263137964332691,0.0015876162348867522,0.001164762468329452,0.0011277843907656156,3.697807756383644e-05,0.004034491322366805,0.005168886109664292,0.0032853455403866125,0.0018835405692776792,0.9581983333333334,0.8787233333333333,0.9742883333333332,-0.0955649999999999
15_shapes,exp2_peak,4,303.5,241.85,327.93333333333334,-86.08333333333334,0.48333333333333334,0.95,0.25,0.7,0.020866780171852374,0.02102165112857446,0.0190788672349407,0.0019427838936337573,0.0187431349432581,0.016209294125254594,0.017948204747448623,-0.0017389106221940287,0.00678303179353809,0.010167348256610441,0.0030819908592788813,0.00708535739733156,0.0011549197696318085,0.0006537292934079643,0.001857860044207394,-0.0012041307507994299,0.003139689074098301,0.005335965957673004,0.0019437595518223129,0.003392206405850691,0.001935519643883744,0.0013662906710300705,0.002727418182654087,-0.0013611275116240163,0.05262307539626242,0.054754279432550526,0.046638100620351994,0.008116178812198532,0.011444536649871273,0.021730536959479758,0.008288504416619213,0.013442032542860544,0.06529790227518803,0.07376211572935784,0.06820276662290908,0.005559349106448758,0.05350233230373438,0.06341867184669189,0.054570682762419324,0.008847989084272569,0.005171562914883376,0.009689066180464855,0.004064857287524032,0.005624208892940822,0.0735254203852115,0.08830316570375892,0.07233658640701554,0.015966579296743375,0.0009699755771843389,0.0006885017930673188,0.0013186622888289514,-0.0006301604957616325,5.46448087431694e-05,0.00024130160417956082,0.00010498713700904048,0.00013631446717052032,0.0010246203859275084,0.0009298033972468796,0.0014236494258379917,-0.0004938460285911122,0.00277593622407651,0.00620637602912297,0.0013190287604053017,0.004887347268717668,0.0015876162348867522,0.0019396747375832024,0.0006243069999685199,0.0013153677376146825,0.004034491322366805,0.007812526745927249,0.0017301158369113676,0.0060824109090158816,0.9581983333333334,0.96551,0.9888366666666667,-0.023326666666666718
15_shapes,exp2_peak,8,303.26666666666665,409.2,283.4,125.80000000000001,0.8,0.05,0.0,0.05,0.022487750066796368,0.006554531624993894,0.0033401732457742058,0.0032143583792196883,0.017083491371271013,0.00389469428700583,0.007436934215337244,-0.003542239928331414,0.0073712724237004704,0.0037721764237025382,0.03790658587864128,-0.03413440945493874,0.0007596690433402108,0.0,0.002447490802648715,-0.002447490802648715,0.0037863678657769446,0.0013405640033791295,0.007724475626202396,-0.006383911622823267,0.0018443847783221337,0.0,0.002334471444966255,-0.002334471444966255,0.05333293554920714,0.015561966339081391,0.061190131213570094,-0.0456281648744887,0.008839934132521016,0.05011489279253675,0.003760801183836748,0.04635409160870001,0.06697162964414301,0.018708495846689824,0.07798289128547053,-0.059274395438780714,0.052693078031105886,0.018751230889424868,0.07390839807518555,-0.055157167185760685,0.004308691429235245,0.00032039525089407506,0.0006828382499057799,-0.0003624429990117049,0.07345073165223,0.023914270503016047,0.07684523601332188,-0.052930965510305836,0.0003617367348441248,4.2735042735042735e-05,0.0003124678795354096,-0.00026973283680036686,7.374631268436578e-05,0.0,0.0,0.0,0.0004354830475284906,4.2735042735042735e-05,0.0003124678795354096,-0.00026973283680036686,0.0028016207693324613,0.00014745829408946344,0.0,0.00014745829408946344,0.0014628038559697536,0.0,0.0,0.0,0.003804246420671917,0.0028785710524756422,0.00013930517382653977,0.0027392658786491025,0.9801650000000001,0.9421083333333333,0.03986666666666667,0.9022416666666666
15_shapes,upper_half,2,303.5,288.21666666666664,311.31666666666666,-23.100000000000023,0.48333333333333334,0.9833333333333333,0.65,0.33333333333333326,0.020866780171852374,0.020854566946121426,0.018348730322995534,0.002505836623125892,0.0187431349432581,0.01669651206748611,0.017372429611814323,-0.0006759175443282125,0.00678303179353809,0.0072123731738323775,0.005801278921980731,0.0014110942518516462,0.0011549197696318085,0.0011721224019821722,0.0011251288982401094,4.699350374206277e-05,0.003139689074098301,0.004329222192132783,0.0034826123406634353,0.0008466098514693481,0.001935519643883744,0.001478454876224778,0.0017516608662443561,-0.00027320599001957814,0.05262307539626242,0.05174325165777965,0.04788184096193849,0.003861410695841158,0.011444536649871273,0.016434142532127532,0.009199888072245014,0.007234254459882518,0.06529790227518803,0.06674910167370746,0.06612212625559627,0.0006269754181111864,0.05350233230373438,0.05574587133551518,0.053739757337052406,0.0020061139984627746,0.005171562914883376,0.0062844314534930435,0.0039851858860399155,0.002299245567453128,0.0735254203852115,0.07926925472274594,0.07242192082642679,0.006847333896319155,0.0009699755771843389,0.0008099603859123747,0.0008317723985410987,-2.181201262872398e-05,5.46448087431694e-05,0.0007521664357900785,0.00014103547707999763,0.0006111309587100808,0.0010246203859275084,0.001562126821702453,0.0009728078756210963,0.0005893189460813568,0.00277593622407651,0.0038591821165726557,0.0019972493446776315,0.0018619327718950242,0.0015876162348867522,0.002314065849648708,0.001945616341672296,0.0003684495079764119,0.004034491322366805,0.004054145984829896,0.003381351373786855,0.0006727946110430408,0.9581983333333334,0.9792016666666666,0.9458583333333335,0.03334333333333317
15_shapes,upper_half,4,303.5,285.6333333333333,325.6,-39.9666666666667,0.48333333333333334,0.7833333333333333,0.95,-0.16666666666666663,0.020866780171852374,0.021559946439579657,0.020224515844623907,0.00133543059495575,0.0187431349432581,0.01540911917004169,0.01966062197623153,-0.00425150280618984,0.00678303179353809,0.008234015453512263,0.005080932793313587,0.003153082660198676,0.0011549197696318085,0.0011004630578985912,0.001037985433431188,6.247762446740315e-05,0.003139689074098301,0.0050562600327671145,0.00299977076872394,0.0020564892640431744,0.001935519643883744,0.0016848968464154889,0.0015861903888000582,9.870645761543063e-05,0.05262307539626242,0.05304470100021479,0.05059001720512422,0.002454683795090576,0.011444536649871273,0.019472663330403615,0.009783127976255497,0.009689535354148118,0.06529790227518803,0.06697466365390724,0.06515992919085725,0.0018147344630499856,0.05350233230373438,0.05756272684811563,0.051929970136606524,0.005632756711509104,0.005171562914883376,0.007709232991680966,0.004431649731303376,0.0032775832603775907,0.0735254203852115,0.08116874069976215,0.07213609346243127,0.009032647237330882,0.0009699755771843389,0.0010385632273164891,0.0005329849163450938,0.0005055783109713954,5.46448087431694e-05,0.0008786579781113947,0.0001352960499301963,0.0007433619281811985,0.0010246203859275084,0.0019172212054278837,0.0006682809662752902,0.0012489402391525936,0.00277593622407651,0.004567638210427491,0.0030436060553496957,0.0015240321550777955,0.0015876162348867522,0.0023701797357869566,0.0017998098422731589,0.0005703698935137977,0.004034491322366805,0.004006902400634205,0.0032752476280917178,0.0007316547725424874,0.9581983333333334,0.9839116666666666,0.9592683333333334,0.02464333333333324
17_attention,concept_aligned,2,304.5,270.56666666666666,339.75,-69.18333333333334,0.6666666666666666,0.7,0.95,-0.25,0.021103315918961304,0.022779994507714195,0.01897865070754511,0.003801343800169086,0.018448350681385332,0.01798448722857364,0.016580955698841333,0.0014035315297323062,0.006808561249992895,0.007583575593495109,0.005258513638638052,0.002325061954857057,0.0012557115541756085,0.0006694134668751967,0.0013108352838602532,-0.0006414218169850565,0.003556041288083219,0.004761965531084528,0.00228260899302972,0.002479356538054808,0.0014874017499055976,0.0010049220674337093,0.002411055403076228,-0.0014061333356425185,0.05265938244250395,0.05478435839517639,0.046822619724990695,0.007961738670185695,0.011836446011659028,0.010949069670048873,0.008053750105312157,0.002895319564736716,0.06558348880712749,0.06705694519343172,0.06478867124529387,0.0022682739481378472,0.05341377708205351,0.054107803406384304,0.05051176392533271,0.0035960394810515967,0.0052636205604850005,0.004378099477799649,0.003480904820044127,0.0008971946577555215,0.07365845979544146,0.07441303881987325,0.0704912190922062,0.0039218197276670586,0.0005785731523544167,0.0003722900034119464,0.0007016499459012799,-0.0003293599424893335,0.00016377235621989808,0.00039055680259383966,0.0001419831270102057,0.00024857367558363394,0.0007423455085743149,0.0007628468060057862,0.0008436330729114857,-8.078626690569948e-05,0.003355842683956407,0.0026594117334020517,0.0018724628512266828,0.000786948882175369,0.0017451831021734966,0.0014112513059569539,0.0023562782320856917,-0.0009450269261287378,0.004934798321905621,0.004235293081426961,0.005083752391951186,-0.0008484593105242254,0.9621966666666667,0.9688616666666666,0.91571,0.0531516666666666
17_attention,concept_aligned,4,304.5,219.53333333333333,413.55,-194.01666666666668,0.6666666666666666,0.6166666666666667,0.7,-0.08333333333333326,0.021103315918961304,0.02445928125118983,0.01390422118988802,0.010555060061301809,0.018448350681385332,0.019440568296244253,0.01441506793943689,0.005025500356807364,0.006808561249992895,0.008527552950218197,0.004416208817659656,0.004111344132558541,0.0012557115541756085,0.0009966650396014923,0.0025125060743982227,-0.0015158410347967304,0.003556041288083219,0.006462534988271113,0.002179124504939924,0.004283410483331189,0.0014874017499055976,0.0011855014371932044,0.0029667055612405,-0.0017812041240472954,0.05265938244250395,0.06107210396271809,0.04039383408756322,0.02067826987515487,0.011836446011659028,0.01674473977425502,0.0047009546195058045,0.012043785154749215,0.06558348880712749,0.07034941920726956,0.06796182422082975,0.0023875949864398116,0.05341377708205351,0.06076093397291779,0.055040789191916586,0.005720144781001205,0.0052636205604850005,0.008250734625242074,0.0028617204369685754,0.0053890141882734985,0.07365845979544146,0.08335275980121151,0.07055379073552065,0.012798969065690863,0.0005785731523544167,0.000899856927318166,0.0007645459070371811,0.00013531102028098495,0.00016377235621989808,0.0,2.787068004459309e-05,-2.787068004459309e-05,0.0007423455085743149,0.000899856927318166,0.0007924165870817741,0.00010744034023639189,0.003355842683956407,0.005012257662114992,0.0014214128844734556,0.0035908447776415364,0.0017451831021734966,0.0015900045978871763,0.0014615148723067667,0.00012848972558040963,0.004934798321905621,0.00546056931404307,0.0014378517892662498,0.00402271752477682,0.9621966666666667,0.975745,0.9552200000000001,0.020524999999999904
17_attention,exp2_peak,2,304.5,273.96666666666664,328.48333333333335,-54.51666666666671,0.6666666666666666,0.9,0.8166666666666667,0.08333333333333337,0.021103315918961304,0.02158056031018535,0.020443560135210766,0.001137000174974586,0.018448350681385332,0.016422105409845407,0.018440277779992933,-0.002018172370147526,0.006808561249992895,0.006906472305146121,0.006296501961478064,0.0006099703436680572,0.0012557115541756085,0.0009764184495755501,0.00131589276796833,-0.0003394743183927798,0.003556041288083219,0.003763269569642423,0.003570529224571091,0.00019274034507133202,0.0014874017499055976,0.001239448328899246,0.002499957114354626,-0.0012605087854553802,0.05265938244250395,0.05088827437329409,0.052566718983575816,-0.001678444610281729,0.011836446011659028,0.011993306876895083,0.009674493084231123,0.00231881379266396,0.06558348880712749,0.07131393898423521,0.060464738816520196,0.010849200167715019,0.05341377708205351,0.05952522033513675,0.04756476047998011,0.01196045985515664,0.0052636205604850005,0.005821031531395667,0.004026859556271791,0.0017941719751238764,0.07365845979544146,0.08009745044548905,0.06706395290717407,0.013033497538314981,0.0005785731523544167,0.0007974441650657907,0.0007625508080403402,3.489335702545047e-05,0.00016377235621989808,0.0004916995786455067,0.0004906864487931746,1.0131298523321326e-06,0.0007423455085743149,0.0012891437437112974,0.0012532372568335147,3.590648687778271e-05,0.003355842683956407,0.003139186817353943,0.0020410447556125986,0.0010981420617413445,0.0017451831021734966,0.0017151068461289743,0.0017288634509497894,-1.3756604820815144e-05,0.004934798321905621,0.004219895420614666,0.0034774765003003634,0.0007424189203143025,0.9621966666666667,0.9313716666666667,0.9507049999999999,-0.019333333333333202
17_attention,exp2_peak,4,304.5,252.98333333333332,388.01666666666665,-135.03333333333333,0.6666666666666666,0.6666666666666666,1.3833333333333333,-0.7166666666666667,0.021103315918961304,0.023442135535109078,0.016946424362030008,0.00649571117307907,0.018448350681385332,0.016018105251540727,0.014026673582921615,0.0019914316686191116,0.006808561249992895,0.007406921407919923,0.004408088963282672,0.0029988324446372514,0.0012557115541756085,0.0007925651773385846,0.0023214271737026382,-0.0015288619963640536,0.003556041288083219,0.0039114727734243316,0.0021927667515452697,0.001718706021879062,0.0014874017499055976,0.001256974537901847,0.00550810382672249,-0.004251129288820643,0.05265938244250395,0.05282817468323448,0.04540348466020469,0.007424690023029791,0.011836446011659028,0.01338310526842829,0.008721910216354925,0.004661195052073365,0.06558348880712749,0.07375705301722855,0.06863769687669243,0.00511935614053613,0.05341377708205351,0.06138031150208322,0.053178661249851725,0.008201650252231497,0.0052636205604850005,0.007395483242358003,0.003337635785356133,0.00405784745700187,0.07365845979544146,0.08311063828008591,0.07320546282408776,0.009905175455998158,0.0005785731523544167,0.0009793706496988893,0.0004702260716581221,0.0005091445780407672,0.00016377235621989808,0.0002564102564102564,0.00011089944843099696,0.00014551080797925946,0.0007423455085743149,0.0012357809061091457,0.0005811255200891192,0.0006546553860200266,0.003355842683956407,0.004477150481684797,0.002206832405072158,0.0022703180766126393,0.0017451831021734966,0.0016480296288280615,0.0022141471159818774,-0.0005661174871538159,0.004934798321905621,0.004195194496294997,0.004952041180922085,-0.0007568466846270888,0.9621966666666667,0.9549700000000001,0.9607533333333333,-0.0057833333333332515
17_attention,exp2_peak,8,303.96666666666664,370.43333333333334,490.0833333333333,-119.64999999999998,0.9166666666666666,0.016666666666666666,0.16666666666666666,-0.15,0.02053556490410802,0.0002560857248664501,0.015672635601270187,-0.015416549876403738,0.016413042173883393,0.00012014512579551538,0.0004461897760963294,-0.000326044650300814,0.0070018375632723995,0.0,6.316393913293138e-05,-6.316393913293138e-05,0.0013317903842966403,0.0,2.8735632183908045e-05,-2.8735632183908045e-05,0.003037325683566864,4.262574595055414e-05,0.0002471297359357061,-0.00020450398998515196,0.001872239557304269,0.0,0.00031195063915558997,-0.00031195063915558997,0.05019180026643159,0.00041885659661251954,0.01676980532377465,-0.016350948727162133,0.010541527415049426,0.05451916508412291,0.0005205140742342352,0.053998651009888675,0.06623705432128614,0.0007407843586097183,0.047552120792757904,-0.046811336434148185,0.05239342295891368,0.0006823048264459756,0.0458296414748364,-0.04514733664839042,0.0050364631879612435,0.0003010888124563932,0.0002887429055875888,1.2345906868804421e-05,0.07356536011887059,0.0009461826449595404,0.04750622848299099,-0.04656004583803145,0.0009574375126776188,0.0,5.5737868616584284e-05,-5.5737868616584284e-05,0.00017039130119975466,0.0,3.568879371877231e-05,-3.568879371877231e-05,0.0011278288138773735,0.0,9.142666233535659e-05,-9.142666233535659e-05,0.003038990231566995,0.0,0.0,0.0,0.001728976556160153,0.0,3.568879371877231e-05,-3.568879371877231e-05,0.004278371172853746,0.0544832612399389,0.0,0.0544832612399389,0.9533616666666667,0.7203483333333333,0.1800766666666667,0.5402716666666666
17_attention,upper_half,2,304.5,289.4,310.5833333333333,-21.183333333333337,0.6666666666666666,0.8333333333333334,0.7333333333333333,0.10000000000000009,0.021103315918961304,0.02025783924225359,0.022010237326687165,-0.001752398084433577,0.018448350681385332,0.018181370010113943,0.016226805138713198,0.0019545648714007456,0.006808561249992895,0.006781617513002098,0.006713222408408303,6.83951045937943e-05,0.0012557115541756085,0.0009126448609916168,0.0010054095322841274,-9.276467129251068e-05,0.003556041288083219,0.002894354937337884,0.0033517748995839005,-0.0004574199622460165,0.0014874017499055976,0.0019197830044891178,0.002289150242162712,-0.00036936723767359413,0.05265938244250395,0.050947609568188244,0.05159659954783941,-0.0006489899796511683,0.011836446011659028,0.011975200497052547,0.009413352570443508,0.0025618479266090385,0.06558348880712749,0.06634492335982936,0.06567681428780557,0.0006681090720237898,0.05341377708205351,0.05613074496993961,0.05091210152785452,0.005218643442085093,0.0052636205604850005,0.004929296304567223,0.005126215836791544,-0.0001969195322243213,0.07365845979544146,0.07435722891077257,0.07220675730987133,0.0021504716009012326,0.0005785731523544167,0.0006376541259233661,0.0006865729190425697,-4.891879311920357e-05,0.00016377235621989808,0.00014031231662486922,0.00029033263174624085,-0.00015002031512137163,0.0007423455085743149,0.0007779664425482353,0.0009769055507888105,-0.00019893910824057522,0.003355842683956407,0.002910246298973136,0.0030857816965337275,-0.00017553539756059132,0.0017451831021734966,0.0012300376812944102,0.0019656750978124175,-0.0007356374165180073,0.004934798321905621,0.003525506489240562,0.0055884818765358085,-0.0020629753872952465,0.9621966666666667,0.97944,0.9785766666666668,0.000863333333333216
17_attention,upper_half,4,304.5,297.15,298.8833333333333,-1.7333333333333485,0.6666666666666666,0.75,1.3833333333333333,-0.6333333333333333,0.021103315918961304,0.019829774147540592,0.016531276838604232,0.00329849730893636,0.018448350681385332,0.018861533565782868,0.016317077529648994,0.002544456036133874,0.006808561249992895,0.005763400092279088,0.005315475889667464,0.00044792420261162424,0.0012557115541756085,0.0006960565981904517,0.0007248318542932471,-2.877525610279542e-05,0.003556041288083219,0.0048260425225011,0.0035989299409506484,0.0012271125815504513,0.0014874017499055976,0.001726892916022116,0.0028427181714493345,-0.0011158252554272184,0.05265938244250395,0.05170369984231622,0.045330310224613916,0.006373389617702306,0.011836446011659028,0.011308414611627134,0.01034273868171922,0.0009656759299079137,0.06558348880712749,0.06888430086547416,0.060781679043788575,0.008102621821685585,0.05341377708205351,0.05914634683484399,0.04690241574532956,0.01224393108951443,0.0052636205604850005,0.006418944803080007,0.0044013104718461865,0.0020176343312338207,0.07365845979544146,0.07718933091091852,0.06775292449006608,0.009436406420852445,0.0005785731523544167,0.0007198520909231911,0.0009074854818491661,-0.00018763339092597506,0.00016377235621989808,0.00035198540907394884,0.00047966347688711586,-0.00012767806781316702,0.0007423455085743149,0.00107183749999714,0.0013871489587362821,-0.00031531145873914214,0.003355842683956407,0.0034058236982315183,0.002471700634750094,0.0009341230634814244,0.0017451831021734966,0.0014535926354278777,0.0028939833675818484,-0.0014403907321539706,0.004934798321905621,0.0029920988537420275,0.006531748920953184,-0.0035396500672111564,0.9621966666666667,0.940025,0.9799833333333333,-0.03995833333333332
