experiment,subject,condition,word_count,question_count,demir_modal_rate,demir_verb_rate,demir_adverb_rate,demir_adjective_rate,demir_quantifier_rate,demir_noun_rate,demir_total_rate,fung_interpersonal_rate,fung_referential_rate,fung_structural_rate,fung_cognitive_rate,fung_total_rate,nonfluency_rate,liwc_filler_rate,disfluency_rate,like_rate,tom_rate,politeness_rate,sentiment,quality,connectedness
Human,sub-001,bot,42.53968253968254,0.14285714285714285,0.011327718883601902,0.022623573798878617,0.013047102062190138,0.0,0.004118590152091014,0.0,0.05111698489676167,0.07507331593053235,0.05160612837970634,0.04031939218336494,0.03422857960882681,0.12385625490477585,0.00023255813953488373,0.004079645179755882,0.004312203319290766,0.014153460045104564,0.003601547675775328,-0.00022999257839074777,0.6539186046511628,2.45,2.05
Human,sub-001,hum,46.483870967741936,0.12903225806451613,0.011132372080602044,0.02106791834737391,0.010065230315662695,0.000897252644843803,0.0059007517495001036,0.0002736726874657909,0.04933719782544835,0.06622790185997432,0.05681365379032667,0.03859583977445733,0.028457185167352596,0.11553831235872437,0.00182722749886929,0.007985361161539275,0.009812588660408563,0.009828933384921011,0.004462766508588736,0.002148004029010225,0.66365,3.25,3.25
Human,sub-002,bot,54.666666666666664,0.0392156862745098,0.007276931373083845,0.02807310415550612,0.013148420230694093,0.0002560163850486431,0.009080214422413907,0.0002560163850486431,0.05809070295179525,0.055431052193874876,0.05576167011010206,0.04073487814184704,0.04086326339425304,0.1154109042667173,0.0027363830985676378,0.015454270584426498,0.018190653682994135,0.02160812151105595,0.0011725887965069713,0.00047946412832716376,0.547958064516129,2.7,2.5
Human,sub-002,hum,59.924528301886795,0.0,0.009174416775773702,0.020049614519271206,0.0389860155259512,0.0002331002331002331,0.0036142564199104885,0.0,0.07205740347400684,0.06851494984150049,0.059851287595020425,0.04547420555973982,0.04521445420964441,0.12472497615558377,0.0033281200296689387,0.009250562963795256,0.012578682993464194,0.024608841579202012,0.0004927322000492732,0.00028472904717114384,0.6547181818181818,3.2,2.95
Human,sub-003,bot,56.80701754385965,0.12280701754385964,0.007440306085797732,0.025894344181635828,0.01250605228151508,0.00019425019425019425,0.005608278279883696,0.0008432779659194753,0.052486508989002006,0.09788860760161594,0.059971262598121994,0.06260848377633914,0.03208501999719771,0.1380084641014721,0.003903425446818936,0.01015783603021042,0.014061261477029355,0.008568701737969095,0.006485420678467897,0.0004504370504810391,0.6965416666666666,2.55,2.25
Human,sub-003,hum,58.13559322033898,0.1694915254237288,0.00924129246934683,0.019320834636970104,0.010527948918550958,0.0,0.0029335219590570652,0.00040758461811093386,0.04243118260203589,0.0709253227674905,0.048968998931357303,0.050801104366449655,0.025165815679397508,0.11193477896190036,0.002207479733092698,0.008441401633567795,0.010648881366660493,0.007731846015133256,0.006639959668305948,0.0014336084865669697,0.6327589743589743,2.8,2.7
Human,sub-004,bot,15.551020408163266,0.0,0.0067520293529785965,0.02583998941530941,0.012633179612060404,0.0,0.0055512915375949224,0.0,0.05077648991794333,0.1356302668705457,0.03957399173110397,0.07243321201052343,0.04035144971396519,0.1708083248824286,0.0022605214334537643,0.0011274439845868416,0.0033879654180406058,0.03050319815106393,0.0,0.0006602949346148321,0.386774025974026,2.0,1.45
Human,sub-004,hum,16.916666666666668,0.020833333333333332,0.010612455555952933,0.017391385378448226,0.013670902825282416,0.006666666666666667,0.003002815268333662,0.0007021791767554479,0.05204640487143935,0.11078116315349296,0.04704996142633293,0.057584698938050516,0.03493694018268882,0.15659077898525783,0.0016444612674246354,0.0020208728019721267,0.0036653340693967623,0.027742795821182036,0.0,0.006761198959870688,0.3867133333333333,1.85,1.5
Human,sub-005,bot,48.403225806451616,0.5645161290322581,0.006528644105309763,0.023507312906584744,0.019735350380703395,0.0,0.00639424093748136,0.000987971093234251,0.05715351942331351,0.043546251437243784,0.07009202237449855,0.05493832264346415,0.022425917935070493,0.10839367930485021,0.00043726658208067203,0.00044984255510571296,0.000887109137186385,0.01127452231429628,0.001750742823687761,0.0014014643781618669,0.638476923076923,2.95,2.4
Human,sub-005,hum,60.36206896551724,0.39655172413793105,0.006821653468441561,0.017148520182321266,0.013923511750433694,0.0005449874244928378,0.005359099525089151,0.0011485457253533088,0.044946318076131815,0.045079675350038456,0.06865679954128186,0.05967237206220576,0.02332571373290947,0.11208202825619795,0.0009576700689729162,0.0017201086156100167,0.002677778684582933,0.014009875783364305,0.0005659309564233164,0.0024719150357035073,0.7171578947368421,3.55,3.0
Human,sub-006,bot,55.872727272727275,0.4,0.005984837844604106,0.026976391861505824,0.007944893214253275,0.0015337812143490935,0.004360003238448351,0.0002915451895043732,0.047091452562665025,0.061026199165690756,0.07861155826550734,0.07824376067869042,0.02541006670937129,0.14060592753029796,0.0017393483709273183,0.005929329470227,0.007668677841154318,0.008233050951284723,0.005616663976879104,0.000918129489558061,0.7654285714285715,3.1,2.65
Human,sub-006,hum,48.339285714285715,0.5714285714285714,0.012939942756751692,0.017114891129902752,0.008926571643460687,0.00017470300489168416,0.00640852882707126,0.0015420936307012256,0.047106730992779296,0.05075309010972904,0.07300791223521229,0.08077798136914864,0.024612571283292084,0.12259858043890487,0.005146569799606165,0.006107890891771592,0.011254460691377758,0.007522938182761061,0.00379601567935016,0.0016049895410360528,0.7969222222222222,3.05,2.7
Human,sub-007,bot,34.93939393939394,0.24242424242424243,0.006432301490572731,0.030029742620278233,0.014091555836895444,0.0,0.005788157315433003,0.0,0.05634175726317941,0.08735298495016522,0.0601366879088588,0.06736656865441078,0.035793606056372884,0.14308931926472807,0.003317870901800456,0.0023851815645272215,0.005703052466327677,0.013286206641085645,0.005148500168622259,0.00415914756716977,0.8015933333333334,2.6,2.4
Human,sub-007,hum,33.6,0.2923076923076923,0.005128408922778568,0.023530723746974166,0.013622077988996305,0.0,0.005102616747578174,0.0,0.04738382740632721,0.08094180383922746,0.054209788319281166,0.05296686635268388,0.04322335711669252,0.13085810680516152,0.0035932814635385012,0.0020251501617060477,0.005618431625244549,0.024322347841242146,0.002102017021518644,0.0006119951040391676,0.6813488372093024,3.1,2.85
Human,sub-008,bot,11.070588235294117,0.0,0.007433471225811974,0.028874248087803072,0.018155977411850033,0.0,0.012074510872905793,0.0009881422924901185,0.067526349890861,0.03531589024237699,0.04131648165769843,0.032201916318283744,0.025719332528795446,0.07948897977185013,0.0,0.0010869565217391304,0.0010869565217391304,0.007386432834003167,0.0010869565217391304,-0.0019573546560053305,0.4376717391304348,2.875,2.25
Human,sub-008,hum,11.582278481012658,0.0,0.004560693949231015,0.02231055537450311,0.019483460846034292,0.0,0.013404814754706128,0.0,0.05975952492447454,0.04351255731365052,0.0326368126378535,0.029592491833861798,0.025890274999983566,0.07687806598528979,0.0007501875468867217,0.0,0.0007501875468867217,0.00754001297182169,0.0,0.0007267441860465116,0.4849511627906976,3.375,3.0
Human,sub-009,bot,54.48076923076923,0.019230769230769232,0.007830718650815987,0.02298980875084587,0.011360264198641275,0.0,0.004669426575109119,0.0,0.04685021817541225,0.09690114183348865,0.06920218681097695,0.06620859075388613,0.047281174026179845,0.15684278348376787,0.0027988745031710003,0.012793332537841923,0.015592207041012924,0.018563281580710356,0.010150600487898264,0.003943508092291366,0.8743531250000001,2.7,2.55
Human,sub-009,hum,54.81132075471698,0.0,0.009757755641077937,0.027363565813680997,0.00969015023323774,0.00027800945232137893,0.00442902480014557,0.0009702845523741048,0.05248879049283773,0.10117429895454566,0.07963125853109154,0.07278051105899006,0.04867501997380333,0.17263124874476224,0.004943193385727057,0.008395928739550352,0.013339122125277408,0.023150982482713037,0.0071401844485055295,0.0032099262877593616,0.9103333333333333,2.85,2.9
Human,sub-010,bot,37.95238095238095,0.25396825396825395,0.004069263500159947,0.025456659870286624,0.016335654260934206,0.0,0.004579721762969896,0.0006839945280437756,0.05112529392239444,0.10128326342235798,0.05304327019626955,0.05371460158629993,0.05997984255965311,0.15223533921009846,0.008350786668664097,0.006492536346390108,0.014843323015054205,0.03722276132096922,0.00332998805086229,0.0002613012803762738,0.7961627906976744,2.95,2.65
Human,sub-010,hum,38.83606557377049,0.14754098360655737,0.006124501658085631,0.025839198884569446,0.00851293940382878,0.0,0.0059372568192396025,0.0,0.04641389676572346,0.11421773601311698,0.05036960930343343,0.04626884920292618,0.07321359958344824,0.15697580278189932,0.007387930573366156,0.003635979207929647,0.011023909781295802,0.049029881292882944,0.0009879783398947161,0.00043554006968641115,0.8378878048780488,2.95,3.0
Human,sub-011,bot,31.791044776119403,0.07462686567164178,0.014430182054910961,0.01639736922124767,0.01289403510078979,0.0,0.006479655348098633,0.00031756113051762465,0.050518802855564676,0.05304342237950937,0.05166082134111024,0.040578834109937525,0.02306615859946071,0.10487401100764611,0.0014162145034036855,0.0027692389825580456,0.004185453485961731,0.009817505231195447,0.0037697746488606224,0.0019609050983565943,0.4822595744680851,3.15,2.85
Human,sub-011,hum,30.323943661971832,0.1267605633802817,0.010226229215123445,0.017803038891777978,0.016926382653542862,0.0005941770647653001,0.00628187864558571,0.0007262164124909223,0.052557922883286215,0.056385153370241456,0.043938118565321226,0.03842747353485207,0.02225736031587506,0.09897770368614034,0.0004001600640256102,0.0033259733164085147,0.003726133380434125,0.009615127131686224,0.0008050374621393273,0.0,0.5576823529411765,3.55,3.1
Human,sub-012,bot,33.18181818181818,0.22727272727272727,0.010163000311759264,0.039373300523832915,0.011092352746292073,0.000945179584120983,0.0037905019171904104,0.0004725897920604915,0.06583692487525614,0.07066558011529347,0.057494618139713974,0.03869829956217118,0.03466370215034633,0.12028998190082878,0.0,0.001314042483654996,0.001314042483654996,0.012596162263141303,0.002054039406407998,0.0029804696651464803,0.6480391304347826,3.15,2.9
Human,sub-012,hum,36.57575757575758,0.21212121212121213,0.00885616292644681,0.027309778778834667,0.014188126066288428,0.00018518518518518518,0.004563565482145518,0.0004629629629629629,0.05556578140186358,0.08461871720231816,0.06680511634674631,0.04968635983669923,0.03875481133058797,0.14462140086006667,0.001239247588645179,0.0028150172267819326,0.004054264815427111,0.01983740095118471,0.0023198397846285173,0.002621600931039402,0.6074088888888889,2.7,2.35
Human,sub-013,bot,62.723404255319146,0.0425531914893617,0.008885006820553062,0.01640085813734312,0.013033754394906739,0.0006672071889463194,0.005517875268625175,0.0,0.04450470181037442,0.07060042646787193,0.07818679440406141,0.054944701630853104,0.030160326299468403,0.14813799524809185,0.0013839043878656556,0.0044432090707982735,0.005827113458663929,0.023854568622528598,0.0004910162217211028,0.0006428139550326279,0.76165,2.75,2.4
Human,sub-013,hum,63.24444444444445,0.08888888888888889,0.011317572797588177,0.020041177689931074,0.015552381469972277,0.0003508771929824561,0.01016717652777444,0.0011842105263157893,0.05861339620456421,0.066569991956484,0.06280374302240435,0.041613260585741066,0.03292228344279105,0.12849173409384332,0.004472984164775925,0.0024230263252906364,0.006896010490066561,0.028293066965042475,0.0015383311850808384,-0.001130346947738252,0.7967839999999999,3.4,3.35
Human,sub-014,bot,51.16326530612245,0.0,0.010376606439964811,0.02630690842104014,0.01139936939224703,0.000225377507324769,0.001741650432791758,0.0007324768988054992,0.05078238909217401,0.06300009739663155,0.05802867723588755,0.049569296034821256,0.03920918340392196,0.11383296955778767,0.0024202470957034854,0.0008519269776876267,0.003272174073391112,0.014260268567594544,0.0008519269776876267,0.0003102016017711054,0.787148275862069,4.0,4.0
Human,sub-014,hum,55.53846153846154,0.019230769230769232,0.007575917208790103,0.027138060756721268,0.008219690493024014,0.0,0.0012042484943451742,0.00042386472987215325,0.04456178168275271,0.0775456296112035,0.042090376540615634,0.04216256426443449,0.042611870944682675,0.11084012368001336,0.004105555003271145,0.0006368543179983857,0.004742409321269531,0.017335585560102514,0.001677499408986726,0.002254911466319184,0.868075,4.0,4.0
Human,sub-015,bot,37.20338983050848,0.1864406779661017,0.010448953327905743,0.02539859773392922,0.013254529442005095,0.0,0.0058988789998443425,0.0008785182698226176,0.05587947777350701,0.06751223839753195,0.06558066441239156,0.06168064662718553,0.0378923568722499,0.13900799726292237,0.0017312576136105549,0.010061004575645323,0.01179226218925588,0.02177261014778717,0.0012897587042989065,0.002203989703989704,0.7150756756756756,3.05,2.9
Human,sub-015,hum,40.1578947368421,0.03508771929824561,0.0098683951691454,0.03131308842745339,0.018986991005479407,0.0,0.008469063712030463,0.0004826254826254826,0.06912016379673414,0.07512623080041742,0.06452430325442372,0.052184133895104394,0.04491514014383987,0.14478212289673392,0.002442002442002442,0.009410862121688663,0.011852864563691105,0.02122558215533175,0.0,0.0023706177186576674,0.6880135135135135,3.35,3.2
Human,sub-016,bot,23.565217391304348,0.17391304347826086,0.008563034783651814,0.018977879753258754,0.023443758459858906,0.0,0.002373163084238686,0.0,0.053357836081008164,0.09121807674616939,0.04995616641543236,0.08385229673347243,0.037608890123932516,0.1397239744956321,0.006321577120243174,0.0006167667457990039,0.006938343866042178,0.02459375127495599,0.0,0.0028817587641117052,0.5978166666666667,1.95,1.8125
Human,sub-016,hum,31.76271186440678,0.1016949152542373,0.010141059137099161,0.021798094761017173,0.017004733816833505,0.0005875440658049354,0.007769257104840466,0.00039745627980922096,0.05769814516540446,0.0948993372390069,0.06619013554401434,0.0773297756520161,0.056015305512475536,0.16113285923747847,0.009922513711819542,0.0013248542660307366,0.01124736797785028,0.03852328521512133,0.0008886898947139911,0.0004339836383180037,0.7052054054054054,2.6,2.5625
Human,sub-017,bot,27.636363636363637,0.12987012987012986,0.006771458791718304,0.03033607546975886,0.007425302897128567,0.0009489633173843699,0.006320187632504348,0.0013065881486934118,0.053108576257187866,0.1035626396282315,0.03739035559928831,0.040657757873270944,0.05738811477552689,0.13493723322776294,0.002715061483389929,0.02425723573337496,0.02697229721676489,0.01943628914299718,0.006467396754071749,0.0015530336105473632,0.5509436363636364,3.1,2.25
Human,sub-017,hum,24.38961038961039,0.07792207792207792,0.007325558910979715,0.02263069160810574,0.010319617866783462,0.0002506265664160401,0.00839177484767526,0.0,0.04891826979996022,0.09487493586667724,0.037427987644353,0.04772276401521769,0.05059193557130602,0.1274990776582052,0.0030768672258159485,0.02709840192100124,0.03017526914681719,0.016599180910585026,0.006660772008041274,0.012091065794724399,0.364759649122807,3.2,2.3
Human,sub-018,bot,24.894736842105264,0.013157894736842105,0.010153901584657378,0.021335011937558306,0.009609573422444301,0.0,0.014673540258704734,0.0010974610974610974,0.05686948830082582,0.06431631878708101,0.0446574165469743,0.04205027315930401,0.02229380014481075,0.10450245048150583,0.002300744569250057,0.0005865102639296188,0.0028872548331796764,0.00852928101147345,0.0,0.00034090909090909094,0.6625072727272727,2.466666666666667,2.05
Human,sub-018,hum,27.714285714285715,0.0,0.007945583231023304,0.02203506579366932,0.009068774018512585,0.0,0.010864534287907408,0.0007686932215234103,0.05068265055263603,0.060486357816509836,0.06790195154257457,0.05182698057265192,0.022173589644321867,0.12636678561594483,0.0006974984631389795,0.0009131224670571927,0.0016106209301961721,0.01268298207968308,0.0003197953309881676,0.0007219869079707355,0.6307301886792452,2.625,2.3
Human,sub-019,bot,38.27272727272727,0.3787878787878788,0.008644191681058375,0.027051641783000794,0.010950095860483651,0.00031269543464665416,0.0027180071878404465,0.002711455254394775,0.0523880872014247,0.08839070775659576,0.04700617784941121,0.0584994968021593,0.03660915548673533,0.13489497074549112,0.000869187309865276,0.015095217369343269,0.01596440467920854,0.013383858865324196,0.013137039436398637,0.02808343503231182,0.7058846153846153,2.8,2.4
Human,sub-019,hum,36.65625,0.28125,0.0077554348554662875,0.020549818249312492,0.011384020189709982,0.000132890365448505,0.004763159156800718,0.0003986710963455149,0.0449839939130835,0.09302213990533775,0.05500278951494954,0.06812613953625107,0.0474006001041238,0.14598567118579286,0.0028445305770887163,0.013777902914599401,0.016622433491688116,0.02207353569850773,0.008874937027937886,0.004409999086921179,0.7699285714285715,2.8,2.1
Human,sub-020,bot,49.08163265306123,0.02040816326530612,0.00694822372204661,0.0309780449738674,0.00521279302189488,0.0003287310979618672,0.00850285804012292,0.0,0.05197065085589368,0.07716811499003369,0.07003769406400692,0.0501608088466524,0.038090107001377466,0.13916261707738106,0.0023913144356600157,0.000965976733014474,0.0033572911686744894,0.015513794693412901,0.0011669497838014606,0.002079816734989149,0.7195307692307692,3.1875,2.875
Human,sub-020,hum,53.8125,0.020833333333333332,0.007714248804746744,0.023749203845234865,0.006664218172878679,0.0005197505197505198,0.005062137301125204,0.002275816930989345,0.045985375574725366,0.06644287820395352,0.07056998690384621,0.06268615159210475,0.037800110940054206,0.13314478068023036,0.001327702913612096,0.0011246133861005086,0.0024523162997126045,0.00826167928375298,0.0006888625872717697,0.0009164392641031187,0.7714269230769232,3.0,2.625
Human,sub-021,bot,6.794392523364486,0.037383177570093455,0.00809572800313541,0.013562322992147552,0.014025285955110515,0.0,0.0034527372490335446,0.0,0.03913607419942702,0.10629946636281919,0.027948451619949206,0.06708344810196662,0.02518338368728232,0.12997667482263633,0.009741287519065297,0.00339038533482978,0.013131672853895077,0.015801756542497283,0.0030864197530864196,0.02431827431827432,0.2173753086419753,2.0,1.85
Human,sub-021,hum,8.201923076923077,0.009615384615384616,0.00996841539380239,0.016875278969396616,0.020365318490705487,0.0,0.0013333333333333335,0.0,0.04854234618723783,0.12820168100167345,0.034953319225040136,0.0842580574062489,0.03308023863059731,0.16357803986337552,0.006509803921568628,0.002800402212166918,0.009310206133735545,0.029451005119010856,0.0012121212121212121,0.0012121212121212121,0.15052933333333332,2.5,2.4
Human,sub-022,bot,39.776119402985074,0.05970149253731343,0.009155995440255388,0.02191300585321376,0.007923147934160848,0.0009018759018759019,0.007357506610962674,0.0,0.047251531740468575,0.0807883955835193,0.06575953563312538,0.055404653472218665,0.0327490239951563,0.14880489475302608,0.0014418664428870595,0.0008540952418056205,0.0022959616846926797,0.026136184529496505,0.0007111566251351198,0.0006257982120051085,0.7403177777777779,2.75,2.55
Human,sub-022,hum,41.73529411764706,0.08823529411764706,0.016569616430132012,0.02212823335288447,0.012464371515113877,0.0,0.004824656186223303,0.0009968637992831542,0.05698374128363681,0.07451646579179796,0.0678332482973245,0.06077779184114215,0.029651518052194285,0.14585902477649085,0.002134466551745186,0.0,0.002134466551745186,0.021693340238860284,0.0013961823789280653,0.0016960110472962371,0.7815837209302325,2.6,2.45
Human,sub-023,bot,31.91304347826087,0.11594202898550725,0.005545688026248913,0.02826107074463109,0.011871594522484177,0.0,0.0042457895046991625,0.0005370569280343716,0.050461199726097715,0.08470913001628014,0.04926761894826518,0.03995205726450841,0.0426271369124687,0.12309482935498002,0.0022067321658565493,0.0,0.0022067321658565493,0.01910254535268212,0.0007518796992481202,0.0015102458042124281,0.6523789473684211,2.5,2.45
Human,sub-023,hum,41.354838709677416,0.14516129032258066,0.0070728305007901355,0.027931068865184046,0.012798341922055805,0.000859106529209622,0.0035924459760180846,0.0,0.052253793793257695,0.09929468729798901,0.04917394165106234,0.04164470052586343,0.059508280311001145,0.13531995459086366,0.00108187667995125,0.0003912363067292645,0.0014731129866805146,0.03211135600953762,0.0005221551296636621,0.0012875900436493007,0.7037361111111111,2.5,2.55
LLM,s001,bot,197.85,1.17,0.010550430189701865,0.013450661479446685,0.009893779878865798,0.001152521983973028,0.005118233074786227,0.001962583053633849,0.04212820966040745,0.03598565290458827,0.08487057812860777,0.0799069046399674,0.012797877528488745,0.11511844232504392,0.0010022829668150798,0.0014478855081455127,0.0024501684749605925,0.007636528684974002,0.0018199208145307242,0.0060389459796673615,0.983427,3.0,3.15
LLM,s001,hum,185.23,1.59,0.011906914470573864,0.011872347845075354,0.010715963794144518,0.00026332983222508726,0.006007490323052134,0.0003881155401808271,0.041154161805251784,0.03351599662676924,0.07973025813997864,0.07724489474485613,0.00996329399485436,0.10973260286355516,0.0010402715502932725,0.002182080121828377,0.0032223516721216496,0.005636685730125731,0.001697252497676362,0.006691939160396949,0.9784959999999999,3.05,3.05
LLM,s002,bot,195.43,0.86,0.011494206342071935,0.015414737194311724,0.00817659954344616,0.0006451604764855062,0.005365546955237971,0.0014470886280114085,0.042543339139564706,0.027614596533922845,0.08175281395616979,0.07683769349058134,0.009383028648161242,0.1054914428176159,0.0008370970894321797,0.001324844630998933,0.0021619417204311125,0.005562777809896396,0.0013270666403948856,0.00513667013669898,0.9483929999999999,3.0,3.05
LLM,s002,hum,177.13,1.55,0.013604342008163097,0.010614670225421173,0.010037779318247614,0.00044409762710282167,0.006177688392032985,0.001089763954200649,0.04196834152516834,0.033811272528947535,0.07517721308237559,0.07063200927235296,0.012656566229040277,0.10564063823519959,0.0013690309205462517,0.0019694836949894763,0.003338514615535728,0.007901536223055141,0.001846358742093273,0.007070831550066001,0.9600339999999999,2.9,2.95
LLM,s003,bot,176.33,0.81,0.013274094904934267,0.014271653613296117,0.009867673747019827,0.0010816787159174815,0.0037017496255199334,0.0015714944111448609,0.043768345017832486,0.03101646735874005,0.07750692940889123,0.0729036183932539,0.009689671930632079,0.10353166038515253,0.0009256613795032803,0.000957010839776635,0.0018826722192799154,0.005676656757582004,0.0013305497871276383,0.006696312548090294,0.966825,3.05,3.05
LLM,s003,hum,183.55,2.09,0.012885755572490897,0.011525250483358443,0.010575913841291014,0.0007200250335642194,0.0049756411350084925,0.0009163208209657563,0.041598906886678826,0.04406659027264511,0.07796643075824758,0.07366804237672932,0.017585652249415176,0.11821039940844563,0.0016269901358829245,0.004455134605208733,0.006082124741091658,0.010629480294041545,0.0031679255023578275,0.004786011914456387,0.97301,2.95,3.2
LLM,s004,bot,191.63,1.22,0.01324767571689768,0.012677080456427467,0.011829819288983556,0.0009942262896755162,0.005937805735224876,0.0016997634249672686,0.046386370912176365,0.034219988793855204,0.0771839056294433,0.0731440947189766,0.013051664179228867,0.1065154640123418,0.0012800171088359876,0.0020581434741556563,0.003338160582991644,0.0075077410987807285,0.002259214167730665,0.005356584616738661,0.962893,3.0,3.05
LLM,s004,hum,192.43,1.34,0.011553114958140097,0.012379908172775813,0.010296338756828373,8.107930672268906e-05,0.005183677480250865,0.0006198669377825901,0.04011398561250043,0.03448332534968294,0.0720050888971764,0.06674456436033992,0.012822358303675549,0.1040811477841173,0.0018858736503656963,0.0021730995313324784,0.004058973181698175,0.008166862478243159,0.0016192980208936342,0.0044369727735286526,0.93542,2.95,3.05
LLM,s005,bot,190.32,1.5,0.011606400591703434,0.010967076933770135,0.011890317314052561,0.0002887239888204116,0.006541748450486453,0.0007930810520362659,0.042087348330869266,0.03729435476265716,0.0818579623887543,0.07999243492593058,0.014681119977916726,0.11527684550372314,0.0012742689807728321,0.0018483090438637282,0.00312257802463656,0.009450234075155555,0.001751658327697649,0.005893847718673846,0.9590989999999999,3.0,3.1
LLM,s005,hum,182.26,1.53,0.013398993852096417,0.015066313120620305,0.013610771829727848,0.00034938024705937214,0.006067654163939621,0.000923900063999829,0.04941701327744339,0.038545568387479835,0.08134062496851234,0.07523335739414591,0.014384359313615867,0.11783348020908174,0.001647572044386233,0.002778407263771842,0.0044259793081580755,0.007953681117455941,0.001812750606628734,0.004226845980859969,0.986207,2.8,3.1
LLM,s006,bot,186.06,1.39,0.013541418972670067,0.013643881311342755,0.008955273257518964,0.0007894497559447777,0.004211085575463735,0.0012461547905298687,0.04238726366347016,0.0334162918008865,0.08331760523658817,0.0796530509554947,0.009923879803262994,0.1112481628535113,0.0018146955110750452,0.0006165449372262705,0.0024312404483013157,0.005021379027431394,0.0011226164843979754,0.00578145349320589,0.960797,3.05,3.05
LLM,s006,hum,174.49,1.55,0.009165379627158254,0.010280666865256638,0.00945387962196621,0.00046314677274979476,0.006400474384392407,0.0009700529035948348,0.03673360017511814,0.038165754159986624,0.07752229763699633,0.0741308847607228,0.013244481060837632,0.11296647523471526,0.0014536237238975177,0.002157917642440188,0.003611541366337706,0.008626353387769533,0.001836622551116698,0.004471434491553527,0.919552,3.0,3.05
LLM,s007,bot,188.15,1.07,0.01201938076647874,0.010518698838688563,0.009386712212937732,0.0001758597078198275,0.00473635996905723,0.0003030262929369387,0.03714003778791903,0.03529414638535747,0.08177140212625454,0.07922129764958419,0.011611143002015838,0.11196767966758504,0.0009587789397749347,0.0018073345120234153,0.0027661134517983498,0.006926920605770695,0.0013111668775722782,0.005822041513990354,0.985045,3.05,3.2
LLM,s007,hum,198.6,2.3,0.012880329424009494,0.0174596903754267,0.012970427738074174,0.0011277554368399768,0.0044550104041118565,0.0011577828877215113,0.05005099626618372,0.04177761886190388,0.0789721481246863,0.07184048918304825,0.01798743599932175,0.1174127421374978,0.0007188819756369025,0.004479836325113119,0.005198718300750022,0.011266400870205156,0.004852812217094771,0.004090563123022051,0.946002,2.9,3.0
LLM,s008,bot,201.98,1.04,0.012275069386282415,0.011341240741199545,0.010747322015103427,0.000827263507384368,0.003958282402341506,0.0014045537868754754,0.04055373183918674,0.02948767401364348,0.0802578317783035,0.07708727935541976,0.010557171915314387,0.10475712639259234,0.0017378860634272072,0.001809052435950802,0.0035469384993780093,0.0049467042555016525,0.0013524354311643559,0.006389034823821572,0.97811,3.0,3.05
LLM,s008,hum,191.4,1.75,0.012835498856235656,0.013220503521167961,0.00884064230288189,0.0003610799977286859,0.00520916092381532,0.0008460041066911215,0.04131288970852063,0.04231713043910031,0.0761064269453696,0.07126118151181599,0.016740150743046953,0.11481325777866928,0.0015631709847142238,0.0019084765667335684,0.0034716475514477924,0.011238746903451051,0.002043300415519503,0.005222036264759224,0.96488,3.0,2.95
LLM,s009,bot,198.01,1.28,0.013061898063078819,0.012937430252149877,0.010686647178858954,0.0007061601090513928,0.004911790714276991,0.0009883239260393452,0.04329225024345538,0.036214344123333145,0.07525602300299487,0.07254068634575347,0.013716905038546258,0.10791525700245665,0.0015338766858046466,0.0011774808505207385,0.002711357536325385,0.008662239209028358,0.0012209748639959949,0.006441498316915598,0.980484,3.05,3.0
LLM,s009,hum,191.61,1.58,0.010750826148484393,0.014698785689742757,0.010627587585583367,0.0003918035375202476,0.0048945654484276015,0.001198755144860278,0.04256232355461864,0.039059709910533286,0.07908084850938037,0.07554726898421771,0.01739740263229375,0.11539416936044862,0.0011058005311628202,0.0046546946635631055,0.005760495194725926,0.009533684388961251,0.004494728096850788,0.006731624652804374,0.9339459999999999,2.9,3.0
LLM,s010,bot,201.41,1.19,0.011988627768171278,0.014416151578721215,0.010807314649986171,0.0008201564831964269,0.006309269078371927,0.0009373031973888466,0.04527882275583586,0.032622431822683526,0.08053672452809044,0.07217662703184503,0.010551444553392773,0.10870004905559498,0.0014638917565508943,0.0008450947294725879,0.0023089864860234826,0.006491922985681055,0.0010921421970601572,0.0040535259727236175,0.972908,2.9,3.1
LLM,s010,hum,163.9,1.88,0.01087395403692508,0.011660079598853276,0.013198943438444476,0.0001819403714565005,0.00598785230180418,0.0008670673584637583,0.04276983710594728,0.04174769515877355,0.0818520531711423,0.07637617513743737,0.01671084194536878,0.12100509085493934,0.0011032935808588714,0.003129023559831152,0.004232317140690023,0.010299787048288964,0.0024433263435725792,0.004752673051046795,0.966264,3.0,3.1
LLM,s011,bot,183.06,0.92,0.011107434214158924,0.011296577244441004,0.010047852759622793,0.0007375824974427254,0.007443251910453263,0.00191909892714676,0.04255179755326547,0.029483774598284215,0.0807058602475102,0.07731000317421981,0.008092408488166659,0.10519381177169927,0.0011034861872602703,0.0015136408039793374,0.0026171269912396078,0.004721767542654337,0.000996026421215333,0.0049727882219970975,0.973523,3.1,3.2
LLM,s011,hum,180.9,1.36,0.011007389024088739,0.013817825268654963,0.014049975727505014,0.0008186462856909135,0.004124007285165459,0.0022140448600193293,0.046031888451124416,0.046765317380350634,0.07782267253455534,0.07392542557254028,0.016255432722963772,0.12120577272428988,0.0008981094550813121,0.0030463623995116646,0.003944471854592976,0.010827635569327532,0.003102672723791379,0.005417437256183008,0.9621460000000001,2.9,3.05
LLM,s012,bot,197.16,1.52,0.012907393405840342,0.015022475130917765,0.010546884514695716,0.0008541707081196819,0.004823891463231071,0.0009792543404946326,0.04513406956329921,0.036820080698593306,0.07871548496963256,0.07426173014640312,0.012614478573926502,0.1114928270670503,0.0022207351221849607,0.0033107175956887274,0.0055314527178736885,0.006847015067907205,0.002814742088298583,0.0049937135078769145,0.931408,3.0,3.1
LLM,s012,hum,182.93,1.32,0.013876661161732272,0.0159124452408711,0.01072067266024189,0.0008868975003210899,0.004640706448153041,0.0011701541601931414,0.047207537171512534,0.03481823476331787,0.08197615803895383,0.07789299005377491,0.014148355786267655,0.11254084147113605,0.001367119172735128,0.0018879154936710502,0.0032550346664061785,0.008840052166179956,0.0017660411103059277,0.005326636277012194,0.9811289999999999,3.0,3.0
LLM,s013,bot,187.26,1.7,0.010098295822158215,0.01244543446639828,0.01030910670336932,0.00036815267253758666,0.005106766370022656,0.0006973028758253765,0.03902505891031143,0.03982952075632585,0.07866086893269528,0.07586345732786591,0.01272612794227421,0.11232120562544999,0.001333181620628258,0.001760024558551912,0.00309320617918017,0.008056487677376078,0.0011376874766016794,0.005739144770821804,0.978982,3.0,3.1
LLM,s013,hum,182.85,1.95,0.014054110854664525,0.014699308069247465,0.012355944247294139,0.0004475058559335451,0.0029358537222044625,0.000837259474562546,0.045329982223906676,0.04267471668190277,0.08018958594787465,0.07891948557639986,0.019051526651022468,0.12011965666335632,0.0023930879670889375,0.004156051763607283,0.00654913973069622,0.01120648845137489,0.0040146045827181495,0.006353573104636826,0.9798009999999999,3.0,3.1
LLM,s014,bot,190.76,0.95,0.0103446563710365,0.012678106444208439,0.010475218048372932,0.0007183197424777771,0.006124594746551982,0.0018234693121952153,0.04216436466484285,0.036295487023442236,0.080260652665885,0.07534298056863077,0.014802612799920498,0.11288529011340259,0.0016657913596950047,0.0026791349241544003,0.004344926283849405,0.00807598094730568,0.0023325231136660553,0.006235265392754008,0.975441,3.0,3.0
LLM,s014,hum,189.19,1.46,0.012863091040758907,0.012156485996424988,0.009745512323193584,0.0012369717590486294,0.005199796250874099,0.000514484306306957,0.04171634167660716,0.04061734123483887,0.07929923667577174,0.07458599522362026,0.01631399969317809,0.11663687856043774,0.0016091145577430527,0.003229520023734167,0.004838634581477219,0.009866604840443242,0.0026811571432344876,0.004195022516332737,0.9771,3.0,3.1
LLM,s015,bot,193.99,1.42,0.010617208073708539,0.013810271209671003,0.009881938100988738,0.0007599752183727295,0.004984225123838977,0.0011094027262621199,0.041163020452842106,0.031361695112717664,0.08130303032273753,0.07686012133721735,0.01239408604832069,0.11014475474891863,0.0021099779045569284,0.0016363855762982294,0.0037463634808551577,0.007204946252737428,0.0017863627248118133,0.005886802566632387,0.957915,3.0,3.0
LLM,s015,hum,175.11,2.23,0.01087369983722857,0.010522534803749928,0.011926863329851765,0.0011585403138867462,0.006068016273558582,0.0002848879547333462,0.040834542513008935,0.04214294983050868,0.07602190094679448,0.07237203772572628,0.017975501920158562,0.11638392429697526,0.0006674322086867881,0.0029910735581783515,0.0036585057668651394,0.012673724664642328,0.0024923665352150786,0.005728709397175132,0.971345,2.95,3.15
LLM,s016,bot,184.65,0.91,0.010404829142357961,0.015880491265052466,0.010438538971207313,0.0006206653668741941,0.004364607924936679,0.0009207671376982948,0.042629899808126905,0.032381159002391385,0.07956415132047176,0.07592898721280993,0.009963690675857607,0.10739467757867911,0.0010825652891360185,0.0013548978432758483,0.0024374631324118666,0.005225625833022207,0.0011461608550769372,0.0049617251182775875,0.966255,3.05,3.15
LLM,s016,hum,163.33,1.18,0.014178424239419351,0.011103907523215774,0.010536615245202769,0.000507032182368894,0.006782701076959262,0.001870950058527,0.04497963032569305,0.031937245088862115,0.07982878617644944,0.07510721436053816,0.009803288458436352,0.10809816897282357,0.002115621600285862,0.001941330561738847,0.00405695216202471,0.004983224705216214,0.0013482801139400563,0.006762759643855179,0.9432630000000001,3.0,3.1
LLM,s017,bot,191.37,1.54,0.013632002222874475,0.014663739538764679,0.011947897140339425,0.00039006033312679163,0.004523897357660595,0.0011649428226368367,0.0463225394154028,0.035580750193205425,0.0824605196443447,0.07868078620083134,0.01318821072288853,0.11425356517699337,0.0011159477727544895,0.003268680289522015,0.004384628062276504,0.0060082156745168,0.003255604361327007,0.007135961199088754,0.9858509999999999,3.0,3.1
LLM,s017,hum,199.1,1.47,0.011453113664832837,0.013438725469440842,0.009255006185821478,0.0008889590150416591,0.005215623809165728,0.001906591348730964,0.04215801949303351,0.04050864893997483,0.0768682063103077,0.07378313459125722,0.016254760137835188,0.11392955733237292,0.0018166688006770943,0.002214920371385571,0.004031589172062666,0.01110831307051264,0.001852701903846508,0.004996062879004511,0.976233,3.05,3.15
LLM,s018,bot,166.24,1.4,0.012397391673653555,0.015541460540015787,0.010257667480158845,0.0008633073068896588,0.004630842834641155,0.002010039883411656,0.04570070971877066,0.033658489442728985,0.07565750323639972,0.07077913324287707,0.010396151314865758,0.10426109443815719,0.0009433486942821025,0.0017901446984595417,0.0027334933927416444,0.005922302054402161,0.0025282280323681875,0.007965045520370011,0.9722620000000001,3.0,3.1
LLM,s018,hum,192.38,1.6,0.012534070402521118,0.011369884627111679,0.009832642561342971,0.00042183522941800707,0.0031478083862977136,0.00022858967125236003,0.037534830877943855,0.03956118234027348,0.07992575174383439,0.07778741959962882,0.015376376533071183,0.11791956415846777,0.001386378601206975,0.00219042012398972,0.003576798725196695,0.009908529582454372,0.0024267714815132684,0.004544988683493639,0.944658,2.9,3.1
LLM,s019,bot,191.9,0.97,0.011614906535523366,0.012874869015547108,0.010813163231296356,0.000884793801972237,0.0046135987048922114,0.0013822509995875978,0.04218358228881888,0.03145638542824031,0.0816176708133896,0.07816369508868447,0.010028282246773658,0.10979988919715686,0.0013796569205192497,0.0010460972787117917,0.002425754199231041,0.004976877250496475,0.0010739118948343796,0.005074453955578901,0.9855849999999999,3.0,3.0
LLM,s019,hum,207.43,1.62,0.012201231920154161,0.014867460392656207,0.010966224116979848,0.0005656286066664809,0.004060878891581245,0.0009349448455638485,0.04359636877360179,0.04332476456202375,0.08052811166037775,0.07595121742525658,0.018416909472782638,0.12234765516234453,0.0013709390846077568,0.0033993676118159754,0.004770306696423732,0.01197044582274282,0.0026662583059216035,0.0044208482262409815,0.963022,3.0,3.05
LLM,s020,bot,182.85,1.24,0.011180066023519963,0.011555534120829224,0.010409202568743205,0.0005928510394112542,0.004577960226501943,0.0008008408601867786,0.03911645483919237,0.03323608611096697,0.08053587360262433,0.07774663954563146,0.008415855087411323,0.10849585021728339,0.0016040199968296526,0.0013410503737900812,0.0029450703706197334,0.003697920204863564,0.001209186198644118,0.006278242955460451,0.953094,3.05,3.25
LLM,s020,hum,201.0,1.41,0.01041266841360542,0.010579491884064937,0.009720634222201626,0.00041038918013527865,0.005766363236469421,0.0007892044366779396,0.03767875137315462,0.04426804216480923,0.08092304558508195,0.07826655311328107,0.018705843730486983,0.12357201135234414,0.0011316678795233804,0.002681837639554318,0.0038135055190776984,0.013258202831040355,0.001980352449496587,0.005322239995589723,0.980704,3.0,3.0
LLM,s021,bot,191.62,1.19,0.012615339146625527,0.015126430419136517,0.01249775126428522,0.00071513776133933,0.0056622344556469415,0.0014595749580885544,0.04807646800512209,0.03180523061655302,0.08066553771713167,0.07718558465623661,0.009882510847743376,0.10737291151406592,0.0020234808724910024,0.0004582578671902403,0.0024817387396812423,0.005295233370479225,0.001507851605675773,0.005666102475959647,0.970436,3.0,3.0
LLM,s021,hum,191.98,1.76,0.0142457934662885,0.015374376994271983,0.009913597902231277,0.0009157590436284065,0.004205223403470723,0.0007134643659878014,0.04536821517587869,0.042443305078440116,0.07788720583750262,0.07194852081972533,0.019103316452649247,0.11729609727020061,0.0006190679612547992,0.002891934970179735,0.0035110029314345337,0.01377813533203936,0.00262170785278513,0.00424113882486416,0.960497,3.0,3.15
LLM,s022,bot,190.07,1.35,0.013144504659079435,0.013311917372019167,0.011968526485439173,0.0004260824052214786,0.004425789175536318,0.0006905463470470059,0.04396736644434258,0.036863933982623456,0.08322249888394499,0.0770625418786461,0.014769533169909177,0.11566033828322021,0.001323128891673273,0.002273148841869096,0.0035962777335423694,0.008758077325606135,0.0021217738390693595,0.005730067268599587,0.9529850000000001,3.0,3.0
LLM,s022,hum,184.11,1.52,0.011528322791877115,0.012538367015377772,0.012274793048142099,0.000645026487833513,0.007073395132582304,0.0012939426287843889,0.045353847104597195,0.045414778216189715,0.07993437603476855,0.07650114827934594,0.015647310273673602,0.12057287483526341,0.0014073262435083571,0.002059545938289453,0.00346687218179781,0.01029063290018954,0.0024842163227825815,0.005077810633687187,0.962848,2.9,3.0
LLM,s023,bot,198.42,1.16,0.01078383633457395,0.013902443951547421,0.009658647773918417,0.0005912597888584243,0.006533547686548599,0.001754850013356915,0.04322458554880373,0.029423143751192305,0.07811151951080068,0.07640290502966297,0.00864153718609414,0.1036870463718958,0.0016311397405452885,0.0010713499352021155,0.0027024896757474035,0.004279525893380721,0.001022902810919729,0.0070763449041401924,0.9565260000000001,3.0,3.05
LLM,s023,hum,169.26,1.66,0.010055709963410587,0.01577451003604241,0.009841712223540694,0.0011138771907153874,0.005324898777794917,0.0010403238200286913,0.04315103201153269,0.046503103460543614,0.07939734723415393,0.07558095829131027,0.018844555959374974,0.12172983638783469,0.002008705820087028,0.0029134683797234456,0.004922174199810474,0.012197890206902241,0.002834472528301368,0.005575737164771182,0.9168600000000001,3.0,3.0
LLM,s024,bot,192.07,0.96,0.013014679000505512,0.012962479204529082,0.01103699216825149,0.00039981641601193117,0.005900174723690021,0.0012095396396046875,0.044523681152592726,0.029854850174447653,0.08385189324149729,0.0797189446499079,0.009619600749381655,0.10947189052166988,0.0014836872673832896,0.001192665403625324,0.002676352671008614,0.005846161641138328,0.001774425285495213,0.004625585752644756,0.9306319999999999,3.0,3.05
LLM,s024,hum,178.57,2.23,0.013132892530962257,0.011704895491152563,0.010918783453915712,0.0013911386631767764,0.00513492826781817,0.0015557261745477767,0.04383836458157325,0.04020868677889552,0.0807473960277565,0.07576452320544229,0.01896895601076353,0.11935630550311915,0.0009129747969431467,0.004533559174014467,0.005446533970957615,0.011728978252598929,0.0042692247651017826,0.0040481275276203574,0.9737009999999999,3.0,3.05
LLM,s025,bot,191.62,0.91,0.011014816104734199,0.013993062767752447,0.011495066848870899,0.0006199143704850629,0.005308549798924787,0.001013803603073258,0.04344521349384065,0.03690707208950229,0.07952156209315991,0.07621724887445075,0.014071020601206073,0.11190378722123986,0.00203854156578548,0.0013699629106403443,0.0034085044764258243,0.008543599050836124,0.0016964440007126854,0.004864708424663132,0.98387,2.8,3.05
LLM,s025,hum,187.64,1.56,0.011497031955386356,0.011643674728103301,0.009757840617675522,0.00038440253046782754,0.006205570921694087,0.0013216841537160566,0.04081020490704315,0.04146366012644723,0.07945671841810457,0.07686540092607493,0.015395435136563686,0.11732901979889503,0.0014799043332060404,0.003149327385465657,0.004629231718671698,0.009014646856773717,0.0024783848969430534,0.005020687404746395,0.9631810000000001,3.0,3.1
LLM,s026,bot,197.28,1.23,0.01112867422708132,0.012175911759298023,0.010444922119303104,0.0005144759409774806,0.006052418436007342,0.0012197566947573758,0.04153615917742465,0.03717828722576504,0.07668935930872653,0.07184265795511816,0.013527148174545865,0.10893842673188818,0.0010574575054138756,0.0018852824064520463,0.002942739911865922,0.009047278976123056,0.0017497097154691222,0.004431561816122302,0.9692189999999999,2.9,3.1
LLM,s026,hum,187.75,1.77,0.013989182634985881,0.010494773626801584,0.0105909185107887,0.0006515596785887746,0.006044896932800028,0.0007686621039708204,0.042539993487935794,0.035886926341334315,0.08084939771820066,0.07635564089784296,0.013767586745832405,0.11292420246752564,0.002025916483420733,0.0019706754448257187,0.003996591928246452,0.007647061325076141,0.0021349186801359298,0.007068903949460022,0.9718800000000001,3.05,3.05
LLM,s027,bot,201.31,1.24,0.009013690131648247,0.014117268626745916,0.01029517551359438,0.0007064703344723511,0.00576842446582082,0.0015091395810040986,0.04141016865328582,0.037173171308815124,0.08425585438360934,0.0806901067421649,0.01293543308522205,0.1162737404844401,0.0019604436604094113,0.0007860131770302497,0.002746456837439661,0.008465830180437405,0.0010821405949313048,0.0055613069764574655,0.959372,2.9,3.1
LLM,s027,hum,196.05,6.85,0.01324507986138509,0.01289161651439151,0.01243388307561864,0.0010745278892342852,0.005062412390908736,0.0008164135323794487,0.04552393326391771,0.04295310497853122,0.07781120196577389,0.0794789139504985,0.018463040650765494,0.11897952440703673,0.004580419352442234,0.004485287460972452,0.009065706813414686,0.01111823427942457,0.0046313604083284615,0.0055347142475999575,0.947474,2.9,3.05
LLM,s028,bot,167.19,1.55,0.011042999049992253,0.01183559482581582,0.009517947466464297,0.0005893523410768868,0.004834453974817261,0.00048392974817647734,0.03830427740634299,0.04038802613325057,0.08375191771471392,0.07913472009308598,0.015108561014831635,0.11896439423426598,0.0014916949597904808,0.003128148951995785,0.004619843911786266,0.008834635932938035,0.0027995068213629935,0.006116187599818007,0.968827,3.0,3.05
LLM,s028,hum,191.94,1.3,0.011206996900396303,0.012971777870439896,0.011153193104378631,0.0002569872528064266,0.0057921833906393674,0.0008601529040632201,0.04224129142272384,0.04068801141044858,0.08114807528787166,0.0762609953169158,0.01723480222622856,0.1197055345014569,0.0018454077889819623,0.0031061715972057493,0.004951579386187711,0.010881507117602569,0.002281158598051352,0.00394570427264648,0.967517,3.0,2.95
LLM,s029,bot,196.88,1.16,0.011974599286467815,0.015363993697029628,0.010141078836477264,0.0012347830664643676,0.003935828330205499,0.0021652050102103555,0.04481548822685493,0.032791478962555,0.08151421346829749,0.07666976652424835,0.01119129502078283,0.11039288713925637,0.001324267615072952,0.002089891820463888,0.00341415943553684,0.006224611602520178,0.002060348170289602,0.005304715202471576,0.986525,3.0,3.0
LLM,s029,hum,173.92,1.54,0.009504353421757605,0.012844390679751651,0.011277288614029357,0.0,0.005622474064049576,0.0006397007208510306,0.03988820750043922,0.045200681960412235,0.07704094178062974,0.07151236145675641,0.018223453503135704,0.12079002896142993,0.0022820088818752337,0.0037971469503605138,0.0060791558322357475,0.011478497455202154,0.003168029265546382,0.004437607995672737,0.980387,3.0,3.0
LLM,s030,bot,163.46,0.91,0.011166090547694496,0.011656413087607245,0.011027106477566995,0.0003869524163264661,0.004144321499315946,0.0008080243884621034,0.03918890841697325,0.034641585460620114,0.07864188077019543,0.07634292462582262,0.009026892251611688,0.1061088753414273,0.0014052039282929191,0.0005431978975836056,0.001948401825876525,0.006051492985866621,0.0010948989460363074,0.009154031882337125,0.976136,3.0,3.15
LLM,s030,hum,174.47,2.15,0.01372229916235259,0.011744656424417426,0.012604700654291883,0.0004910040295339153,0.004367055482295598,0.0004881429650940448,0.04341785871798546,0.04353042220106278,0.07724844763800288,0.07332793052451958,0.02049214738076149,0.11890681835117922,0.0017095342766499037,0.003403445739749192,0.005112980016399096,0.013773439323744297,0.00277246630402718,0.005207711363752508,0.9647150000000001,3.0,3.15
LLM,s031,bot,183.96,0.97,0.01329689134496651,0.014105496281533488,0.01017230194142017,0.0005211207137907805,0.005258328889340716,0.0012788331574282523,0.04463297232847992,0.03415976011552454,0.07979113096118301,0.07646294245505608,0.012143186240436598,0.10965025254822855,0.0024218942964461224,0.0016762072789984436,0.004098101575444566,0.005925383313819921,0.0019272324621168724,0.006973721031844587,0.970213,3.0,3.0
LLM,s031,hum,188.3,2.16,0.011804986695784187,0.011217147722537558,0.010734692264827405,0.0008103383739037495,0.005621389797201992,0.0006934577664142118,0.0408820126206691,0.03742909748889323,0.0768755443479618,0.07039398362940685,0.015231207870778576,0.11179383350548018,0.001250846510479637,0.0025180642652075334,0.003768910775687171,0.010535773132951872,0.0018844191599814955,0.006630268663130205,0.9648680000000001,3.0,3.05
LLM,s032,bot,182.46,0.97,0.012170267287493909,0.012850315097918681,0.009671059535643846,0.0011307222686566226,0.005034466929863566,0.0020066637154926206,0.042863494835069245,0.031210529601781847,0.08021356687369387,0.07546113196353238,0.011555601061882106,0.10615458863709656,0.001370208504706776,0.0012167520633907377,0.002586960568097514,0.0071977131483237314,0.0007596016464159258,0.007279078877421702,0.979169,2.9,3.0
LLM,s032,hum,193.47,1.64,0.012629517639635674,0.01631893174736391,0.012192961529065162,0.00037249165302774085,0.004126119235766031,0.000792903397737705,0.04643292520259622,0.04482934316051883,0.07848369012528096,0.07532039856177201,0.020307527483311428,0.12007428662195765,0.0025950992534119173,0.003633525377422752,0.0062286246308346695,0.012591033777155251,0.003654570430209285,0.005497868123542563,0.978708,2.95,3.1
LLM,s033,bot,187.81,1.3,0.011263796525010843,0.011674437273823859,0.009138738086742308,0.001304591770797968,0.0063208389490848615,0.0025401284025852538,0.0422425310080451,0.034769978529371415,0.07739301411498792,0.07265856684696162,0.011168217713042345,0.10701600960962501,0.0010140880037291472,0.0007630772226302572,0.0017771652263594043,0.007997835138773928,0.0014396095406239368,0.006427262515834542,0.981342,3.0,3.1
LLM,s033,hum,194.74,1.54,0.01222844963895761,0.01295130071707527,0.014625172590491375,0.0004753632070485377,0.004436179752679723,0.0007343453909229826,0.04545081129717549,0.04216448769849537,0.08455342541343025,0.08231147668026186,0.01623688757773473,0.12142634015089496,0.0016571543828838285,0.0024374553444682636,0.004094609727352092,0.010325599024788325,0.0024927342341384546,0.0065331679998418945,0.986538,2.8,3.05
LLM,s034,bot,180.48,1.49,0.009305079699244713,0.009493303344324942,0.011982109224430625,0.0007842776821276534,0.006524432307017014,0.0008962293000644113,0.038985431557209356,0.03306344534867478,0.0798840338897849,0.07933559200250791,0.012626087595502423,0.10947114694558284,0.0018871049472643433,0.0013247451117510641,0.0032118500590154076,0.007979761218214896,0.0010948326702426286,0.0051801708525058944,0.9822580000000001,2.9,3.1
LLM,s034,hum,179.81,1.78,0.011532007710722351,0.01736802661963666,0.011361354281817478,0.0012320964712535473,0.0046560541763186565,0.001779294024253163,0.04792883328400186,0.04428905908541382,0.07583212593702494,0.07221374260524278,0.018122363430485088,0.11589969717707772,0.0025745158972058837,0.0030681307195644107,0.005642646616770294,0.011045193437480717,0.002393209962705217,0.005798048547445017,0.967143,3.0,3.05
LLM,s035,bot,183.85,1.09,0.012320666864774638,0.015584499902100972,0.008805187866517641,0.0004865952606231495,0.004919168707239658,0.0013409407349614004,0.043457059336217456,0.034401907151798576,0.07853526080692058,0.07376446906439847,0.010266808382612284,0.1068709823068039,0.0006585964823114633,0.001512440545676838,0.002171037027988301,0.0067227130395092986,0.001585220543864082,0.0070724219693945045,0.9807210000000001,3.0,3.1
LLM,s035,hum,174.75,1.9,0.013731808523727376,0.01132680202171149,0.011813033649821798,0.0008585022999576522,0.004913701282806499,0.0015096938543678459,0.044153541632392664,0.04118196651289347,0.07965865427769106,0.07596818138293064,0.016563190412346423,0.11720224466525059,0.0020739584816349206,0.003558807607315956,0.005632766088950877,0.010173483193117767,0.003769582940891024,0.006096822111391857,0.981215,2.8,3.1
LLM,s036,bot,175.55,1.55,0.010894838535517523,0.012907205569683276,0.010463378432787163,0.0005514763350852762,0.0071668799125566484,0.001164516125084565,0.04314829491071445,0.039021207428595245,0.08281104057007306,0.07912025252671234,0.012356433010360596,0.1192320645990114,0.0008531886331490739,0.00274853344436434,0.003601722077513414,0.0078027592196825025,0.0022722720084235523,0.005836901241341886,0.967021,3.0,3.05
LLM,s036,hum,191.03,1.86,0.011611833365549004,0.01175553658496376,0.009803714715834806,0.00038230162301800127,0.005722165166650028,0.0010107758632344934,0.040286327319250095,0.043810448193684313,0.076633009457054,0.07346116077314102,0.01892334175930953,0.11867547419366092,0.0014056250490500277,0.004260734166491459,0.005666359215541487,0.012511720752766766,0.0037373819525563907,0.0052453996134509615,0.953548,3.05,3.1
LLM,s037,bot,195.03,0.9,0.011142217583261045,0.013996945552330749,0.008303349769643238,0.0015374771305274012,0.005835946668254941,0.0021398035023057296,0.042955740206323104,0.02965945349435304,0.0778368328245559,0.07412429484260169,0.009624125889415499,0.10226471143558785,0.001806804205713019,0.0010130225204208673,0.002819826726133886,0.004821332315280247,0.0009885869568826424,0.004650824950350042,0.9531040000000001,3.0,3.05
LLM,s037,hum,180.44,1.74,0.01497974068006192,0.0118180990926934,0.011847796073792218,0.00020342842760974762,0.004312220515517415,0.0006771861488949146,0.043838470938569615,0.03994742855711424,0.0776411610377578,0.0742207315906711,0.01678475064160816,0.11577274492301132,0.0015110687166992043,0.0038062903613481462,0.005317359078047351,0.010631191828381722,0.00323829985759853,0.006457623004845659,0.974025,3.0,3.05
LLM,s038,bot,178.69,1.36,0.01339909477040087,0.015600871245521584,0.01043462823111479,0.00047207763534883317,0.006132763043899559,0.0010353664237329164,0.047074801350018555,0.037027450969715416,0.08337412244890077,0.07945899031219163,0.011532917199027081,0.11447605324626478,0.0016518383051683384,0.0011114483333287536,0.002763286638497092,0.006590218677377215,0.0014073733531229469,0.007783619981458081,0.970981,3.0,3.1
LLM,s038,hum,187.27,1.87,0.013738200347860352,0.01210334301784135,0.009393342855297613,0.0003870288085011882,0.004723469347593477,0.0014794140833397946,0.04182479846043377,0.038212653637498824,0.07646207009687661,0.07238999272381559,0.014079930774442175,0.11179741331893318,0.0012531766441010621,0.0024561798489447445,0.003709356493045807,0.0090292687411154,0.002554093786010258,0.004196978784730982,0.962641,3.0,3.0
LLM,s039,bot,201.35,1.0,0.011258067665128995,0.014192835236719286,0.009667862716818873,0.0005086910097077662,0.004856590696940401,0.0011998274927172289,0.041683874818032554,0.028646686796950836,0.07827864136234867,0.0753984805686542,0.009077252522015264,0.10179788856906978,0.001486335396261945,0.0009026611752271077,0.0023889965714890527,0.004818614390385441,0.0011999929943567983,0.005181330528155479,0.985084,3.0,2.95
LLM,s039,hum,163.99,1.97,0.013407292208328392,0.012134474457505881,0.011167565127219947,0.000140135546197831,0.006685557977734306,0.000977982805256472,0.044513008122242834,0.04060711728771768,0.07542645939719969,0.06993759242591638,0.01729179421933712,0.11424965110739584,0.0010460827177335092,0.004486461160080908,0.0055325438778144175,0.010119402996402113,0.0036187638594524464,0.00443395696569856,0.957657,3.0,3.1
LLM,s040,bot,185.88,1.28,0.010736807920392461,0.013685236728833552,0.009289461647096991,0.0010016935995607874,0.005528180714432,0.001343030564010483,0.04158441117432628,0.03547803075661178,0.07633751464746137,0.07164059989314907,0.013066609557699354,0.10801905076338086,0.0004733469426506126,0.0024081966398741593,0.002881543582524772,0.008298889601342696,0.0019596653895483677,0.006348638462039353,0.9418460000000001,2.9,3.1
LLM,s040,hum,178.58,1.95,0.013675212197385518,0.01281793064039737,0.01263833797337948,0.0003148834785567098,0.003985001594559497,0.0011796246525624038,0.04461099053684098,0.041708637858129366,0.07998922648252481,0.07621539213290188,0.01822740628758728,0.11950613715090216,0.002644400503295254,0.0038072712743383442,0.006451671777633597,0.011341291932995587,0.0027828773678523805,0.0047262785356015444,0.9402330000000001,2.9,3.1
LLM,s041,bot,188.25,1.33,0.01150516617020781,0.014309584433835825,0.010701464548011946,0.0004665428986774364,0.0044082430705539325,0.0013863955691288748,0.042777396690415824,0.030341944433032654,0.0775004412807631,0.07221502672133823,0.010359913328142883,0.10310610446924282,0.0009705442599354258,0.0023509066951886543,0.00332145095512408,0.005256199041445717,0.0020962015613025207,0.005998537829756562,0.96553,3.05,3.1
LLM,s041,hum,176.29,1.63,0.011928460981307764,0.011566661216884875,0.009500002165710513,6.802721088435374e-05,0.005491288184640615,0.0009513869710798248,0.03950582673050795,0.03851582856404862,0.07499527294015917,0.06730728742399758,0.014282740709556261,0.11091567284214834,0.0008461362081099013,0.002999661915497113,0.0038457981236070145,0.008410317698964602,0.0020317412375560713,0.006086837605826979,0.953036,2.9,3.15
LLM,s042,bot,173.31,1.27,0.012214667914153291,0.014413838606682834,0.010716147612107192,0.0004391680791027793,0.004392879107946762,0.0012225421537150275,0.04339924347370789,0.03676839483047305,0.07786035323859586,0.07524290792894715,0.012254851217055109,0.10983882431823509,0.0007626063626339468,0.00310924075626394,0.0038718471188978866,0.006348403344550562,0.002390203699165436,0.00627947076856475,0.944302,3.0,3.0
LLM,s042,hum,201.85,2.05,0.01333700392818845,0.013552853188824378,0.010556927799987369,0.0002665458448443208,0.005186254942431433,0.0008764162270904965,0.043776001931366444,0.044989558307137766,0.0786797115299322,0.07336699104374143,0.01996484272868394,0.1201400355306534,0.0019659758245185233,0.002971639694938612,0.0049376155194571355,0.014631488898640528,0.0023110483014499874,0.003755184330567665,0.9615900000000001,2.9,3.1
LLM,s043,bot,183.87,1.18,0.011942755394556574,0.012646179901659869,0.01035126682690608,0.0005141923866565662,0.004988647291353188,0.0011028690818984874,0.041545910883030765,0.031827682932468286,0.07719407912943374,0.07462276284085123,0.011377499293944292,0.10308461812986584,0.0010057812414365913,0.0018244557786659932,0.0028302370201025843,0.006536505866965342,0.0017368694770576946,0.006000723101447979,0.977696,3.0,3.05
LLM,s043,hum,185.05,1.98,0.012158559603761589,0.01140196011341976,0.010890880223031451,0.0007202847987943839,0.004115913339749151,0.0010481723916559887,0.04033577047041233,0.050597884918778126,0.07663831776240705,0.07447150280208517,0.021098623962954813,0.12492589870074677,0.0011553476358617074,0.003958806995762336,0.005114154631624044,0.014108435102357564,0.002981188500006931,0.005007238443113675,0.949674,3.0,3.05
LLM,s044,bot,181.71,1.33,0.009725127598197117,0.010362255992349427,0.010163598923908349,0.00029618575475515987,0.004924717257888927,0.0012836749962791135,0.0367555605233781,0.036070889374100516,0.08177829728810879,0.0757303702865628,0.012197252039058536,0.1123802851364922,0.0015606498925354547,0.0020758483824412487,0.0036364982749767035,0.007860705571666122,0.0017227783355133898,0.006310981222958989,0.9814039999999999,3.0,3.05
LLM,s044,hum,199.46,1.22,0.01148063684369821,0.011169774373139254,0.010792591190825327,0.0009804931468681834,0.004332827482967053,0.0011460272975235247,0.039902350335021555,0.032149600005358714,0.07782813471383214,0.072571450686646,0.011246553195058911,0.10505404434495542,0.0012099774986492962,0.0016876991594546832,0.0028976766581039794,0.006606524678010953,0.0013472322768973187,0.005855970418693934,0.9745940000000001,2.9,3.05
LLM,s045,bot,178.96,0.9,0.010497218077878552,0.013636806984965047,0.010504477264171254,0.000716295281888478,0.005208603084854384,0.0008969328847009039,0.04146033357845862,0.027537990547775604,0.08209757722541154,0.0762310216321519,0.007746121549386936,0.10483443032205311,0.0012913429847092551,0.000637758962416425,0.00192910194712568,0.004721661690222529,0.0007943989411627969,0.0067604282388040405,0.9706189999999999,3.05,3.15
LLM,s045,hum,179.56,1.74,0.01314293310582358,0.01476635310830847,0.011242915675914702,0.0010107294227827497,0.006313158984718494,0.001966632698525813,0.04844272299607381,0.04166987476023763,0.07405221897147271,0.07350408912782302,0.015196440580955501,0.11272421678060844,0.0024257047713608622,0.0036012060108219636,0.006026910782182826,0.00741190800489523,0.0028433569301097293,0.006439012625508654,0.953481,2.9,3.05
LLM,s046,bot,193.9,1.33,0.012827015481342234,0.017451537122119574,0.00825310284280668,0.0009269261689430847,0.004808477308515822,0.0008930759744363954,0.0451601348981638,0.035144325448179685,0.08109763554075133,0.07732017890200087,0.014920458546571891,0.11115470574976802,0.0014063920822002657,0.0020957230170352663,0.003502115099235532,0.009113117008790955,0.002528540690887213,0.00578540742189975,0.9859910000000001,3.0,3.15
LLM,s046,hum,206.12,1.74,0.008613491015193004,0.010910822574722567,0.011560841335981634,0.0006546078244679201,0.005741895133805933,0.000695642295829401,0.038177300180000456,0.0346698483992543,0.08082124370190412,0.07527666071807872,0.013631264245815228,0.11325638432985677,0.0017545877979046791,0.0026146502712761288,0.004369238069180808,0.009014760240061419,0.001745958989653905,0.005376775344979759,0.9410609999999999,2.9,3.05
LLM,s047,bot,191.63,0.83,0.012773627668517574,0.015609631717889195,0.011669060257194584,0.0005167969641093065,0.006152875380312803,0.0013051292451669943,0.04802712123319045,0.034039836134709296,0.0784327743600782,0.07440671013554495,0.011211090132589276,0.10840708819157126,0.0022119613581741593,0.0009400459859271168,0.0031520073441012758,0.006722173031077798,0.0010551341472666313,0.004959784669313319,0.974814,2.9,3.0
LLM,s047,hum,189.94,1.51,0.015784399922235754,0.011736095386024112,0.012286954339978545,0.0014678219697871458,0.0048097208261953465,0.0017145915216597951,0.047799583965880695,0.03742152562471054,0.07827565551010605,0.0743203942568994,0.01396545611203568,0.11129277640456436,0.002054161832141545,0.0020866129369290364,0.004140774769070581,0.008156245477103608,0.0025494398329572983,0.005827584368230892,0.95729,3.0,3.0
LLM,s048,bot,195.51,0.91,0.01063183485989571,0.016100579903328957,0.009386729242563334,0.0004392485322996803,0.005281175365291732,0.0009895314801392503,0.042829099383518664,0.033375559879938815,0.08191001150829445,0.07795977490795648,0.01056028294022467,0.1095709320886711,0.001576039152775285,0.00106221687324523,0.002638256026020515,0.006992950058339937,0.0012446049257227392,0.005916941702162745,0.98505,3.0,3.1
LLM,s048,hum,194.98,1.95,0.011682164090601958,0.011355057980819809,0.00984927277388768,0.00029284364727155855,0.005204884539514743,0.0013746701701041397,0.03975889320219989,0.04198934288750359,0.07574068107175976,0.07302762677418179,0.017787551996321475,0.11564100396496277,0.0006794035222161629,0.004100313475650252,0.004779716997866415,0.011730539551437396,0.0031561263964720926,0.00523081628897512,0.978979,3.0,3.0
LLM,s049,bot,180.5,1.28,0.01374279024792688,0.01603121992112496,0.012881174595897786,0.0007440767595804296,0.004250998120631986,0.0013391242640370272,0.04898938390919907,0.03490832548794593,0.0783370648090704,0.0729145795666769,0.011796867296384642,0.10801464773171311,0.0013511133608935459,0.001976345939028031,0.0033274592999215768,0.006812488452054241,0.0016417036720559532,0.007054542994352797,0.9445600000000001,3.0,3.0
LLM,s049,hum,194.37,1.87,0.012097023606653157,0.009732258212347512,0.010717450366649521,0.0007071375612097806,0.0032258817642268887,0.0012763162648079013,0.03775606777589476,0.043366013201709824,0.0755342047046571,0.07350620212633213,0.018502479967891276,0.11611755218131928,0.0012003662071156127,0.003836831592136995,0.005037197799252607,0.011495165285124684,0.0029021063488751044,0.004198174957167858,0.982884,3.0,3.1
LLM,s050,bot,200.04,1.64,0.013342507501568674,0.013701467397672891,0.009749207294452764,0.0006097097576906911,0.0067452094913289275,0.0012884961637357306,0.04543659760644967,0.03452404131390734,0.07626496246895037,0.07381551244828635,0.012411464008875802,0.10708987130204889,0.0010415085626551673,0.002763402548306484,0.003804911110961651,0.007102772807883925,0.0032378318013165847,0.004703184968531297,0.9852960000000001,3.0,3.1
LLM,s050,hum,194.1,1.77,0.008995185345614935,0.014853237313897722,0.012218053572921779,0.0006023930430396914,0.004866421888014264,0.0008019021886305031,0.04233719335211889,0.040352169478950435,0.08395369841329739,0.08040835873768075,0.015827374284893815,0.11952404664092028,0.0020045469107127555,0.0025591051773945655,0.004563652088107321,0.00939390500661974,0.002186365031975221,0.007133851441087585,0.9823569999999999,3.0,3.05
