experiment,subject,condition,um_rate,uh_rate,er_rate,ah_rate,well_rate,so_rate,you_know_rate,i_mean_rate,like_rate,basically_rate,actually_rate,right_rate,okay_rate,filled_pauses_rate,discourse_connectives_rate,interactional_phrases_rate,quotative_hedge_rate,pragmatic_stance_rate,filler_composite_rate
Exp1_Human,sub-001,bot,0.0,0.0,0.0,0.0,0.00023255813953488373,0.007480235855439322,0.0024590536737988493,0.0,0.014153460045104564,0.0,0.000925467773562776,0.0010138530002871088,0.0002527805864509606,0.0,0.007712793994974206,0.0024590536737988493,0.014153460045104564,0.0021921013603008453,0.026517409074178464
Exp1_Human,sub-001,hum,0.0,0.0,0.0,0.0,0.00182722749886929,0.005444144403505968,0.0037520344545731005,0.00021843599825251202,0.009828933384921011,0.0,0.0017597797912541036,0.0002506265664160401,0.0,0.0,0.007271371902375258,0.003970470452825612,0.009828933384921011,0.0020104063576701437,0.023081182097792023
Exp1_Human,sub-002,bot,0.002185865837042727,0.0,0.0,0.0,0.0005505172615249103,0.008695393277320418,0.000954628901127721,0.0034268904764087906,0.02160812151105595,0.0003325573661456601,0.00044991836532752815,0.0,0.00019790223629527015,0.002185865837042727,0.009245910538845326,0.004381519377536511,0.02160812151105595,0.0009803779677684584,0.03840179523224897
Exp1_Human,sub-002,hum,0.002706372248830249,0.0,0.0,0.0,0.0006217477808386899,0.0065535181787999665,0.0,0.0012836515344140278,0.024608841579202012,0.0,0.0013139431049878812,0.0004662004662004662,0.00017024174327545113,0.002706372248830249,0.007175265959638656,0.0012836515344140278,0.024608841579202012,0.0019503853144637985,0.037724516636548744
Exp1_Human,sub-003,bot,0.0017032688265564977,0.0,0.0,0.0,0.002200156620262438,0.01746355136943153,0.006485420678467897,0.0007553257946339708,0.008568701737969095,0.0007367464405107613,0.003593623740582614,0.00017692852087756547,0.00022222222222222223,0.0017032688265564977,0.01966370798969397,0.007240746473101868,0.008568701737969095,0.004729520924193163,0.041905945951514596
Exp1_Human,sub-003,hum,0.0,0.0,0.0,0.000122684333210649,0.002207479733092698,0.01032421742753459,0.0050312836174392275,0.0007291282939747382,0.007731846015133256,0.0018421188348841683,0.003140187925614662,0.00036294115241483665,0.0,0.000122684333210649,0.012531697160627287,0.005760411911413966,0.007731846015133256,0.005345247912913667,0.03149188733329882
Exp1_Human,sub-004,bot,0.0,0.0006493506493506494,0.0,0.0,0.0016111707841031148,0.009775430094692433,0.0,0.0009276437847866418,0.03050319815106393,0.0,0.0,0.0012951529344971968,0.0,0.0006493506493506494,0.011386600878795547,0.0009276437847866418,0.03050319815106393,0.0012951529344971968,0.04476194639849397
Exp1_Human,sub-004,hum,0.00022598870056497175,0.0,0.0,0.0019047619047619048,0.0014184725668596636,0.011996438971628255,0.0,0.0012794177500059852,0.027742795821182036,0.0,0.0009500000000000001,0.0007407407407407407,0.00015686274509803922,0.0021307506053268766,0.013414911538487919,0.0012794177500059852,0.027742795821182036,0.0018476034858387798,0.046415479200841596
Exp1_Human,sub-005,bot,0.0,0.0,0.0,0.0,0.00043726658208067203,0.008994105060954667,0.00044984255510571296,0.0,0.01127452231429628,0.0,0.0004722222222222222,0.0006177101122778969,0.0,0.0,0.009431371643035341,0.00044984255510571296,0.01127452231429628,0.001089932334500119,0.022245668846937454
Exp1_Human,sub-005,hum,0.0,0.0,0.0,0.0,0.0009576700689729162,0.009326077941314908,0.0002829654782116582,0.0006550467076782866,0.014009875783364305,0.0,0.0015912855065587453,0.00043684428042140065,0.0,0.0,0.010283748010287823,0.0009380121858899448,0.014009875783364305,0.0020281297869801456,0.02725976576652222
Exp1_Human,sub-006,bot,0.0004761904761904762,0.0,0.0,0.0,0.0012631578947368421,0.011310292801661265,0.0004485310607759587,0.0015151515151515152,0.008233050951284723,0.0,0.0010268600852426386,0.0026010247656589117,0.0012484140503385716,0.0004761904761904762,0.012573450696398106,0.0019636825759274737,0.008233050951284723,0.004876298901240123,0.028122673601040902
Exp1_Human,sub-006,hum,0.0010288065843621398,0.0,0.0,0.0,0.004117763215244025,0.00921878795728619,0.0016124091025397,0.0,0.007522938182761061,0.0,0.0004343084046839998,0.0014340421178395896,0.0007808595702148925,0.0010288065843621398,0.013336551172530214,0.0016124091025397,0.007522938182761061,0.0026492100927384818,0.0261499151349316
Exp1_Human,sub-007,bot,0.0014492753623188406,0.0,0.0,0.0,0.0018685955394816152,0.01522347539377103,0.0009076296765923094,0.00017497812773403323,0.013286206641085645,0.0,0.0,0.00047281323877068556,0.0,0.0014492753623188406,0.017092070933252643,0.0010826078043263427,0.013286206641085645,0.00047281323877068556,0.033382973979754156
Exp1_Human,sub-007,hum,0.002464300285597715,0.0,0.0,0.0,0.0011289811779407863,0.006541606380966879,0.0013497919282082793,0.0,0.024322347841242146,0.0,0.0003322259136212624,0.0011627906976744186,0.0,0.002464300285597715,0.0076705875589076645,0.0013497919282082793,0.024322347841242146,0.0014950166112956812,0.03730204422525149
Exp1_Human,sub-008,bot,0.0,0.0,0.0,0.0,0.0,0.004606713174040202,0.0010869565217391304,0.0,0.007386432834003167,0.0008695652173913044,0.0,0.0,0.0,0.0,0.004606713174040202,0.0010869565217391304,0.007386432834003167,0.0008695652173913044,0.013949667747173803
Exp1_Human,sub-008,hum,0.0,0.0,0.0,0.0,0.0007501875468867217,0.0019413549039433774,0.0,0.0,0.00754001297182169,0.0009689922480620155,0.0035714285714285718,0.0,0.0012919896640826872,0.0,0.002691542450830099,0.0,0.00754001297182169,0.005832410483573274,0.016063965906225063
Exp1_Human,sub-009,bot,0.001174098671726755,0.00020161290322580645,0.0,0.0,0.0014231629282184387,0.01468682807138506,0.010150600487898264,0.0005149147727272728,0.018563281580710356,0.0,0.0027862274478149688,0.0018709933260673195,0.00048828125,0.0013757115749525616,0.0161099909996035,0.010665515260625537,0.018563281580710356,0.005145502023882288,0.05186000143977424
Exp1_Human,sub-009,hum,0.003511553570248858,0.0,0.0,0.0,0.0014316398154781995,0.01718949304433759,0.006746638600414227,0.0006734006734006734,0.023150982482713037,0.0,0.0026821415058264674,0.0009481939853684791,0.0008637652838279797,0.003511553570248858,0.018621132859815787,0.0074200392738149,0.023150982482713037,0.004494100775022926,0.05719780896161551
Exp1_Human,sub-010,bot,0.007152774565846654,0.0,0.0,0.0,0.0011980121028174434,0.007696125547996517,0.001875629182079591,0.0016184882008425524,0.03722276132096922,0.0,0.0014497979158731977,0.00019062142584826535,0.0,0.007152774565846654,0.00889413765081396,0.003494117382922143,0.03722276132096922,0.001640419341721463,0.05840421026227344
Exp1_Human,sub-010,hum,0.004031065079432081,0.0,0.0,0.0,0.003356865493934074,0.008080829114096487,0.0007390983000739098,0.0,0.049029881292882944,0.0,0.00024888003982080636,0.0,0.0,0.004031065079432081,0.011437694608030562,0.0007390983000739098,0.049029881292882944,0.00024888003982080636,0.0654866193202403
Exp1_Human,sub-011,bot,0.0,0.0,0.0,0.0,0.0014162145034036855,0.006953722409925,0.001565153029345386,0.0004432624113475177,0.009817505231195447,0.0,0.001959349268485689,0.0,0.0004432624113475177,0.0,0.008369936913328685,0.0020084154406929036,0.009817505231195447,0.002402611679833207,0.02259846926505024
Exp1_Human,sub-011,hum,0.0,0.0,0.0,0.0,0.0004001600640256102,0.006637604107730492,0.0008050374621393273,0.00044563279857397507,0.009615127131686224,0.0,0.0018836512947928699,0.000784313725490196,0.0002203128442388191,0.0,0.007037764171756102,0.0012506702607133022,0.009615127131686224,0.002888277864521885,0.020791839428677513
Exp1_Human,sub-012,bot,0.0,0.0,0.0,0.0,0.0,0.003929686543874109,0.0009455826457773245,0.0,0.012596162263141303,0.0,0.0013193254137761363,0.0,0.0,0.0,0.003929686543874109,0.0009455826457773245,0.012596162263141303,0.0013193254137761363,0.018790756866568874
Exp1_Human,sub-012,hum,0.0,0.0,0.0,0.0,0.001239247588645179,0.007911046206911134,0.0016938616938616939,0.0,0.01983740095118471,0.0,0.00339666025933192,0.0013255360623781675,0.0002962962962962963,0.0,0.009150293795556312,0.0016938616938616939,0.01983740095118471,0.005018492618006384,0.035700049058609094
Exp1_Human,sub-013,bot,0.0009028530155290719,0.00018057060310581438,0.0,0.0,0.00030048076923076925,0.014771062724507764,0.0004910162217211028,0.0014134706743588956,0.023854568622528598,0.004381216080829522,0.0007105606258148631,0.0006673666104477778,0.000422654268808115,0.0010834236186348862,0.015071543493738534,0.0019044868960799986,0.023854568622528598,0.006181797585900279,0.048095820216882294
Exp1_Human,sub-013,hum,0.0012903225806451613,0.000860215053763441,0.0,0.0,0.0023224465303673223,0.012910176381574656,0.0005676328502415459,0.0,0.028293066965042475,0.002553302958198545,0.0012233705551595788,0.0009805644476819952,0.0,0.002150537634408602,0.01523262291194198,0.0005676328502415459,0.028293066965042475,0.004757237961040119,0.051001098322674715
Exp1_Human,sub-014,bot,0.0015212981744421909,0.0,0.0,0.0,0.0008989489212612945,0.009040008505731495,0.0008519269776876267,0.0,0.014260268567594544,0.0,0.0008703923900118906,0.0,0.0005070993914807302,0.0015212981744421909,0.009938957426992788,0.0008519269776876267,0.014260268567594544,0.0013774917814926208,0.02794994292820977
Exp1_Human,sub-014,hum,0.0023658192090395477,0.0,0.0,0.0,0.0017397357942315972,0.006632584271138215,0.0006368543179983857,0.0,0.017335585560102514,0.0,0.0006393111861861862,0.00034340659340659343,0.0002248201438848921,0.0023658192090395477,0.008372320065369811,0.0006368543179983857,0.017335585560102514,0.0012075379234776718,0.029918117075987932
Exp1_Human,sub-015,bot,0.0005148005148005149,0.0,0.0,0.0,0.00121645709881004,0.011446661150598607,0.0012897587042989065,0.0058632178923215044,0.02177261014778717,0.0004359197907585004,0.001962535137249623,0.0,0.0010764010764010765,0.0005148005148005149,0.012663118249408646,0.007152976596620411,0.02177261014778717,0.0034748560044092006,0.04557836151302594
Exp1_Human,sub-015,hum,0.0017160017160017158,0.0,0.0,0.0,0.0007260007260007261,0.012395755628075439,0.0,0.005931994140697465,0.02122558215533175,0.0,0.0020827921481511593,0.0004580852038479157,0.0014869708418095515,0.0017160017160017158,0.013121756354076166,0.005931994140697465,0.02122558215533175,0.004027848193808627,0.04602318255991572
Exp1_Human,sub-016,bot,0.0004761904761904762,0.0008503401360544217,0.0,0.0,0.004995046507998276,0.0076673938845812995,0.0,0.0006167667457990039,0.02459375127495599,0.0,0.0,0.0003968253968253968,0.014219576719576719,0.001326530612244898,0.012662440392579574,0.0006167667457990039,0.02459375127495599,0.014616402116402118,0.053815891141981584
Exp1_Human,sub-016,hum,0.006808068650173913,0.0019144144144144144,0.0,0.0,0.0012000306472312143,0.0171585371278937,0.0005630630630630631,0.00019872813990461048,0.03852328521512133,0.0,0.0,0.0007112375533428164,0.0038610038610038607,0.008722483064588329,0.01835856777512491,0.0007617912029676734,0.03852328521512133,0.004572241414346677,0.07093836867214892
Exp1_Human,sub-017,bot,0.0,0.001317846772392227,0.0,0.0,0.0013972147109977023,0.00555537482392491,0.004748527388143559,0.004833259848739725,0.01943628914299718,0.0,0.0003246753246753247,0.0,0.0,0.001317846772392227,0.006952589534922611,0.009581787236883283,0.01943628914299718,0.0003246753246753247,0.03761318801187062
Exp1_Human,sub-017,hum,0.0003024803387779794,0.0004616805170821791,0.0,0.0,0.0023127063699557903,0.011568610830096956,0.006660772008041274,0.007058444006595893,0.016599180910585026,0.0,0.003996477680688207,0.0014279937432233065,0.0,0.0007641608558601585,0.013881317200052746,0.013719216014637168,0.016599180910585026,0.005424471423911513,0.050388346405046615
Exp1_Human,sub-018,bot,0.0,0.0,0.0,0.0,0.002300744569250057,0.007669196636537717,0.0,0.0,0.00852928101147345,0.0,0.0,0.0,0.0,0.0,0.009969941205787773,0.0,0.00852928101147345,0.0,0.018499222217261226
Exp1_Human,sub-018,hum,0.0,0.0,0.0,0.0,0.0006974984631389795,0.008200590024699358,0.0,0.0,0.01268298207968308,0.0,0.0007624181748170966,0.0,0.0,0.0,0.008898088487838338,0.0,0.01268298207968308,0.0007624181748170966,0.022343488742338515
Exp1_Human,sub-019,bot,0.000434593654932638,0.0,0.0,0.0,0.000434593654932638,0.009878776010563643,0.009964556872935683,0.0020816330269914415,0.013383858865324196,0.0,0.00036910158367648246,0.001109147445673564,0.00641025641025641,0.000434593654932638,0.010313369665496279,0.012046189899927125,0.013383858865324196,0.007888505439606456,0.044066517525286696
Exp1_Human,sub-019,hum,0.002116402116402116,0.0,0.0,0.0,0.0007281284606866002,0.01137675174245503,0.007258021605052313,0.0034590999759971527,0.02207353569850773,0.0,0.0,0.0025925582363893773,0.0,0.002116402116402116,0.012104880203141629,0.010717121581049467,0.02207353569850773,0.0025925582363893773,0.04960449783549032
Exp1_Human,sub-020,bot,0.0017482517482517483,0.0,0.0,0.0,0.0006430626874082673,0.011581267980214546,0.000663129973474801,0.0,0.015513794693412901,0.0024331933516377915,0.002129639444317445,0.0002465483234714004,0.0,0.0017482517482517483,0.012224330667622813,0.000663129973474801,0.015513794693412901,0.004809381119426637,0.034958888202188905
Exp1_Human,sub-020,hum,0.0,0.0,0.0,0.0,0.001327702913612096,0.009955963124110578,0.00026896180742334586,0.0008556515786771626,0.00826167928375298,0.0029713987716528207,0.0006934731934731935,0.00034965034965034965,0.0,0.0,0.011283666037722675,0.0011246133861005086,0.00826167928375298,0.004014522314776363,0.024684481022352527
Exp1_Human,sub-021,bot,0.009741287519065297,0.0,0.0,0.0,0.0,0.007422104644326866,0.0,0.0028292181069958845,0.015801756542497283,0.0,0.0,0.0,0.024691358024691357,0.009741287519065297,0.007422104644326866,0.0028292181069958845,0.015801756542497283,0.024691358024691357,0.06048572483757669
Exp1_Human,sub-021,hum,0.003058823529411765,0.000784313725490196,0.0,0.0,0.0,0.004469628410804881,0.0,0.000784313725490196,0.029451005119010856,0.0,0.0018589743589743591,0.0,0.058181818181818175,0.0038431372549019606,0.004469628410804881,0.000784313725490196,0.029451005119010856,0.06004079254079253,0.09858887705100045
Exp1_Human,sub-022,bot,0.0,0.0,0.0,0.0,0.0014418664428870595,0.005341274222174011,0.00035842293906810036,0.0,0.026136184529496505,0.0,0.0027934637211858735,0.0006168208718846379,0.0,0.0,0.0067831406650610705,0.00035842293906810036,0.026136184529496505,0.0034102845930705115,0.036688032726696185
Exp1_Human,sub-022,hum,0.0,0.0,0.0,0.0,0.002134466551745186,0.007464494098165433,0.0,0.0,0.021693340238860284,0.0,0.0010012919896640827,0.001056356766537172,0.00018311664530305805,0.0,0.009598960649910619,0.0,0.021693340238860284,0.002240765401504313,0.033533066290275214
Exp1_Human,sub-023,bot,0.0,0.0,0.0,0.0,0.0022067321658565493,0.009440699594519373,0.0,0.0,0.01910254535268212,0.0,0.000742615680696176,0.0,0.0,0.0,0.011647431760375923,0.0,0.01910254535268212,0.000742615680696176,0.031492592793754215
Exp1_Human,sub-023,hum,0.0,0.0,0.0,0.0,0.00108187667995125,0.007790929141655021,0.0,0.0,0.03211135600953762,0.0,0.0006459948320413437,0.0,0.0,0.0,0.008872805821606272,0.0,0.03211135600953762,0.0006459948320413437,0.04163015666318524
Exp2_LLM,s001,bot,0.0,0.0,0.0,0.0,0.0035511307434569705,0.0016967410885942876,0.0,0.0,0.002855708406819479,0.0,0.0,0.0,0.0,0.0,0.005247871832051259,0.0,0.002855708406819479,0.0,0.008103580238870737
Exp2_LLM,s001,hum,0.0,0.0,0.0,0.0,0.004110612403163717,0.003667696382979615,0.0005968239284613012,0.0,0.006400649293586172,0.0,0.00014925373134328358,0.0005564024390243903,0.0,0.0,0.007778308786143332,0.0005968239284613012,0.006400649293586172,0.0007056561703676739,0.01548143817855848
Exp2_LLM,s002,bot,0.0,0.0,0.0,0.0,0.0018591492145815516,0.0009466718465609618,0.0002380952380952381,0.0,0.0029490927234339915,0.0,0.0,0.0,0.0,0.0,0.0028058210611425134,0.0002380952380952381,0.0029490927234339915,0.0,0.005993009022671743
Exp2_LLM,s002,hum,0.0,0.0,0.0,0.0,0.0021359340471470965,0.002821483863987058,0.00037868162692847123,0.0,0.005731624747953029,0.0,0.00030303030303030303,0.0007205897806789803,0.00012658227848101267,0.0,0.004957417911134155,0.00037868162692847123,0.005731624747953029,0.001150202362190296,0.01221792664820595
Exp2_LLM,s003,bot,0.0,0.0,0.0,0.0,0.0023423700714043506,0.0013801900806874098,0.0,0.0,0.0019562171208865452,0.0,0.0,0.0,0.0,0.0,0.003722560152091761,0.0,0.0019562171208865452,0.0,0.005678777272978306
Exp2_LLM,s003,hum,0.0,0.0,0.0,0.0,0.0018417330462269191,0.004067858866635004,0.0,0.0,0.004332864334060389,0.0,0.00012658227848101267,0.0005814354727398205,0.0,0.0,0.005909591912861922,0.0,0.004332864334060389,0.0007080177512208333,0.010950473998143145
Exp2_LLM,s004,bot,0.0,0.0,0.0,0.0,0.002269186537234206,0.0020333360137280852,0.0,0.0,0.004422935085987693,0.0,0.0,0.0,0.0,0.0,0.004302522550962291,0.0,0.004422935085987693,0.0,0.008725457636949985
Exp2_LLM,s004,hum,0.0,0.0,0.0,0.0,0.002847890121006931,0.0018414938225708177,0.0,0.0,0.005549291366650591,0.0,0.0,0.0013577015790042887,0.0,0.0,0.004689383943577749,0.0,0.005549291366650591,0.0013577015790042887,0.011596376889232629
Exp2_LLM,s005,bot,0.0,0.0,0.0,0.0,0.0029986664410730397,0.0010882515099584992,0.0,0.0,0.0046925088121506486,0.0,0.0,0.0,0.0,0.0,0.004086917951031539,0.0,0.0046925088121506486,0.0,0.008779426763182187
Exp2_LLM,s005,hum,0.0,0.0,0.0,0.0,0.0038391264888008193,0.0019099124843607617,0.0,0.0,0.007606284306979964,0.0,0.00024390243902439024,0.00018518518518518518,0.0,0.0,0.0057490389731615806,0.0,0.007606284306979964,0.00042908762420957545,0.013784410904351119
Exp2_LLM,s006,bot,0.0,0.0,0.0,0.0,0.0028621950455774738,0.001897512583369905,0.00020833333333333332,0.0,0.002467230497724869,0.0,0.0,7.142857142857142e-05,0.0,0.0,0.004759707628947379,0.00020833333333333332,0.002467230497724869,7.142857142857142e-05,0.007506700031434153
Exp2_LLM,s006,hum,0.0,0.0,0.0,0.0,0.0022630906768846496,0.003780823799284546,0.0,0.0,0.006395014480034112,0.0,0.000300179211469534,0.0002741935483870968,0.0,0.0,0.006043914476169196,0.0,0.006395014480034112,0.0005743727598566308,0.01301330171605994
Exp2_LLM,s007,bot,0.0,0.0,0.0,0.0,0.0020364119190169182,0.0017184381164282265,0.0,0.0,0.003145823520377991,0.0,0.0,0.0008771067503168807,0.0,0.0,0.0037548500354451448,0.0,0.003145823520377991,0.0008771067503168807,0.007777780306140017
Exp2_LLM,s007,hum,0.0,0.0,0.0,0.0,0.002154934634219251,0.0012917877835964336,0.0,0.0,0.004738183597848495,0.0,0.0,0.0004199134199134199,0.0,0.0,0.0034467224178156845,0.0,0.004738183597848495,0.0004199134199134199,0.0086048194355776
Exp2_LLM,s008,bot,0.0,0.0,0.0,0.0,0.0031741901944688034,0.0017219073356006614,0.0,0.0,0.003071412446219576,0.0,0.00013157894736842105,0.000551061678463094,0.00028629032258064516,0.0,0.004896097530069465,0.0,0.003071412446219576,0.0009689309484121602,0.008936440924701201
Exp2_LLM,s008,hum,0.0,0.0,0.0,0.0,0.0037305513035844323,0.0030832815913630794,0.0,0.0,0.004739979993964257,0.0,0.0,0.0002777777777777778,0.0,0.0,0.0068138328949475125,0.0,0.004739979993964257,0.0002777777777777778,0.011831590666689547
Exp2_LLM,s009,bot,0.0,0.0,0.0,0.0,0.0033393234258178865,0.0016537026743884417,0.0,0.0,0.0024191352714535144,0.0,0.0002770184071441589,0.00038111888111888115,0.0,0.0,0.004993026100206329,0.0,0.0024191352714535144,0.0006581372882630401,0.008070298659922884
Exp2_LLM,s009,hum,0.0,0.0,0.0,0.0,0.003130212686185373,0.0020193711965388224,0.0,0.0,0.0035378577927488706,0.0,0.0,0.00027853137999638266,0.00014285714285714284,0.0,0.005149583882724196,0.0,0.0035378577927488706,0.00042138852285352553,0.009108830198326591
Exp2_LLM,s010,bot,0.0,0.0,0.0,0.0,0.0021739442744577197,0.0010423649968477964,0.0,0.0,0.003996301464207409,0.0,0.0,0.0005420282513251986,0.0,0.0,0.003216309271305516,0.0,0.003996301464207409,0.0005420282513251986,0.007754638986838124
Exp2_LLM,s010,hum,0.0,0.0,0.0,0.0,0.0025146648253731143,0.002675792321048395,0.0,0.0,0.0037649565913484687,0.0,0.0003864042933810376,0.0003401943967981703,0.0,0.0,0.00519045714642151,0.0,0.0037649565913484687,0.0007265986901792079,0.009682012427949187
Exp2_LLM,s011,bot,0.0,0.0,0.0,0.0,0.0033491811409017054,0.001672868366041877,0.0,0.0,0.004054449624286946,0.0,0.00025,0.0002964426877470356,0.0,0.0,0.005022049506943582,0.0,0.004054449624286946,0.0005464426877470356,0.009622941818977562
Exp2_LLM,s011,hum,0.0,0.0,0.0,0.0,0.002499228577212106,0.0033132374817373654,0.0,0.0,0.003868716000231749,0.0,0.00015873015873015873,0.0002702702702702703,0.0,0.0,0.005812466058949472,0.0,0.003868716000231749,0.000429000429000429,0.01011018248818165
Exp2_LLM,s012,bot,0.0,0.0,0.0,0.0,0.00337477897698958,0.003313552784928515,0.0,0.0,0.002611783546023978,0.0,0.00024390243902439024,0.00027504553734061934,0.0,0.0,0.006688331761918095,0.0,0.002611783546023978,0.0005189479763650095,0.009819063284307084
Exp2_LLM,s012,hum,0.0,0.0,0.0,0.0,0.003375138580113301,0.0030708382594245493,0.00017543859649122806,0.0,0.0027682565760940104,0.0,0.0,0.0006561007043343333,0.0,0.0,0.006445976839537851,0.00017543859649122806,0.0027682565760940104,0.0006561007043343333,0.010045772716457423
Exp2_LLM,s013,bot,0.0,0.0,0.0,0.0,0.003571670869943796,0.0016249830383018257,0.0,0.0,0.0036998564048025795,0.0,0.0002631578947368421,0.00033116105865141636,0.0,0.0,0.005196653908245622,0.0,0.0036998564048025795,0.0005943189533882585,0.009490829266436459
Exp2_LLM,s013,hum,0.0,0.0,0.0,0.0,0.0025742467634310207,0.0016995986006775605,0.0,0.0,0.0043717120295731155,0.0,0.0002702702702702703,0.0004441552599447336,0.0001680672268907563,0.0,0.004273845364108581,0.0,0.0043717120295731155,0.0008824927571057602,0.009528050150787455
Exp2_LLM,s014,bot,0.0,0.0,0.0,0.0,0.003321464813115169,0.001128984124133463,0.0,0.0,0.0036281694289450757,0.0,0.0,0.0003871124031007752,0.0,0.0,0.004450448937248632,0.0,0.0036281694289450757,0.0003871124031007752,0.008465730769294483
Exp2_LLM,s014,hum,0.0,0.0,0.0,0.0,0.003481174832592952,0.0016030863063416394,0.0,0.0,0.003154316562197322,0.0,0.0002702702702702703,0.0005244019529733815,0.0,0.0,0.005084261138934592,0.0,0.003154316562197322,0.0007946722232436518,0.009033249924375564
Exp2_LLM,s015,bot,0.0,0.0,0.0,0.0,0.00348851479771514,0.0008333932629707277,0.0002040816326530612,0.0,0.0035886773471122905,0.0,0.00015873015873015873,0.0001234567901234568,0.0,0.0,0.004321908060685868,0.0002040816326530612,0.0035886773471122905,0.0002821869488536155,0.008396853989304835
Exp2_LLM,s015,hum,0.0,0.0,0.0,0.0,0.003718669941898625,0.0019341977058662768,0.0,0.0,0.0036543717590915847,0.0,0.00044700460829493084,0.00010526315789473683,0.0,0.0,0.005652867647764902,0.0,0.0036543717590915847,0.0005522677661896678,0.009859507173046156
Exp2_LLM,s016,bot,0.0,0.0,0.0,0.0,0.00588589045549617,0.0014495976409753413,0.0,0.0,0.004657444380644773,0.0,0.0003846153846153846,0.00016949152542372882,0.0,0.0,0.007335488096471511,0.0,0.004657444380644773,0.0005541069100391135,0.012547039387155396
Exp2_LLM,s016,hum,0.0,0.0,0.0,0.0,0.0020658373789952736,0.0023563197693195243,0.0,0.0,0.005471861477179937,0.0,0.0002380952380952381,0.0008986512185952525,0.0,0.0,0.004422157148314798,0.0,0.005471861477179937,0.0011367464566904907,0.011030765082185225
Exp2_LLM,s017,bot,0.0,0.0,0.0,0.0,0.0026808304684656677,0.0009565217391304348,0.0,0.0,0.0028806926740324685,0.0,0.00022222222222222223,0.0,0.0,0.0,0.003637352207596102,0.0,0.0028806926740324685,0.00022222222222222223,0.006740267103850792
Exp2_LLM,s017,hum,0.0,0.0,0.0,0.0,0.002794000852299642,0.0014465812761364156,0.00043478260869565214,0.0,0.00344085139616997,0.0,0.0,0.00038377192982456135,0.0,0.0,0.0042405821284360575,0.00043478260869565214,0.00344085139616997,0.00038377192982456135,0.00849998806312624
Exp2_LLM,s018,bot,0.0,0.0,0.0,0.0,0.0039045625434902306,0.002357621976282257,0.0,0.0,0.004940001383918291,0.0,0.0001282051282051282,0.0002375,0.0,0.0,0.006262184519772487,0.0,0.004940001383918291,0.00036570512820512823,0.011567891031895906
Exp2_LLM,s018,hum,0.0,0.0,0.0,0.0,0.0034319946346633495,0.002298129738401797,0.0,0.0,0.0040169017210271414,0.0,0.0002702702702702703,0.0007853814546532809,0.0,0.0,0.005730124373065146,0.0,0.0040169017210271414,0.0010556517249235512,0.010802677819015838
Exp2_LLM,s019,bot,0.0,0.0,0.0,0.0,0.002343598624261343,0.0016877178607536446,0.0,0.0,0.003693391487230802,0.0,0.0,0.00023044424529509666,0.0,0.0,0.0040313164850149874,0.0,0.003693391487230802,0.00023044424529509666,0.007955152217540886
Exp2_LLM,s019,hum,0.0,0.0,0.0,0.0,0.0019952657175558,0.0032270132100002524,0.0,0.0,0.0024398888401061295,0.0,0.000689655172413793,0.00040625000000000004,0.0,0.0,0.005222278927556052,0.0,0.0024398888401061295,0.001095905172413793,0.008758072940075974
Exp2_LLM,s020,bot,0.0,0.0,0.0,0.0,0.0046356344964777535,0.0033777346089725983,0.0,0.0,0.005055101050588948,0.0,0.00034239130434782607,0.0003042328042328042,0.0,0.0,0.008013369105450353,0.0,0.005055101050588948,0.0006466241085806303,0.01371509426461993
Exp2_LLM,s020,hum,0.0,0.0,0.0,0.0,0.004481359778390514,0.003224641440268996,0.0,0.0,0.00364465257663241,0.0,0.00017543859649122806,0.00045094804816427547,0.0,0.0,0.00770600121865951,0.0,0.00364465257663241,0.0006263866446555036,0.011977040439947424
Exp2_LLM,s021,bot,0.0,0.0,0.0,0.0,0.003023949217112541,0.001982906952176523,0.0,0.0,0.0026894656433752474,0.0,0.0,0.00010869565217391303,0.0,0.0,0.005006856169289064,0.0,0.0026894656433752474,0.00010869565217391303,0.007805017464838224
Exp2_LLM,s021,hum,0.0,0.0,0.0,0.0,0.003919210451242178,0.002300828087633169,0.0,0.0,0.002951799460552181,0.0,0.00035714285714285714,0.00026881720430107527,0.0,0.0,0.006220038538875348,0.0,0.002951799460552181,0.0006259600614439325,0.00979779806087146
Exp2_LLM,s022,bot,0.0,0.0,0.0,0.0,0.003082261193322092,0.0009485304239614811,0.0,0.0,0.0020066348029404045,0.0,0.0,0.0006777945868589994,0.0,0.0,0.004030791617283574,0.0,0.0020066348029404045,0.0006777945868589994,0.006715221007082978
Exp2_LLM,s022,hum,0.0,0.0,0.0,0.0,0.003353592016023958,0.0026703179817295945,0.0,0.0,0.004896906386082098,0.0,0.0,0.0,0.0,0.0,0.0060239099977535526,0.0,0.004896906386082098,0.0,0.01092081638383565
Exp2_LLM,s023,bot,0.0,0.0,0.0,0.0,0.0031845923304387085,0.002195224453141056,0.00016666666666666666,0.0,0.003005545321937029,0.0,0.0,0.0,0.0,0.0,0.005379816783579765,0.00016666666666666666,0.003005545321937029,0.0,0.008552028772183461
Exp2_LLM,s023,hum,0.0,0.0,0.0,0.0,0.003242736014713342,0.0027460897112265912,0.0002,0.0,0.0040839379754407535,0.0,0.0006388888888888888,0.0003555555555555556,0.0,0.0,0.005988825725939934,0.0002,0.0040839379754407535,0.0009944444444444445,0.011267208145825132
Exp2_LLM,s024,bot,0.0,0.0,0.0,0.0,0.0034953925757865907,0.0013270724601864156,0.0,0.0,0.0028341435530700927,0.0,0.0,0.00020416666666666665,0.0,0.0,0.0048224650359730056,0.0,0.0028341435530700927,0.00020416666666666665,0.007860775255709766
Exp2_LLM,s024,hum,0.0,0.0,0.0,0.0,0.0010042916307598925,0.0026133245165894364,0.0002,0.0,0.005308403097273392,0.0,0.0,0.00017857142857142857,0.0,0.0,0.003617616147349329,0.0002,0.005308403097273392,0.00017857142857142857,0.00930459067319415
Exp2_LLM,s025,bot,0.0,0.0,0.0,0.0,0.0028292147382624564,0.0012732733615438822,0.0,0.0,0.0039524168628867614,0.0,0.000300179211469534,0.00014705882352941175,0.0,0.0,0.004102488099806339,0.0,0.0039524168628867614,0.0004472380349989458,0.008502142997692046
Exp2_LLM,s025,hum,0.0,0.0,0.0,0.0,0.0025608979808506584,0.002446116699114633,0.0,0.0,0.00605534143381666,0.0,0.0,0.00015625,0.0,0.0,0.005007014679965291,0.0,0.00605534143381666,0.00015625,0.01121860611378195
Exp2_LLM,s026,bot,0.0,0.0,0.0,0.0,0.0034060100834514394,0.0015344599506488562,0.0,0.0,0.004169002205351669,0.0,0.0,0.0001639344262295082,0.0,0.0,0.004940470034100295,0.0,0.004169002205351669,0.0001639344262295082,0.009273406665681473
Exp2_LLM,s026,hum,0.0,0.0,0.0,0.0,0.0034008939256083416,0.0032072754914947567,0.0,0.0,0.0035529131261680695,0.0,0.0003125,0.0002040816326530612,0.0,0.0,0.006608169417103098,0.0,0.0035529131261680695,0.0005165816326530611,0.010677664175924228
Exp2_LLM,s027,bot,0.0,0.0,0.0,0.0,0.004726828970126163,0.001543877551020408,0.0008448275862068965,0.0,0.0035327475026530903,0.0,0.0007936507936507937,0.0006253026480108063,0.0,0.0,0.006270706521146572,0.0008448275862068965,0.0035327475026530903,0.0014189534416615998,0.012067235051668157
Exp2_LLM,s027,hum,0.0,0.0,0.0,0.0,0.0022441274053077364,0.0021982026824803346,0.0,0.0,0.0030210884357801354,0.0,0.0002941176470588235,0.0002631578947368421,0.0,0.0,0.0044423300877880715,0.0,0.0030210884357801354,0.0005572755417956656,0.008020694065363872
Exp2_LLM,s028,bot,0.0,0.0,0.0,0.0,0.0022088756805801603,0.0020658519865294697,0.0,0.0,0.0025310704504546977,0.0,0.0,0.000470659407138536,0.0,0.0,0.0042747276671096296,0.0,0.0025310704504546977,0.000470659407138536,0.007276457524702863
Exp2_LLM,s028,hum,0.0,0.0,0.0,0.0,0.0022595496646144616,0.004377150568139966,0.0,0.0,0.005565317781197871,0.0,0.0,0.0005611528822055137,0.0,0.0,0.006636700232754427,0.0,0.005565317781197871,0.0005611528822055137,0.012763170896157814
Exp2_LLM,s029,bot,0.0,0.0,0.0,0.0,0.001789287966613176,0.001560495027194474,0.0,0.0,0.0027510835848132374,0.0,0.0,0.0002898550724637681,0.0,0.0,0.0033497829938076507,0.0,0.0027510835848132374,0.0002898550724637681,0.006390721651084655
Exp2_LLM,s029,hum,0.0,0.0,0.0,0.0,0.0028438849353012875,0.002820631042929132,0.0,0.0,0.005250364948527847,0.0,0.0002857142857142857,0.0005270785901003457,0.0,0.0,0.005664515978230419,0.0,0.005250364948527847,0.0008127928758146314,0.011727673802572898
Exp2_LLM,s030,bot,0.0,0.0,0.0,0.0,0.003674959596911232,0.002672260710874394,0.0,0.0,0.005410272349198048,0.0,0.00014285714285714284,0.0,0.0,0.0,0.006347220307785626,0.0,0.005410272349198048,0.00014285714285714284,0.011900349799840816
Exp2_LLM,s030,hum,0.0,0.0,0.0,0.0,0.002345525863725335,0.0021295644175790326,0.0,0.0,0.004760626768041402,0.0,0.00024390243902439024,0.0,0.0,0.0,0.004475090281304367,0.0,0.004760626768041402,0.00024390243902439024,0.009479619488370158
Exp2_LLM,s031,bot,0.0,0.0,0.0,0.0,0.005402771598396298,0.0015654442167446156,0.0,0.0,0.004802925235336225,0.0,0.0,0.0002486338797814208,0.0,0.0,0.006968215815140914,0.0,0.004802925235336225,0.0002486338797814208,0.01201977493025856
Exp2_LLM,s031,hum,0.0,0.0,0.0,0.0,0.0020226372898689594,0.0028331891269389032,0.0,0.0,0.005065713909918767,0.0,0.00013513513513513514,0.0003846153846153846,0.0,0.0,0.004855826416807862,0.0,0.005065713909918767,0.0005197505197505198,0.01044129084647715
Exp2_LLM,s032,bot,0.0,0.0,0.0,0.0,0.003511415895850683,0.0016072582822239303,0.0,0.0,0.0026448972841720446,0.0,0.00045415959252971137,0.0002591438412333935,0.0,0.0,0.005118674178074613,0.0,0.0026448972841720446,0.0007133034337631048,0.008476874896009763
Exp2_LLM,s032,hum,0.0,0.0,0.0,0.0,0.0030693105858431457,0.0017051363248315006,0.0,0.0,0.002661665422618587,0.0,0.0,0.0011278115501519757,0.0,0.0,0.004774446910674646,0.0,0.002661665422618587,0.0011278115501519757,0.008563923883445209
Exp2_LLM,s033,bot,0.0,0.0,0.0,0.0,0.0025686149319214483,0.002130763439503026,0.0,0.0,0.005094098796804294,0.0,0.0,0.0002572870867936818,0.0,0.0,0.004699378371424474,0.0,0.005094098796804294,0.0002572870867936818,0.010050764255022448
Exp2_LLM,s033,hum,0.0,0.0,0.0,0.0,0.003778844168103642,0.0014749535133584135,0.0005448275862068966,0.0,0.003865864918151668,0.0,0.0,0.0006593326229131407,0.0,0.0,0.005253797681462055,0.0005448275862068966,0.003865864918151668,0.0006593326229131407,0.01032382280873376
Exp2_LLM,s034,bot,0.0,0.0,0.0,0.0,0.0036957224321465722,0.0020686704052598343,0.0,0.0,0.003318035977752008,0.0,0.0,0.0003869949494949495,0.0,0.0,0.0057643928374064065,0.0,0.003318035977752008,0.0003869949494949495,0.009469423764653364
Exp2_LLM,s034,hum,0.0,0.0,0.0,0.0,0.0032104184007467245,0.0014962284893838454,0.0,0.0,0.004321304920502376,0.0,0.0,0.0012299909388643188,0.00017857142857142857,0.0,0.00470664689013057,0.0,0.004321304920502376,0.0014085623674357473,0.010436514178068694
Exp2_LLM,s035,bot,0.0,0.0,0.0,0.0,0.001985094607281908,0.002447577620811961,0.00011627906976744185,0.0,0.004488060833780735,0.0,0.0,0.00017543859649122806,0.0,0.0,0.00443267222809387,0.00011627906976744185,0.004488060833780735,0.00017543859649122806,0.009212450728133275
Exp2_LLM,s035,hum,0.0,0.0,0.0,0.0,0.0044633435802784146,0.002388188315729772,0.0,0.0,0.00441654491951518,0.0,0.00013513513513513514,0.0004222222222222222,0.0,0.0,0.006851531896008187,0.0,0.00441654491951518,0.0005573573573573573,0.011825434172880725
Exp2_LLM,s036,bot,0.0,0.0,0.0,0.0,0.003489452965819716,0.0022006853257567687,0.0,0.0,0.003243477481906125,0.0,0.0,0.00015151515151515152,0.0,0.0,0.005690138291576484,0.0,0.003243477481906125,0.00015151515151515152,0.009085130924997763
Exp2_LLM,s036,hum,0.0,0.0,0.0,0.0,0.0025716206730547284,0.00238606258399807,0.0002380952380952381,0.0,0.004967008699531785,0.0,0.00014285714285714284,0.00030303030303030303,0.0,0.0,0.004957683257052798,0.0002380952380952381,0.004967008699531785,0.0004458874458874459,0.010608674640567266
Exp2_LLM,s037,bot,0.0,0.0,0.0,0.0,0.0033677588431477914,0.0012729931573614043,0.0,0.0,0.004764281925561156,0.0,0.0,0.0001923076923076923,0.0,0.0,0.004640752000509195,0.0,0.004764281925561156,0.0001923076923076923,0.009597341618378044
Exp2_LLM,s037,hum,0.0,0.0,0.0,0.0,0.0017040836923331896,0.0017303953452451047,0.00015625,0.0,0.003969301247120163,0.0,0.0,8.333333333333333e-05,7.518796992481203e-05,0.0,0.003434479037578294,0.00015625,0.003969301247120163,0.00015852130325814533,0.007718551587956602
Exp2_LLM,s038,bot,0.0,0.0,0.0,0.0,0.0031906641281592265,0.0008005836981446737,0.0,0.0,0.0025200413941503293,0.0,0.0002941176470588235,0.0006985754985754986,0.0,0.0,0.0039912478263039,0.0,0.0025200413941503293,0.000992693145634322,0.007503982366088551
Exp2_LLM,s038,hum,0.0,0.0,0.0,0.0,0.004081600563198624,0.0034159642405155745,0.00012658227848101267,0.0,0.003243881189542253,0.0,0.0,0.00029289572081429166,0.0,0.0,0.007497564803714199,0.00012658227848101267,0.003243881189542253,0.00029289572081429166,0.011160923992551757
Exp2_LLM,s039,bot,0.0,0.0,0.0,0.0,0.004324984658420943,0.0020411910919480806,0.0,0.0,0.002898668377220999,0.0,0.0,0.00011764705882352942,0.0,0.0,0.006366175750369023,0.0,0.002898668377220999,0.00011764705882352942,0.009382491186413551
Exp2_LLM,s039,hum,0.0,0.0,0.0,0.0,0.00265363591057111,0.0029027565296129657,0.0,0.0,0.0034392521245991767,0.0,0.0,0.0004672395273899033,0.0,0.0,0.005556392440184076,0.0,0.0034392521245991767,0.0004672395273899033,0.009462884092173156
Exp2_LLM,s040,bot,0.0,0.0,0.0,0.0,0.0028765257263893024,0.0009507304705512934,0.0,0.0,0.005131879410229166,0.0,0.0,0.0002127659574468085,0.0,0.0,0.0038272561969405956,0.0,0.005131879410229166,0.0002127659574468085,0.00917190156461657
Exp2_LLM,s040,hum,0.0,0.0,0.0,0.0,0.004444746484749945,0.002708867519588241,0.0,0.0,0.0044199560601115365,0.0,0.000136986301369863,0.000806580501702453,0.0,0.0,0.007153614004338186,0.0,0.0044199560601115365,0.000943566803072316,0.012517136867522038
Exp2_LLM,s041,bot,0.0,0.0,0.0,0.0,0.0018976770912531849,0.001768009198297444,0.0,0.0,0.0031026552332773043,0.0,0.0,0.000136986301369863,0.0,0.0,0.0036656862895506287,0.0,0.0031026552332773043,0.000136986301369863,0.006905327824197797
Exp2_LLM,s041,hum,0.0,0.0,0.0,0.0,0.003874872059281591,0.0028934268977216194,0.0002,0.0,0.005429090582123061,0.0,0.0004975429975429975,0.00029889538661468485,9.80392156862745e-05,0.0,0.00676829895700321,0.0002,0.005429090582123061,0.0008944775998439569,0.013291867138970228
Exp2_LLM,s042,bot,0.0,0.0,0.0,0.0,0.002792655759546615,0.002568923271896619,0.0,0.0,0.0033341219410413896,0.0,0.00022727272727272727,0.00013333333333333334,0.0,0.0,0.005361579031443233,0.0,0.0033341219410413896,0.0003606060606060606,0.009056307033090684
Exp2_LLM,s042,hum,0.0,0.0,0.0,0.0,0.002309124796474141,0.0011276583860673395,0.0002564102564102564,0.0,0.005484735603378945,0.0,0.0002941176470588235,0.0004524886877828054,0.0,0.0,0.0034367831825414807,0.0002564102564102564,0.005484735603378945,0.000746606334841629,0.00992453537717231
Exp2_LLM,s043,bot,0.0,0.0,0.0,0.0,0.002879157564406806,0.0019297596191903956,0.0,0.0,0.0033782539265070537,0.0,0.0,0.00010638297872340425,0.0,0.0,0.004808917183597202,0.0,0.0033782539265070537,0.00010638297872340425,0.008293554088827659
Exp2_LLM,s043,hum,0.0,0.0,0.0,0.0,0.0028850437549435863,0.002693061224160643,0.0,0.0,0.003752263291752982,0.0,0.0002380952380952381,0.0003582363747703613,0.0,0.0,0.0055781049791042295,0.0,0.003752263291752982,0.0005963316128655994,0.00992669988372281
Exp2_LLM,s044,bot,0.0,0.0,0.0,0.0,0.003055074579264867,0.0018464422420363031,0.0,0.0,0.003771567722696732,0.0,0.0,0.00012048192771084338,0.0,0.0,0.00490151682130117,0.0,0.003771567722696732,0.00012048192771084338,0.008793566471708746
Exp2_LLM,s044,hum,0.0,0.0,0.0,0.0,0.0018483845001812738,0.0017944774858271856,0.0,0.0,0.005715440912146702,0.0,0.0,0.0006410601976639713,0.0,0.0,0.003642861986008459,0.0,0.005715440912146702,0.0006410601976639713,0.009999363095819133
Exp2_LLM,s045,bot,0.0,0.0,0.0,0.0,0.003643634112619546,0.0015051609545588445,0.0,0.0,0.0057842257238760976,0.0,0.0,0.0002040816326530612,0.0,0.0,0.005148795067178391,0.0,0.0057842257238760976,0.0002040816326530612,0.01113710242370755
Exp2_LLM,s045,hum,0.0,0.0,0.0,0.0,0.003371944913116884,0.0014275627741492066,0.0,0.0,0.005587947017232709,0.0,0.0006830842113860981,0.000196078431372549,0.0,0.0,0.004799507687266091,0.0,0.005587947017232709,0.0008791626427586472,0.011266617347257448
Exp2_LLM,s046,bot,0.0,0.0,0.0,0.0,0.0031239385193645437,0.0026149798525615226,0.0,0.0,0.003504053046356017,0.0,0.0,0.0005419548647117307,0.0,0.0,0.005738918371926066,0.0,0.003504053046356017,0.0005419548647117307,0.009784926282993813
Exp2_LLM,s046,hum,0.0,0.0,0.0,0.0,0.0023836440170688783,0.0018155748430977788,0.00022727272727272727,0.0,0.004634850759970973,0.0,0.0005019493177387913,0.000571078431372549,0.0,0.0,0.004199218860166658,0.00022727272727272727,0.004634850759970973,0.0010730277491113403,0.010134370096521697
Exp2_LLM,s047,bot,0.0,0.0,0.0,0.0,0.00465186188360079,0.0016803031172628268,0.0,0.0,0.003936519096884078,0.0,0.000125,0.0001639344262295082,0.0,0.0,0.006332165000863616,0.0,0.003936519096884078,0.0002889344262295082,0.010557618523977203
Exp2_LLM,s047,hum,0.0,0.0,0.0,0.0,0.00319119136056506,0.002096192123562337,0.00022727272727272727,0.0,0.0029614566029870547,0.0,0.000277992277992278,0.0004076479076479077,0.0,0.0,0.005287383484127397,0.00022727272727272727,0.0029614566029870547,0.0006856401856401856,0.009161753000027365
Exp2_LLM,s048,bot,0.0,0.0,0.0,0.0,0.002606734865191443,0.00033370695165050007,0.0,0.0,0.0034697990861315368,0.0,0.0,0.0005746415202405547,0.0,0.0,0.0029404418168419433,0.0,0.0034697990861315368,0.0005746415202405547,0.0069848824232140345
Exp2_LLM,s048,hum,0.0,0.0,0.0,0.0,0.0023813757403060546,0.003183195494225244,0.0007137340420698741,0.0,0.003397462231497056,0.0,0.0,0.00037407696417794553,0.0,0.0,0.005564571234531298,0.0007137340420698741,0.003397462231497056,0.00037407696417794553,0.010049844472276175
Exp2_LLM,s049,bot,0.0,0.0,0.0,0.0,0.0031541130198499607,0.001687761111674155,0.0002564102564102564,0.0,0.004162392478411899,0.0,0.0,0.0,0.0,0.0,0.004841874131524116,0.0002564102564102564,0.004162392478411899,0.0,0.009260676866346271
Exp2_LLM,s049,hum,0.0,0.0,0.0,0.0,0.002005706728687098,0.0024726595904318496,0.0,0.0,0.00391545466035793,0.0,0.00039315617036767383,0.0002552166934189406,0.0,0.0,0.0044783663191189475,0.0,0.00391545466035793,0.0006483728637866144,0.009042193843263492
Exp2_LLM,s050,bot,0.0,0.0,0.0,0.0,0.0015235162640827298,0.001142322383498854,0.0,0.0,0.004448681863956383,0.0,0.0002564102564102564,0.00029913621262458474,0.0,0.0,0.002665838647581584,0.0,0.004448681863956383,0.0005555464690348411,0.007670066980572808
Exp2_LLM,s050,hum,0.0,0.0,0.0,0.0,0.0037972229097310555,0.003817252148671565,0.0,0.0,0.005109164328980068,0.0,0.0,0.0003491196114146934,0.0,0.0,0.007614475058402621,0.0,0.005109164328980068,0.0003491196114146934,0.013072758998797382
