experiment,subject,condition,social_type,um_rate,uh_rate,er_rate,ah_rate,well_rate,so_rate,you_know_rate,i_mean_rate,like_rate,basically_rate,actually_rate,right_rate,okay_rate,filled_pauses_rate,discourse_connectives_rate,interactional_phrases_rate,quotative_hedge_rate,pragmatic_stance_rate,filler_composite_rate
Exp1_Human,sub-001,bot,nonsocial,0.0,0.0,0.0,0.0,0.0,0.00931330706460188,0.002836635210909872,0.0,0.018950543598497335,0.0,0.001808868830145426,0.0014204545454545455,0.0004940711462450593,0.0,0.00931330706460188,0.002836635210909872,0.018950543598497335,0.0037233945218450304,0.034823880395854115
Exp1_Human,sub-001,bot,social,0.0,0.0,0.0,0.0,0.0004761904761904762,0.005559875541078548,0.0020634920634920637,0.0,0.009127943941550235,0.0,0.0,0.0005878894767783657,0.0,0.0,0.006036066017269024,0.0020634920634920637,0.009127943941550235,0.0005878894767783657,0.01781539149908969
Exp1_Human,sub-001,hum,nonsocial,0.0,0.0,0.0,0.0,0.0021935775667118952,0.004760156691509967,0.0050281551793363195,0.00041701417848206843,0.013455133433401307,0.0,0.0005285412262156448,0.0,0.0,0.0,0.006953734258221863,0.005445169357818388,0.013455133433401307,0.0005285412262156448,0.026382578275657206
Exp1_Human,sub-001,hum,social,0.0,0.0,0.0,0.0,0.0014242424242424244,0.0061965308867015685,0.0023483016573335597,0.0,0.0058401133315926865,0.0,0.003114142212796408,0.0005263157894736842,0.0,0.0,0.007620773310943993,0.0023483016573335597,0.0058401133315926865,0.003640458002270092,0.01944964630214033
Exp1_Human,sub-002,bot,nonsocial,0.000572737686139748,0.0,0.0,0.0,0.000572737686139748,0.008721596696479246,0.0,0.0032655293170967005,0.021834901777926574,0.000572737686139748,0.00034083162917518747,0.0,0.00034083162917518747,0.000572737686139748,0.009294334382618993,0.0032655293170967005,0.021834901777926574,0.001254400944490123,0.03622190410827214
Exp1_Human,sub-002,bot,social,0.0044194278921391595,0.0,0.0,0.0,0.0005197505197505198,0.008659111620023575,0.0022764227642276423,0.0036503136200716846,0.021294118064619696,0.0,0.0006009615384615385,0.0,0.0,0.0044194278921391595,0.009178862139774095,0.005926736384299327,0.021294118064619696,0.0006009615384615385,0.041420106019293815
Exp1_Human,sub-002,hum,nonsocial,0.0007412898443291327,0.0,0.0,0.0,0.0005482456140350877,0.00753961322256473,0.0,0.0013050949456572965,0.030116158359623352,0.0,0.0010121457489878543,0.0008097165991902835,0.0,0.0007412898443291327,0.008087858836599817,0.0013050949456572965,0.030116158359623352,0.0018218623481781378,0.04207226433438774
Exp1_Human,sub-002,hum,social,0.00537326979779605,0.0,0.0,0.0,0.0007215007215007216,0.005215246333690644,0.0,0.0012545497620124488,0.017134625948630192,0.0,0.0017235252309879177,0.0,0.0004012841091492777,0.00537326979779605,0.005936747055191365,0.0012545497620124488,0.017134625948630192,0.0021248093401371954,0.03182400190376725
Exp1_Human,sub-003,bot,nonsocial,0.0032272461976859956,0.0,0.0,0.0,0.0030033902512173615,0.018344137564281125,0.007752707315463248,0.0005847953216374269,0.008020056848384857,0.0010845111628986208,0.005434906765986737,0.00033523298692591353,0.0004210526315789474,0.0032272461976859956,0.02134752781549849,0.008337502637100674,0.008020056848384857,0.007275703547390218,0.048208037046060234
Exp1_Human,sub-003,bot,social,0.0,0.0,0.0,0.0,0.0013024249150775232,0.016479366798717282,0.005069041495943682,0.0009459186762183432,0.00918189308515148,0.00034806822137138876,0.0015357191827780063,0.0,0.0,0.0,0.017781791713794806,0.006014960172162026,0.00918189308515148,0.0018837874041493948,0.03486243237525771
Exp1_Human,sub-003,hum,nonsocial,0.0,0.0,0.0,0.00023923444976076553,0.0014232886136910906,0.012756476690147973,0.005792004860454834,0.0,0.009645265312223062,0.0022407803766727767,0.0045440264911149565,0.0003787878787878788,0.0,0.00023923444976076553,0.014179765303839062,0.005792004860454834,0.009645265312223062,0.007163594746575612,0.03701986467285333
Exp1_Human,sub-003,hum,social,0.0,0.0,0.0,0.0,0.0030329440693049165,0.007763944519520503,0.004230524414264905,0.001496631761316568,0.005717720439249251,0.001422475106685633,0.0016624631198248788,0.00034626038781163435,0.0,0.0,0.01079688858882542,0.005727156175581473,0.005717720439249251,0.003431198614322146,0.02567296381797829
Exp1_Human,sub-004,bot,nonsocial,0.0,0.0,0.0,0.0,0.0,0.0038076903175755885,0.0,0.0,0.04681656560040857,0.0,0.0,0.0,0.0,0.0,0.0038076903175755885,0.0,0.04681656560040857,0.0,0.050624255917984154
Exp1_Human,sub-004,bot,social,0.0,0.0013157894736842105,0.0,0.0,0.003264740799366838,0.015900215655417615,0.0,0.0018796992481203006,0.01376053155831549,0.0,0.0,0.002624388840954846,0.0,0.0013157894736842105,0.019164956454784454,0.0018796992481203006,0.01376053155831549,0.002624388840954846,0.0387453655758593
Exp1_Human,sub-004,hum,nonsocial,0.000434593654932638,0.0,0.0,0.0,0.002314266929651545,0.01468313821254998,0.0,0.0,0.04100470503185435,0.0,0.0010256410256410256,0.0,0.00030165912518853697,0.000434593654932638,0.01699740514220152,0.0,0.04100470503185435,0.0013273001508295626,0.05976400397981808
Exp1_Human,sub-004,hum,social,0.0,0.0,0.0,0.003968253968253968,0.00044802867383512545,0.00908584812729639,0.0,0.0026654536458458025,0.013375727509620359,0.0,0.0008680555555555555,0.0015432098765432098,0.0,0.003968253968253968,0.009533876801131515,0.0026654536458458025,0.013375727509620359,0.0024112654320987653,0.03195457735695041
Exp1_Human,sub-005,bot,nonsocial,0.0,0.0,0.0,0.0,0.0005370569280343716,0.01024123353676036,0.0,0.0,0.01396136666925335,0.0,0.000969298245614035,0.0009074410163339383,0.0,0.0,0.010778290464794732,0.0,0.01396136666925335,0.0018767392619479732,0.026616396395996052
Exp1_Human,sub-005,bot,social,0.0,0.0,0.0,0.0,0.00034246575342465754,0.007809333008939259,0.0008771929824561403,0.0,0.008722020177087064,0.0,0.0,0.00034246575342465754,0.0,0.0,0.008151798762363917,0.0008771929824561403,0.008722020177087064,0.00034246575342465754,0.01809347767533178
Exp1_Human,sub-005,hum,nonsocial,0.0,0.0,0.0,0.0,0.0009999009999009999,0.00915072421998812,0.0005376344086021505,0.0012445887445887446,0.015579034689264082,0.0,0.0008928571428571428,0.0004098360655737705,0.0,0.0,0.01015062521988912,0.0017822231531908952,0.015579034689264082,0.0013026932084309133,0.02881457627077501
Exp1_Human,sub-005,hum,social,0.0,0.0,0.0,0.0,0.0009107468123861566,0.009520915409455781,0.0,0.0,0.01226636588792011,0.0,0.002367317021782748,0.0004668534080298786,0.0,0.0,0.010431662221841938,0.0,0.01226636588792011,0.0028341704298126265,0.025532198539574676
Exp1_Human,sub-006,bot,nonsocial,0.0,0.0,0.0,0.0,0.0005882352941176471,0.013550829181570108,0.0006002400960384153,0.0013368983957219253,0.013310087382010269,0.0,0.001699873497786211,0.0006127450980392157,0.001330737573621824,0.0,0.014139064475687756,0.0019371384917603405,0.013310087382010269,0.003643356169447251,0.033029646518905616
Exp1_Human,sub-006,bot,social,0.000925925925925926,0.0,0.0,0.0,0.0019005847953216372,0.009194230665080688,0.00030525030525030525,0.0016835016835016836,0.003438072100043931,0.0,0.0003912363067292645,0.004478844451744181,0.0011706640561266113,0.000925925925925926,0.011094815460402325,0.0019887519887519887,0.003438072100043931,0.0060407448146000565,0.023488310289724226
Exp1_Human,sub-006,hum,nonsocial,0.0,0.0,0.0,0.0,0.0038436517944714665,0.008987710290837798,0.001962191942453137,0.0,0.009519050046384505,0.0,0.0003494060097833683,0.0011853691578234363,0.0009578544061302681,0.0,0.012831362085309264,0.001962191942453137,0.009519050046384505,0.002492629573737073,0.02680523364788398
Exp1_Human,sub-006,hum,social,0.0020576131687242796,0.0,0.0,0.0,0.004391874636016584,0.009449865623734583,0.0012626262626262627,0.0,0.005526826319137618,0.0,0.0005192107995846313,0.001682715077855743,0.0006038647342995169,0.0020576131687242796,0.013841740259751167,0.0012626262626262627,0.005526826319137618,0.0028057906117398912,0.025494596621979216
Exp1_Human,sub-007,bot,nonsocial,0.0029644268774703555,0.0,0.0,0.0,0.0,0.020425080407191962,0.0005107252298263534,0.0,0.011839510871434396,0.0,0.0,0.0,0.0,0.0029644268774703555,0.020425080407191962,0.0005107252298263534,0.011839510871434396,0.0,0.03573974338592307
Exp1_Human,sub-007,bot,social,0.0,0.0,0.0,0.0,0.003655947794637943,0.010248027120064049,0.0012872774082814847,0.00034234851078397807,0.014670002594665098,0.0,0.0,0.0009250693802035152,0.0,0.0,0.01390397491470199,0.0016296259190654628,0.014670002594665098,0.0009250693802035152,0.031128672808636067
Exp1_Human,sub-007,hum,nonsocial,0.0050459482038429405,0.0,0.0,0.0,0.0014459224985540775,0.00881378545664641,0.0019428416001243418,0.0,0.027811984539412,0.0,0.0,0.0,0.0,0.0050459482038429405,0.010259707955200486,0.0019428416001243418,0.027811984539412,0.0,0.045060482298579764
Exp1_Human,sub-007,hum,social,0.0,0.0,0.0,0.0,0.0008264462809917355,0.0043727081723636905,0.0007836990595611285,0.0,0.020991330992989107,0.0,0.0006493506493506494,0.002272727272727273,0.0,0.0,0.005199154453355426,0.0007836990595611285,0.020991330992989107,0.0029220779220779226,0.029896262427983586
Exp1_Human,sub-008,bot,nonsocial,0.0,0.0,0.0,0.0,0.0,0.006452206151726968,0.0,0.0,0.012215320910973085,0.0017391304347826088,0.0,0.0,0.0,0.0,0.006452206151726968,0.0,0.012215320910973085,0.0017391304347826088,0.02040665749748266
Exp1_Human,sub-008,bot,social,0.0,0.0,0.0,0.0,0.0,0.002761220196353436,0.002173913043478261,0.0,0.002557544757033248,0.0,0.0,0.0,0.0,0.0,0.002761220196353436,0.002173913043478261,0.002557544757033248,0.0,0.007492677996864945
Exp1_Human,sub-008,hum,nonsocial,0.0,0.0,0.0,0.0,0.0,0.0,0.0,0.0,0.012284951787898525,0.0,0.006677018633540373,0.0,0.0,0.0,0.0,0.0,0.012284951787898525,0.006677018633540373,0.0189619704214389
Exp1_Human,sub-008,hum,social,0.0,0.0,0.0,0.0,0.0016129032258064516,0.004173913043478261,0.0,0.0,0.0020833333333333333,0.0020833333333333333,0.0,0.0,0.0027777777777777775,0.0,0.005786816269284713,0.0,0.0020833333333333333,0.00486111111111111,0.012731260713729157
Exp1_Human,sub-009,bot,nonsocial,0.0,0.0,0.0,0.0,0.0014262170385395537,0.01887497857383,0.004150375171616957,0.0,0.01845302540819353,0.0,0.004644423335142702,0.0006257822277847309,0.0009191176470588235,0.0,0.02030119561236956,0.004150375171616957,0.01845302540819353,0.006189323209986256,0.04909391940216629
Exp1_Human,sub-009,bot,social,0.0025047438330170774,0.00043010752688172043,0.0,0.0,0.001419701603187842,0.009940257501947459,0.01695085584635041,0.0010984848484848486,0.018688238576229425,0.0,0.0006802721088435374,0.0032822325707875864,0.0,0.0029348513598987983,0.0113599591051353,0.01804934069483526,0.018688238576229425,0.0039625046796311235,0.05499489441572991
Exp1_Human,sub-009,hum,nonsocial,0.003121098626716604,0.0,0.0,0.0,0.001903172273542644,0.019053400202474823,0.0049355366671956225,0.0012345679012345679,0.02987680385417541,0.0,0.0025579127848802843,0.0006242197253433209,0.0,0.003121098626716604,0.020956572476017468,0.006170104568430191,0.02987680385417541,0.0031821325102236054,0.06330671203556328
Exp1_Human,sub-009,hum,social,0.003980099502487562,0.0,0.0,0.0,0.0008658008658008659,0.014952804454572909,0.008919960920276552,0.0,0.01507999683695819,0.0,0.0028312159709618875,0.001336963097398669,0.0019002836244215555,0.003980099502487562,0.015818605320373776,0.008919960920276552,0.01507999683695819,0.006068462692782111,0.04986712527287819
Exp1_Human,sub-010,bot,nonsocial,0.007493232983429062,0.0,0.0,0.0,0.0007107320540156361,0.010600050924705376,0.002030018356548969,0.0,0.04738623881166009,0.0,0.0008818342151675485,0.00039032006245121,0.0,0.007493232983429062,0.011310782978721012,0.002030018356548969,0.04738623881166009,0.0012721542776187584,0.0694924274079779
Exp1_Human,sub-010,bot,social,0.0068277915308816274,0.0,0.0,0.0,0.0016631430584918957,0.004924196779319879,0.001728257697358821,0.0031634087561922615,0.02752126007985521,0.0,0.00199194508472859,0.0,0.0,0.0068277915308816274,0.006587339837811775,0.004891666453551082,0.02752126007985521,0.00199194508472859,0.047820002986828286
Exp1_Human,sub-010,hum,nonsocial,0.004241194910566107,0.0,0.0,0.0,0.0048216232844167225,0.00874106893950614,0.0013774104683195593,0.0,0.050955860239495006,0.0,0.0,0.0,0.0,0.004241194910566107,0.013562692223922862,0.0013774104683195593,0.050955860239495006,0.0,0.07013715784230354
Exp1_Human,sub-010,hum,social,0.003787756853908472,0.0,0.0,0.0,0.001660830157585745,0.007316340895201099,0.0,0.0,0.04679980040733214,0.0,0.0005370569280343716,0.0,0.0,0.003787756853908472,0.008977171052786845,0.0,0.04679980040733214,0.0005370569280343716,0.060101785242061834
Exp1_Human,sub-011,bot,nonsocial,0.0,0.0,0.0,0.0,0.0009975800638451241,0.008060429858595371,0.0,0.0008012820512820513,0.014347255708120975,0.0,0.0025023995612230908,0.0,0.0008012820512820513,0.0,0.009058009922440494,0.0008012820512820513,0.014347255708120975,0.003303681612505142,0.02751022929434866
Exp1_Human,sub-011,bot,social,0.0,0.0,0.0,0.0,0.0019345238095238096,0.005583513187761682,0.003502961541868245,0.0,0.004209242735954317,0.0,0.0012870012870012872,0.0,0.0,0.0,0.007518036997285492,0.003502961541868245,0.004209242735954317,0.0012870012870012872,0.01651724256210934
Exp1_Human,sub-011,hum,nonsocial,0.0,0.0,0.0,0.0,0.0007558578987150415,0.009013515672774005,0.001520626317374285,0.0008417508417508418,0.010888764013764015,0.0,0.0029302616108171664,0.0,0.0,0.0,0.009769373571489047,0.0023623771591251264,0.010888764013764015,0.0029302616108171664,0.025950776355195354
Exp1_Human,sub-011,hum,social,0.0,0.0,0.0,0.0,0.0,0.003964703597056539,0.0,0.0,0.00818228563934871,0.0,0.0007062146892655367,0.0016666666666666668,0.00046816479400749064,0.0,0.003964703597056539,0.0,0.00818228563934871,0.002841046149939694,0.01498803538634494
Exp1_Human,sub-012,bot,nonsocial,0.0,0.0,0.0,0.0,0.0,0.00323938321536906,0.0,0.0,0.014385666896106875,0.0,0.0010111223458038423,0.0,0.0,0.0,0.00323938321536906,0.0,0.014385666896106875,0.0010111223458038423,0.018636172457279776
Exp1_Human,sub-012,bot,social,0.0,0.0,0.0,0.0,0.0,0.004619989872379157,0.001891165291554649,0.0,0.010806657630175734,0.0,0.0016275284817484305,0.0,0.0,0.0,0.004619989872379157,0.001891165291554649,0.010806657630175734,0.0016275284817484305,0.018945341275857973
Exp1_Human,sub-012,hum,nonsocial,0.0,0.0,0.0,0.0,0.00036231884057971015,0.008525917038261124,0.0,0.0,0.021346912267089777,0.0,0.00557740970784449,0.0011441647597254005,0.0,0.0,0.008888235878840836,0.0,0.021346912267089777,0.006721574467569891,0.036956722613500505
Exp1_Human,sub-012,hum,social,0.0,0.0,0.0,0.0,0.0021560367343499876,0.007268226701408868,0.0034647171010807375,0.0,0.01825927548455668,0.0,0.0011167858358869596,0.0015151515151515152,0.0006060606060606061,0.0,0.009424263435758855,0.0034647171010807375,0.01825927548455668,0.0032379979570990804,0.03438625397849535
Exp1_Human,sub-013,bot,nonsocial,0.0,0.0,0.0,0.0,0.0006009615384615385,0.01592259110988325,0.000651890482398957,0.0015231603839198776,0.02295436179162275,0.002377385850097118,0.0014211212516297262,0.0005417118093174431,0.00084530853761623,0.0,0.01652355264834479,0.0021750508663188344,0.02295436179162275,0.005185527448660516,0.04683849275494689
Exp1_Human,sub-013,bot,social,0.0018057060310581437,0.00036114120621162876,0.0,0.0,0.0,0.013619534339132277,0.0003301419610432486,0.001303780964797914,0.024754775453434442,0.0063850463115619266,0.0,0.0007930214115781126,0.0,0.0021668472372697724,0.013619534339132277,0.0016339229258411625,0.024754775453434442,0.007178067723140039,0.049353147678817696
Exp1_Human,sub-013,hum,nonsocial,0.0,0.0,0.0,0.0,0.003205128205128205,0.015856967735324894,0.0005341880341880341,0.0,0.023541642950599854,0.0020455202016244753,0.0005341880341880341,0.0002797202797202797,0.0,0.0,0.0190620959404531,0.0005341880341880341,0.023541642950599854,0.002859428515532789,0.045997355440773775
Exp1_Human,sub-013,hum,social,0.0026881720430107525,0.001792114695340502,0.0,0.0,0.0013662080493763663,0.009717819081678567,0.0006038647342995169,0.0,0.03344044298068865,0.003103400944487121,0.001969984952878752,0.0017398122963071872,0.0,0.004480286738351254,0.011084027131054934,0.0006038647342995169,0.03344044298068865,0.00681319819367306,0.05642181977806741
Exp1_Human,sub-014,bot,nonsocial,0.0,0.0,0.0,0.0,0.0018621084797555386,0.010526128796071935,0.0,0.0,0.017285802998069092,0.0,0.0018029556650246306,0.0,0.0,0.0,0.012388237275827472,0.0,0.017285802998069092,0.0018029556650246306,0.03147699593892119
Exp1_Human,sub-014,bot,social,0.0029411764705882357,0.0,0.0,0.0,0.0,0.007652962901413751,0.0016470588235294116,0.0,0.011436436432484964,0.0,0.0,0.0,0.000980392156862745,0.0029411764705882357,0.007652962901413751,0.0016470588235294116,0.011436436432484964,0.000980392156862745,0.02465802678487911
Exp1_Human,sub-014,hum,nonsocial,0.0026483050847457626,0.0,0.0,0.0,0.0,0.0070165420563463934,0.0012737086359967714,0.0,0.022207054499856334,0.0,0.0008445945945945946,0.0,0.0,0.0026483050847457626,0.0070165420563463934,0.0012737086359967714,0.022207054499856334,0.0008445945945945946,0.03399020487153986
Exp1_Human,sub-014,hum,social,0.0020833333333333333,0.0,0.0,0.0,0.0034794715884631944,0.006248626485930036,0.0,0.0,0.012464116620348695,0.0,0.00043402777777777775,0.0006868131868131869,0.0004496402877697842,0.0020833333333333333,0.00972809807439323,0.0,0.012464116620348695,0.001570481252360749,0.025846029280436007
Exp1_Human,sub-015,bot,nonsocial,0.0,0.0,0.0,0.0,0.001594896331738437,0.0036631508703487063,0.0008488964346349745,0.004956625928004975,0.027720656667915473,0.0008488964346349745,0.0033205258186540278,0.0,0.001594896331738437,0.0,0.005258047202087143,0.00580552236263995,0.027720656667915473,0.00576431858502744,0.044548544817670004
Exp1_Human,sub-015,bot,social,0.0010582010582010583,0.0,0.0,0.0,0.0008169934640522876,0.019662588668640166,0.0017551133222775013,0.00682017607687784,0.015494116598762854,0.0,0.0005291005291005291,0.0,0.0005291005291005291,0.0010582010582010583,0.020479582132692454,0.00857528939915534,0.015494116598762854,0.0010582010582010583,0.046665390247012765
Exp1_Human,sub-015,hum,nonsocial,0.0015432098765432098,0.0,0.0,0.0,0.0006105006105006105,0.01184974479190035,0.0,0.0042508819101548965,0.025360649656708017,0.0,0.0018994739918176506,0.0,0.0024392672242134605,0.0015432098765432098,0.01246024540240096,0.0042508819101548965,0.025360649656708017,0.0043387412160311115,0.047953728061838195
Exp1_Human,sub-015,hum,social,0.0018796992481203006,0.0,0.0,0.0,0.000835421888053467,0.012913029051820261,0.0,0.007524626780158848,0.017308149785606866,0.0,0.002256461980467115,0.0008920606601248885,0.0005847953216374269,0.0018796992481203006,0.013748450939873728,0.007524626780158848,0.017308149785606866,0.0037333179622294306,0.04419424471598917
Exp1_Human,sub-016,bot,nonsocial,0.0009090909090909091,0.0,0.0,0.0,0.007263270606178525,0.00895408903349228,0.0,0.0004887585532746823,0.02832477154679117,0.0,0.0,0.0007575757575757576,0.0018939393939393938,0.0009090909090909091,0.016217359639670807,0.0004887585532746823,0.02832477154679117,0.0026515151515151517,0.048591495800342714
Exp1_Human,sub-016,bot,social,0.0,0.0017857142857142857,0.0,0.0,0.0025,0.0062520292207792205,0.0,0.0007575757575757576,0.020489628975937292,0.0,0.0,0.0,0.02777777777777778,0.0017857142857142857,0.008752029220779221,0.0007575757575757576,0.020489628975937292,0.02777777777777778,0.05956272601778434
Exp1_Human,sub-016,hum,nonsocial,0.00984848484848485,0.0037280701754385964,0.0,0.0,0.0019499048826886495,0.02124862903984573,0.0010964912280701754,0.0,0.0403511243220464,0.0,0.0,0.0,0.007518796992481203,0.013576555023923444,0.023198533922534376,0.0010964912280701754,0.0403511243220464,0.007518796992481203,0.08574150148905559
Exp1_Human,sub-016,hum,social,0.003598740440845704,0.0,0.0,0.0,0.0004084967320261438,0.012841217887499893,0.0,0.0004084967320261438,0.03659389949114486,0.0,0.0,0.0014619883040935672,0.0,0.003598740440845704,0.013249714619526037,0.0004084967320261438,0.03659389949114486,0.0014619883040935672,0.05531283958763632
Exp1_Human,sub-017,bot,nonsocial,0.0,0.0025886275886275885,0.0,0.0,0.0015924551638837354,0.008074389558761252,0.003016726403823178,0.006637804694527383,0.025755370402858285,0.0,0.0,0.0,0.0,0.0025886275886275885,0.009666844722644988,0.009654531098350561,0.025755370402858285,0.0,0.04766537381248142
Exp1_Human,sub-017,bot,social,0.0,0.0,0.0,0.0,0.0011947431302270011,0.0029430632470575915,0.006544469149660991,0.002961880008663634,0.012883167836474552,0.0,0.0006613756613756613,0.0,0.0,0.0,0.004137806377284592,0.009506349158324625,0.012883167836474552,0.0006613756613756613,0.027188699033459433
Exp1_Human,sub-017,hum,nonsocial,0.0,0.0,0.0,0.0,0.00196078431372549,0.010248303588943988,0.008303599090097352,0.005031851450257522,0.021407794831568537,0.0,0.0015873015873015873,0.0020039682539682536,0.0,0.0,0.012209087902669478,0.013335450540354874,0.021407794831568537,0.003591269841269841,0.05054360311586273
Exp1_Human,sub-017,hum,social,0.0006385696040868455,0.0009746588693957114,0.0,0.0,0.0027037308768783457,0.013035618875822476,0.004835408583534521,0.009310213513638525,0.01125627655393668,0.0,0.00667334000667334,0.0007880220646178092,0.0,0.001613228473482557,0.01573934975270082,0.014145622097173047,0.01125627655393668,0.007461362071291149,0.05021583894858425
Exp1_Human,sub-018,bot,nonsocial,0.0,0.0,0.0,0.0,0.002829080815629337,0.00757967031870648,0.0,0.0,0.015335179714779339,0.0,0.0,0.0,0.0,0.0,0.010408751134335818,0.0,0.015335179714779339,0.0,0.025743930849115155
Exp1_Human,sub-018,bot,social,0.0,0.0,0.0,0.0,0.0017114464482885536,0.0077690529141187115,0.0,0.0,0.0009380863039399625,0.0,0.0,0.0,0.0,0.0,0.009480499362407264,0.0,0.0009380863039399625,0.0,0.010418585666347227
Exp1_Human,sub-018,hum,nonsocial,0.0,0.0,0.0,0.0,0.0,0.013003014195170451,0.0,0.0,0.01552633297491169,0.0,0.0013933849401829698,0.0,0.0,0.0,0.013003014195170451,0.0,0.01552633297491169,0.0013933849401829698,0.029922732110265114
Exp1_Human,sub-018,hum,social,0.0,0.0,0.0,0.0,0.0015403091060985797,0.00239766081871345,0.0,0.0,0.009247266414615174,0.0,0.0,0.0,0.0,0.0,0.003937969924812029,0.0,0.009247266414615174,0.0,0.013185236339427205
Exp1_Human,sub-019,bot,nonsocial,0.000847457627118644,0.0,0.0,0.0,0.000847457627118644,0.012627245240980514,0.0079700388696092,0.0015224010439321444,0.013934730091739294,0.0,0.0004273504273504274,0.0018704398582447366,0.0125,0.000847457627118644,0.013474702868099158,0.009492439913541345,0.013934730091739294,0.014797790285595164,0.0525471207860936
Exp1_Human,sub-019,bot,social,0.0,0.0,0.0,0.0,0.0,0.006985650504861669,0.012064049508016192,0.0026702982723170177,0.012803994416466197,0.0,0.0003077870113881194,0.0003077870113881194,0.0,0.0,0.006985650504861669,0.01473434778033321,0.012803994416466197,0.0006155740227762388,0.03513956672443732
Exp1_Human,sub-019,hum,nonsocial,0.004115226337448559,0.0,0.0,0.0,0.0,0.010411797444672983,0.005433273469516916,0.0,0.03443110452296386,0.0,0.0,0.0005192107995846313,0.0,0.004115226337448559,0.010411797444672983,0.005433273469516916,0.03443110452296386,0.0005192107995846313,0.05491061257418695
Exp1_Human,sub-019,hum,social,0.0,0.0,0.0,0.0,0.0014990880072959416,0.012398468057753667,0.00919010786620744,0.007121676421170608,0.008989051060848297,0.0,0.0,0.004787867287123815,0.0,0.0,0.01389755606504961,0.016311784287378048,0.008989051060848297,0.004787867287123815,0.04398625870039977
Exp1_Human,sub-020,bot,nonsocial,0.0030303030303030303,0.0,0.0,0.0,0.0003316749585406302,0.013545666266298603,0.0,0.0,0.013007582419411409,0.0017094017094017094,0.0014811002458969518,0.0,0.0,0.0030303030303030303,0.013877341224839234,0.0,0.013007582419411409,0.003190501955298661,0.03310572862985233
Exp1_Human,sub-020,bot,social,0.0,0.0,0.0,0.0,0.0010676823176823177,0.008902543044645382,0.001567398119122257,0.0,0.018931356885233123,0.0034201819546869944,0.0030140110785272078,0.0005827505827505828,0.0,0.0,0.009970225362327697,0.001567398119122257,0.018931356885233123,0.007016943615964785,0.03748592398264786
Exp1_Human,sub-020,hum,nonsocial,0.0,0.0,0.0,0.0,0.0005555555555555556,0.00630979878091523,0.0,0.000896057347670251,0.009838222210671958,0.0032814650153487877,0.0015025252525252527,0.0,0.0,0.0,0.006865354336470786,0.000896057347670251,0.009838222210671958,0.00478399026787404,0.022383624162687035
Exp1_Human,sub-020,hum,social,0.0,0.0,0.0,0.0,0.001989543506231988,0.013081246846849448,0.0004995004995004995,0.0008210180623973727,0.006910356774965287,0.0027056277056277055,0.0,0.0006493506493506494,0.0,0.0,0.015070790353081436,0.001320518561897872,0.006910356774965287,0.0033549783549783547,0.02665664404492295
Exp1_Human,sub-021,bot,nonsocial,0.009712509712509712,0.0,0.0,0.0,0.0,0.005341880341880341,0.0,0.005876068376068376,0.02206127206127206,0.0,0.0,0.0,0.02564102564102564,0.009712509712509712,0.005341880341880341,0.005876068376068376,0.02206127206127206,0.02564102564102564,0.06863275613275613
Exp1_Human,sub-021,bot,social,0.009768009768009768,0.0,0.0,0.0,0.0,0.00935374149659864,0.0,0.0,0.00998934927506356,0.0,0.0,0.0,0.023809523809523808,0.009768009768009768,0.00935374149659864,0.0,0.00998934927506356,0.023809523809523808,0.052920624349195776
Exp1_Human,sub-021,hum,nonsocial,0.005735294117647059,0.0,0.0,0.0,0.0,0.0023863636363636366,0.0,0.0,0.04034541847041847,0.0,0.0015625,0.0,0.025,0.005735294117647059,0.0023863636363636366,0.0,0.04034541847041847,0.0265625,0.07502957622442916
Exp1_Human,sub-021,hum,social,0.0,0.001680672268907563,0.0,0.0,0.0,0.006850502438737733,0.0,0.001680672268907563,0.01700024700311644,0.0,0.002197802197802198,0.0,0.09610389610389611,0.001680672268907563,0.006850502438737733,0.001680672268907563,0.01700024700311644,0.0983016983016983,0.1255137922813676
Exp1_Human,sub-022,bot,nonsocial,0.0,0.0,0.0,0.0,0.0006402048655569782,0.008153025038713707,0.0,0.0,0.023480667908317064,0.0,0.0014323911382734913,0.0,0.0,0.0,0.008793229904270684,0.0,0.023480667908317064,0.0014323911382734913,0.03370628895086124
Exp1_Human,sub-022,bot,social,0.0,0.0,0.0,0.0,0.002208673169028876,0.0026517734411360414,0.0007012622720897616,0.0,0.02867624390627684,0.0,0.004095359235275979,0.0012068234449916827,0.0,0.0,0.004860446610164918,0.0007012622720897616,0.02867624390627684,0.0053021826802676615,0.03954013546879918
Exp1_Human,sub-022,hum,nonsocial,0.0,0.0,0.0,0.0,0.0030332056194125163,0.007455735410173524,0.0,0.0,0.020143003655809226,0.0,0.0008680555555555555,0.0004385964912280702,0.00032808398950131233,0.0,0.010488941029586038,0.0,0.020143003655809226,0.001634736036284938,0.0322666807216802
Exp1_Human,sub-022,hum,social,0.0,0.0,0.0,0.0,0.000999217203112769,0.007475557704049948,0.0,0.0,0.023651660133240576,0.0,0.0011695906432748538,0.001836685535348669,0.0,0.0,0.008474774907162717,0.0,0.023651660133240576,0.003006276178623523,0.035132711219026815
Exp1_Human,sub-023,bot,nonsocial,0.0,0.0,0.0,0.0,0.00291682002208318,0.010144076953440037,0.0,0.0,0.023902071593000822,0.0,0.0006756756756756757,0.0,0.0,0.0,0.013060896975523217,0.0,0.023902071593000822,0.0006756756756756757,0.037638644244199715
Exp1_Human,sub-023,bot,social,0.0,0.0,0.0,0.0,0.001417745658938071,0.008659169195718637,0.0,0.0,0.013769738418994672,0.0,0.0008169934640522876,0.0,0.0,0.0,0.010076914854656708,0.0,0.013769738418994672,0.0008169934640522876,0.02466364673770367
Exp1_Human,sub-023,hum,nonsocial,0.0,0.0,0.0,0.0,0.0009930486593843098,0.006772215995235055,0.0,0.0,0.02152233042920689,0.0,0.0,0.0,0.0,0.0,0.007765264654619364,0.0,0.02152233042920689,0.0,0.029287595083826255
Exp1_Human,sub-023,hum,social,0.0,0.0,0.0,0.0,0.0011811550558790069,0.00892949089353616,0.0,0.0,0.04394614930520139,0.0,0.0013679890560875513,0.0,0.0,0.0,0.01011064594941517,0.0,0.04394614930520139,0.0013679890560875513,0.055424784310704106
Exp2_LLM,s001,bot,nonsocial,0.0,0.0,0.0,0.0,0.0024850141874623983,0.003393482177188575,0.0,0.0,0.0036064358254678398,0.0,0.0,0.0,0.0,0.0,0.005878496364650974,0.0,0.0036064358254678398,0.0,0.009484932190118813
Exp2_LLM,s001,bot,social,0.0,0.0,0.0,0.0,0.004617247299451543,0.0,0.0,0.0,0.0021049809881711185,0.0,0.0,0.0,0.0,0.0,0.004617247299451543,0.0,0.0021049809881711185,0.0,0.006722228287622661
Exp2_LLM,s001,hum,nonsocial,0.0,0.0,0.0,0.0,0.002239541554684742,0.005522087203108709,0.0007588652482269503,0.0,0.00852873792436778,0.0,0.0,0.0,0.0,0.0,0.007761628757793451,0.0007588652482269503,0.00852873792436778,0.0,0.01704923193038818
Exp2_LLM,s001,hum,social,0.0,0.0,0.0,0.0,0.005981683251642692,0.001813305562850521,0.00043478260869565214,0.0,0.0042725606628045655,0.0,0.00029850746268656717,0.0011128048780487806,0.0,0.0,0.007794988814493213,0.00043478260869565214,0.0042725606628045655,0.0014113123407353478,0.013913644426728777
Exp2_LLM,s002,bot,nonsocial,0.0,0.0,0.0,0.0,0.002226204912479422,0.0011504496362743785,0.0004761904761904762,0.0,0.002177609286706382,0.0,0.0,0.0,0.0,0.0,0.003376654548753801,0.0004761904761904762,0.002177609286706382,0.0,0.0060304543116506595
Exp2_LLM,s002,bot,social,0.0,0.0,0.0,0.0,0.0014920935166836808,0.0007428940568475452,0.0,0.0,0.0037205761601616,0.0,0.0,0.0,0.0,0.0,0.002234987573531226,0.0,0.0037205761601616,0.0,0.005955563733692826
Exp2_LLM,s002,hum,nonsocial,0.0,0.0,0.0,0.0,0.002996596173860982,0.003781111137984934,0.0007573632538569425,0.0,0.00723430055826679,0.0,0.0006060606060606061,0.00020833333333333332,0.0,0.0,0.006777707311845916,0.0007573632538569425,0.00723430055826679,0.0008143939393939393,0.015583765063363588
Exp2_LLM,s002,hum,social,0.0,0.0,0.0,0.0,0.001275271920433211,0.0018618565899891828,0.0,0.0,0.004228948937639268,0.0,0.0,0.001232846228024627,0.00025316455696202533,0.0,0.0031371285104223935,0.0,0.004228948937639268,0.0014860107849866524,0.008852088233048314
Exp2_LLM,s003,bot,nonsocial,0.0,0.0,0.0,0.0,0.002933786104019348,0.002313438838029002,0.0,0.0,0.002246161935749231,0.0,0.0,0.0,0.0,0.0,0.00524722494204835,0.0,0.002246161935749231,0.0,0.007493386877797581
Exp2_LLM,s003,bot,social,0.0,0.0,0.0,0.0,0.001750954038789353,0.00044694132334581775,0.0,0.0,0.0016662723060238587,0.0,0.0,0.0,0.0,0.0,0.002197895362135171,0.0,0.0016662723060238587,0.0,0.00386416766815903
Exp2_LLM,s003,hum,nonsocial,0.0,0.0,0.0,0.0,0.002298850707838454,0.005926068923030681,0.0,0.0,0.005671348863928149,0.0,0.0,0.000873015873015873,0.0,0.0,0.008224919630869134,0.0,0.005671348863928149,0.000873015873015873,0.014769284367813157
Exp2_LLM,s003,hum,social,0.0,0.0,0.0,0.0,0.0013846153846153847,0.002209648810239326,0.0,0.0,0.0029943798041926284,0.0,0.00025316455696202533,0.0002898550724637681,0.0,0.0,0.0035942641948547103,0.0,0.0029943798041926284,0.0005430196294257934,0.007131663628473133
Exp2_LLM,s004,bot,nonsocial,0.0,0.0,0.0,0.0,0.00021052631578947367,0.0038896808770136925,0.0,0.0,0.00343343435721277,0.0,0.0,0.0,0.0,0.0,0.004100207192803166,0.0,0.00343343435721277,0.0,0.007533641550015936
Exp2_LLM,s004,bot,social,0.0,0.0,0.0,0.0,0.004327846758678938,0.00017699115044247788,0.0,0.0,0.005412435814762616,0.0,0.0,0.0,0.0,0.0,0.004504837909121416,0.0,0.005412435814762616,0.0,0.009917273723884033
Exp2_LLM,s004,hum,nonsocial,0.0,0.0,0.0,0.0,0.003269513991163476,0.003059178121332111,0.0,0.0,0.00871723164096611,0.0,0.0,0.0006838106370543542,0.0,0.0,0.006328692112495586,0.0,0.00871723164096611,0.0006838106370543542,0.01572973439051605
Exp2_LLM,s004,hum,social,0.0,0.0,0.0,0.0,0.002426266250850387,0.0006238095238095239,0.0,0.0,0.002381351092335074,0.0,0.0,0.0020315925209542234,0.0,0.0,0.003050075774659911,0.0,0.002381351092335074,0.0020315925209542234,0.007463019387949208
Exp2_LLM,s005,bot,nonsocial,0.0,0.0,0.0,0.0,0.0024108532659361786,0.0019295894396700846,0.0,0.0,0.004490425104171883,0.0,0.0,0.0,0.0,0.0,0.004340442705606263,0.0,0.004490425104171883,0.0,0.008830867809778147
Exp2_LLM,s005,bot,social,0.0,0.0,0.0,0.0,0.003586479616209901,0.0002469135802469136,0.0,0.0,0.004894592520129414,0.0,0.0,0.0,0.0,0.0,0.003833393196456815,0.0,0.004894592520129414,0.0,0.008727985716586228
Exp2_LLM,s005,hum,nonsocial,0.0,0.0,0.0,0.0,0.001619047619047619,0.003569824968721524,0.0,0.0,0.009170417351848023,0.0,0.0,0.0,0.0,0.0,0.005188872587769142,0.0,0.009170417351848023,0.0,0.014359289939617166
Exp2_LLM,s005,hum,social,0.0,0.0,0.0,0.0,0.00605920535855402,0.00025,0.0,0.0,0.006042151262111903,0.0,0.0004878048780487805,0.00037037037037037035,0.0,0.0,0.00630920535855402,0.0,0.006042151262111903,0.0008581752484191509,0.013209531869085073
Exp2_LLM,s006,bot,nonsocial,0.0,0.0,0.0,0.0,0.0024474342229560448,0.00197511174682639,0.00041666666666666664,0.0,0.003305425479673086,0.0,0.0,0.00014285714285714284,0.0,0.0,0.004422545969782435,0.00041666666666666664,0.003305425479673086,0.00014285714285714284,0.00828749525897933
Exp2_LLM,s006,bot,social,0.0,0.0,0.0,0.0,0.003276955868198903,0.0018199134199134198,0.0,0.0,0.0016290355157766523,0.0,0.0,0.0,0.0,0.0,0.0050968692881123235,0.0,0.0016290355157766523,0.0,0.006725904803888976
Exp2_LLM,s006,hum,nonsocial,0.0,0.0,0.0,0.0,0.0016907215288136767,0.005026633998749908,0.0,0.0,0.007075446954352364,0.0,0.0002777777777777778,0.00021505376344086024,0.0,0.0,0.006717355527563585,0.0,0.007075446954352364,0.000492831541218638,0.014285634023134586
Exp2_LLM,s006,hum,social,0.0,0.0,0.0,0.0,0.0028354598249556236,0.002535013599819183,0.0,0.0,0.005714582005715863,0.0,0.0003225806451612903,0.0003333333333333333,0.0,0.0,0.005370473424774806,0.0,0.005714582005715863,0.0006559139784946236,0.01174096940898529
Exp2_LLM,s007,bot,nonsocial,0.0,0.0,0.0,0.0,0.0003076923076923077,0.002156078151767215,0.0,0.0,0.0036875218055748464,0.0,0.0,0.0017542135006337614,0.0,0.0,0.0024637704594595226,0.0,0.0036875218055748464,0.0017542135006337614,0.00790550576566813
Exp2_LLM,s007,bot,social,0.0,0.0,0.0,0.0,0.003765131530341528,0.001280798081089238,0.0,0.0,0.0026041252351811355,0.0,0.0,0.0,0.0,0.0,0.0050459296114307665,0.0,0.0026041252351811355,0.0,0.007650054846611902
Exp2_LLM,s007,hum,nonsocial,0.0,0.0,0.0,0.0,0.0021792282771130236,0.0014956555507014222,0.0,0.0,0.006194540250280237,0.0,0.0,0.0003636363636363636,0.0,0.0,0.0036748838278144453,0.0,0.006194540250280237,0.0003636363636363636,0.010233060441731046
Exp2_LLM,s007,hum,social,0.0,0.0,0.0,0.0,0.002130640991325479,0.001087920016491445,0.0,0.0,0.003281826945416753,0.0,0.0,0.0004761904761904762,0.0,0.0,0.0032185610078169237,0.0,0.003281826945416753,0.0004761904761904762,0.006976578429424153
Exp2_LLM,s008,bot,nonsocial,0.0,0.0,0.0,0.0,0.0035485347985347985,0.0017619738751814224,0.0,0.0,0.004232856790365785,0.0,0.0002631578947368421,0.001102123356926188,0.0,0.0,0.005310508673716221,0.0,0.004232856790365785,0.0013652812516630303,0.010908646715745035
Exp2_LLM,s008,bot,social,0.0,0.0,0.0,0.0,0.0027998455904028087,0.0016818407960199006,0.0,0.0,0.0019099681020733653,0.0,0.0,0.0,0.0005725806451612903,0.0,0.004481686386422709,0.0,0.0019099681020733653,0.0005725806451612903,0.006964235133657364
Exp2_LLM,s008,hum,nonsocial,0.0,0.0,0.0,0.0,0.00303812801187765,0.005110951282793772,0.0,0.0,0.005543831026207405,0.0,0.0,0.0,0.0,0.0,0.008149079294671423,0.0,0.005543831026207405,0.0,0.013692910320878828
Exp2_LLM,s008,hum,social,0.0,0.0,0.0,0.0,0.004422974595291215,0.0010556118999323868,0.0,0.0,0.0039361289617211095,0.0,0.0,0.0005555555555555556,0.0,0.0,0.005478586495223602,0.0,0.0039361289617211095,0.0005555555555555556,0.009970271012500267
Exp2_LLM,s009,bot,nonsocial,0.0,0.0,0.0,0.0,0.0034906214780780786,0.0015637440883342524,0.0,0.0,0.0025661624222070418,0.0,0.00033898305084745765,0.00045454545454545455,0.0,0.0,0.005054365566412331,0.0,0.0025661624222070418,0.0007935285053929122,0.008414056494012286
Exp2_LLM,s009,bot,social,0.0,0.0,0.0,0.0,0.0031880253735576945,0.001743661260442631,0.0,0.0,0.0022721081206999874,0.0,0.00021505376344086024,0.0003076923076923077,0.0,0.0,0.0049316866340003256,0.0,0.0022721081206999874,0.000522746071133168,0.007726540825833481
Exp2_LLM,s009,hum,nonsocial,0.0,0.0,0.0,0.0,0.001642656487331,0.0029109646152998673,0.0,0.0,0.00434160537930005,0.0,0.0,0.0005570627599927653,0.0002857142857142857,0.0,0.004553621102630867,0.0,0.00434160537930005,0.0008427770457070511,0.009738003527637968
Exp2_LLM,s009,hum,social,0.0,0.0,0.0,0.0,0.004617768885039747,0.001127777777777778,0.0,0.0,0.002734110206197692,0.0,0.0,0.0,0.0,0.0,0.005745546662817525,0.0,0.002734110206197692,0.0,0.008479656869015216
Exp2_LLM,s010,bot,nonsocial,0.0,0.0,0.0,0.0,0.002581035923141186,0.002084729993695593,0.0,0.0,0.005376007755051205,0.0,0.0,0.000649273893954745,0.0,0.0,0.004665765916836779,0.0,0.005376007755051205,0.000649273893954745,0.010691047565842729
Exp2_LLM,s010,bot,social,0.0,0.0,0.0,0.0,0.0017668526257742533,0.0,0.0,0.0,0.002616595173363613,0.0,0.0,0.00043478260869565214,0.0,0.0,0.0017668526257742533,0.0,0.002616595173363613,0.00043478260869565214,0.004818230407833518
Exp2_LLM,s010,hum,nonsocial,0.0,0.0,0.0,0.0,0.0018165755683792737,0.0044154836215121165,0.0,0.0,0.005452906454521689,0.0,0.0007728085867620752,0.0,0.0,0.0,0.00623205918989139,0.0,0.005452906454521689,0.0007728085867620752,0.012457774231175157
Exp2_LLM,s010,hum,social,0.0,0.0,0.0,0.0,0.003212754082366955,0.000936101020584674,0.0,0.0,0.002077006728175249,0.0,0.0,0.0006803887935963406,0.0,0.0,0.004148855102951629,0.0,0.002077006728175249,0.0006803887935963406,0.006906250624723218
Exp2_LLM,s011,bot,nonsocial,0.0,0.0,0.0,0.0,0.0024229022874658547,0.001872742764616684,0.0,0.0,0.0016923264907135877,0.0,0.0005,0.0,0.0,0.0,0.004295645052082539,0.0,0.0016923264907135877,0.0005,0.006487971542796126
Exp2_LLM,s011,bot,social,0.0,0.0,0.0,0.0,0.0042754599943375556,0.00147299396746707,0.0,0.0,0.006416572757860304,0.0,0.0,0.0005928853754940712,0.0,0.0,0.005748453961804626,0.0,0.006416572757860304,0.0005928853754940712,0.012757912095159
Exp2_LLM,s011,hum,nonsocial,0.0,0.0,0.0,0.0,0.002065191192756172,0.004443756145198337,0.0,0.0,0.005171226193816515,0.0,0.0,0.0,0.0,0.0,0.006508947337954509,0.0,0.005171226193816515,0.0,0.011680173531771025
Exp2_LLM,s011,hum,social,0.0,0.0,0.0,0.0,0.00293326596166804,0.002182718818276394,0.0,0.0,0.002566205806646983,0.0,0.00031746031746031746,0.0005405405405405405,0.0,0.0,0.005115984779944433,0.0,0.002566205806646983,0.000858000858000858,0.008540191444592275
Exp2_LLM,s012,bot,nonsocial,0.0,0.0,0.0,0.0,0.0012592270950933565,0.004462756998531715,0.0,0.0,0.003263872700786657,0.0,0.0004878048780487805,0.00022222222222222223,0.0,0.0,0.005721984093625071,0.0,0.003263872700786657,0.0007100271002710028,0.00969588389468273
Exp2_LLM,s012,bot,social,0.0,0.0,0.0,0.0,0.005490330858885804,0.0021643485713253156,0.0,0.0,0.0019596943912612995,0.0,0.0,0.0003278688524590164,0.0,0.0,0.0076546794302111195,0.0,0.0019596943912612995,0.0003278688524590164,0.009942242673931435
Exp2_LLM,s012,hum,nonsocial,0.0,0.0,0.0,0.0,0.0032432529656012355,0.004270786355736032,0.0003508771929824561,0.0,0.0033856334160901006,0.0,0.0,0.0009040381433625443,0.0,0.0,0.007514039321337268,0.0003508771929824561,0.0033856334160901006,0.0009040381433625443,0.01215458807377237
Exp2_LLM,s012,hum,social,0.0,0.0,0.0,0.0,0.0035070241946253662,0.0018708901631130659,0.0,0.0,0.0021508797360979197,0.0,0.0,0.0004081632653061224,0.0,0.0,0.005377914357738431,0.0,0.0021508797360979197,0.0004081632653061224,0.007936957359142474
Exp2_LLM,s013,bot,nonsocial,0.0,0.0,0.0,0.0,0.0018861079523750757,0.0010176208767758064,0.0,0.0,0.004671538648822302,0.0,0.0005263157894736842,0.0006623221173028327,0.0,0.0,0.0029037288291508825,0.0,0.004671538648822302,0.001188637906776517,0.008763905384749702
Exp2_LLM,s013,bot,social,0.0,0.0,0.0,0.0,0.005257233787512516,0.002232345199827845,0.0,0.0,0.0027281741607828565,0.0,0.0,0.0,0.0,0.0,0.007489578987340362,0.0,0.0027281741607828565,0.0,0.010217753148123218
Exp2_LLM,s013,hum,nonsocial,0.0,0.0,0.0,0.0,0.0016225560689043233,0.002810214150507663,0.0,0.0,0.00591831696100636,0.0,0.0005405405405405405,0.00031746031746031746,0.0,0.0,0.004432770219411986,0.0,0.00591831696100636,0.000858000858000858,0.011209088038419204
Exp2_LLM,s013,hum,social,0.0,0.0,0.0,0.0,0.003525937457957718,0.0005889830508474576,0.0,0.0,0.0028251070981398702,0.0,0.0,0.0005708502024291497,0.0003361344537815126,0.0,0.004114920508805175,0.0,0.0028251070981398702,0.0009069846562106623,0.007847012263155708
Exp2_LLM,s014,bot,nonsocial,0.0,0.0,0.0,0.0,0.0020009627727856226,0.001702829463570752,0.0,0.0,0.004676471024968533,0.0,0.0,0.0005416666666666666,0.0,0.0,0.0037037922363563746,0.0,0.004676471024968533,0.0005416666666666666,0.008921929927991575
Exp2_LLM,s014,bot,social,0.0,0.0,0.0,0.0,0.004641966853444716,0.0005551387846961741,0.0,0.0,0.002579867832921618,0.0,0.0,0.0002325581395348837,0.0,0.0,0.0051971056381408896,0.0,0.002579867832921618,0.0002325581395348837,0.00800953161059739
Exp2_LLM,s014,hum,nonsocial,0.0,0.0,0.0,0.0,0.0017377774353882919,0.0028358022423129086,0.0,0.0,0.001499797551636098,0.0,0.0005405405405405405,0.0006784335355763927,0.0,0.0,0.0045735796777012,0.0,0.001499797551636098,0.0012189740761169331,0.007292351305454232
Exp2_LLM,s014,hum,social,0.0,0.0,0.0,0.0,0.005224572229797612,0.00037037037037037035,0.0,0.0,0.0048088355727585455,0.0,0.0,0.00037037037037037035,0.0,0.0,0.0055949426001679825,0.0,0.0048088355727585455,0.00037037037037037035,0.010774148543296898
Exp2_LLM,s015,bot,nonsocial,0.0,0.0,0.0,0.0,0.001758508551677432,0.0011253561253561253,0.0004081632653061224,0.0,0.005081516358890448,0.0,0.0,0.0,0.0,0.0,0.0028838646770335576,0.0004081632653061224,0.005081516358890448,0.0,0.008373544301230128
Exp2_LLM,s015,bot,social,0.0,0.0,0.0,0.0,0.005218521043752849,0.0005414304005853302,0.0,0.0,0.0020958383353341338,0.0,0.00031746031746031746,0.0002469135802469136,0.0,0.0,0.005759951444338178,0.0,0.0020958383353341338,0.000564373897707231,0.008420163677379543
Exp2_LLM,s015,hum,nonsocial,0.0,0.0,0.0,0.0,0.00386657682574198,0.0016735463610463611,0.0,0.0,0.0024314891322563957,0.0,0.0003225806451612903,0.0,0.0,0.0,0.005540123186788342,0.0,0.0024314891322563957,0.0003225806451612903,0.008294192964206028
Exp2_LLM,s015,hum,social,0.0,0.0,0.0,0.0,0.003570763058055271,0.0021948490506861922,0.0,0.0,0.004877254385926775,0.0,0.0005714285714285714,0.00021052631578947367,0.0,0.0,0.005765612108741464,0.0,0.004877254385926775,0.0007819548872180451,0.011424821381886283
Exp2_LLM,s016,bot,nonsocial,0.0,0.0,0.0,0.0,0.004814836524257693,0.0022703571586394572,0.0,0.0,0.005492659594551907,0.0,0.0007692307692307692,0.0,0.0,0.0,0.00708519368289715,0.0,0.005492659594551907,0.0007692307692307692,0.013347084046679827
Exp2_LLM,s016,bot,social,0.0,0.0,0.0,0.0,0.006956944386734646,0.0006288381233112259,0.0,0.0,0.0038222291667376366,0.0,0.0,0.00033898305084745765,0.0,0.0,0.007585782510045872,0.0,0.0038222291667376366,0.00033898305084745765,0.011746994727630966
Exp2_LLM,s016,hum,nonsocial,0.0,0.0,0.0,0.0,0.0006414141414141413,0.002965677058917948,0.0,0.0,0.005542008250812216,0.0,0.0,0.0009020321669202347,0.0,0.0,0.0036070912003320897,0.0,0.005542008250812216,0.0009020321669202347,0.01005113161806454
Exp2_LLM,s016,hum,social,0.0,0.0,0.0,0.0,0.003490260616576406,0.0017469624797211002,0.0,0.0,0.005401714703547658,0.0,0.0004761904761904762,0.0008952702702702702,0.0,0.0,0.0052372230962975065,0.0,0.005401714703547658,0.0013714607464607464,0.012010398546305912
Exp2_LLM,s017,bot,nonsocial,0.0,0.0,0.0,0.0,0.0,0.001089855072463768,0.0,0.0,0.002434640812981763,0.0,0.0,0.0,0.0,0.0,0.001089855072463768,0.0,0.002434640812981763,0.0,0.003524495885445531
Exp2_LLM,s017,bot,social,0.0,0.0,0.0,0.0,0.005361660936931335,0.0008231884057971014,0.0,0.0,0.0033267445350831735,0.0,0.00044444444444444447,0.0,0.0,0.0,0.006184849342728436,0.0,0.0033267445350831735,0.00044444444444444447,0.009956038322256054
Exp2_LLM,s017,hum,nonsocial,0.0,0.0,0.0,0.0,0.0015459721437982308,0.0019052483222533377,0.0008695652173913043,0.0,0.004713788998382634,0.0,0.0,0.00041666666666666664,0.0,0.0,0.0034512204660515685,0.0008695652173913043,0.004713788998382634,0.00041666666666666664,0.009451241348492173
Exp2_LLM,s017,hum,social,0.0,0.0,0.0,0.0,0.004042029560801052,0.0009879142300194931,0.0,0.0,0.002167913793957305,0.0,0.0,0.0003508771929824561,0.0,0.0,0.005029943790820546,0.0,0.002167913793957305,0.0003508771929824561,0.007548734777760307
Exp2_LLM,s018,bot,nonsocial,0.0,0.0,0.0,0.0,0.0017636920682776874,0.0029688312986315903,0.0,0.0,0.007137223577352342,0.0,0.0002564102564102564,0.0002666666666666667,0.0,0.0,0.004732523366909277,0.0,0.007137223577352342,0.0005230769230769231,0.012392823867338542
Exp2_LLM,s018,bot,social,0.0,0.0,0.0,0.0,0.006045433018702774,0.0017464126539329238,0.0,0.0,0.00274277919048424,0.0,0.0,0.00020833333333333332,0.0,0.0,0.0077918456726356975,0.0,0.00274277919048424,0.00020833333333333332,0.010742958196453269
Exp2_LLM,s018,hum,nonsocial,0.0,0.0,0.0,0.0,0.0022060363940563364,0.0021890182186234818,0.0,0.0,0.004929535026260123,0.0,0.0,0.0011056466302367942,0.0,0.0,0.004395054612679818,0.0,0.004929535026260123,0.0011056466302367942,0.010430236269176735
Exp2_LLM,s018,hum,social,0.0,0.0,0.0,0.0,0.004657952875270362,0.0024072412581801123,0.0,0.0,0.00310426841579416,0.0,0.0005405405405405405,0.0004651162790697674,0.0,0.0,0.007065194133450475,0.0,0.00310426841579416,0.001005656819610308,0.011175119368854942
Exp2_LLM,s019,bot,nonsocial,0.0,0.0,0.0,0.0,0.001367605722061088,0.0027189923531995143,0.0,0.0,0.00389709093017984,0.0,0.0,0.0004608884905901933,0.0,0.0,0.004086598075260602,0.0,0.00389709093017984,0.0004608884905901933,0.008444577496030635
Exp2_LLM,s019,bot,social,0.0,0.0,0.0,0.0,0.0033195915264615976,0.000656443368307775,0.0,0.0,0.0034896920442817636,0.0,0.0,0.0,0.0,0.0,0.003976034894769373,0.0,0.0034896920442817636,0.0,0.007465726939051137
Exp2_LLM,s019,hum,nonsocial,0.0,0.0,0.0,0.0,0.0006318407960199004,0.0053460063698751925,0.0,0.0,0.0039084323669533955,0.0,0.000689655172413793,0.0,0.0,0.0,0.0059778471658950925,0.0,0.0039084323669533955,0.000689655172413793,0.010575934705262281
Exp2_LLM,s019,hum,social,0.0,0.0,0.0,0.0,0.003358690639091699,0.0011080200501253131,0.0,0.0,0.0009713453132588636,0.0,0.000689655172413793,0.0008125000000000001,0.0,0.0,0.004466710689217012,0.0,0.0009713453132588636,0.0015021551724137933,0.006940211174889669
Exp2_LLM,s020,bot,nonsocial,0.0,0.0,0.0,0.0,0.003040316295077791,0.004929627887787647,0.0,0.0,0.00451226999145441,0.0,0.00043478260869565214,0.0002380952380952381,0.0,0.0,0.007969944182865438,0.0,0.00451226999145441,0.0006728778467908902,0.013155092021110738
Exp2_LLM,s020,bot,social,0.0,0.0,0.0,0.0,0.006230952697877716,0.0018258413301575499,0.0,0.0,0.005597932109723487,0.0,0.00025,0.00037037037037037035,0.0,0.0,0.008056794028035266,0.0,0.005597932109723487,0.0006203703703703704,0.014275096508129123
Exp2_LLM,s020,hum,nonsocial,0.0,0.0,0.0,0.0,0.004109494366649203,0.005453610161599612,0.0,0.0,0.005115815255184758,0.0,0.0,0.00024390243902439024,0.0,0.0,0.009563104528248817,0.0,0.005115815255184758,0.00024390243902439024,0.014922822222457966
Exp2_LLM,s020,hum,social,0.0,0.0,0.0,0.0,0.004853225190131824,0.0009956727189383797,0.0,0.0,0.002173489898080062,0.0,0.0003508771929824561,0.0006579936573041606,0.0,0.0,0.005848897909070204,0.0,0.002173489898080062,0.0010088708502866168,0.009031258657436883
Exp2_LLM,s021,bot,nonsocial,0.0,0.0,0.0,0.0,0.002311170121650824,0.0027860753422615427,0.0,0.0,0.00278699572143617,0.0,0.0,0.00021739130434782607,0.0,0.0,0.005097245463912366,0.0,0.00278699572143617,0.00021739130434782607,0.008101632489696363
Exp2_LLM,s021,bot,social,0.0,0.0,0.0,0.0,0.003736728312574258,0.0011797385620915032,0.0,0.0,0.002591935565314325,0.0,0.0,0.0,0.0,0.0,0.004916466874665761,0.0,0.002591935565314325,0.0,0.007508402439980085
Exp2_LLM,s021,hum,nonsocial,0.0,0.0,0.0,0.0,0.00488975762546287,0.0025704511689733367,0.0,0.0,0.003697301980659226,0.0,0.0007142857142857143,0.0,0.0,0.0,0.007460208794436206,0.0,0.003697301980659226,0.0007142857142857143,0.011871796489381145
Exp2_LLM,s021,hum,social,0.0,0.0,0.0,0.0,0.002948663277021486,0.0020312050062930016,0.0,0.0,0.002206296940445137,0.0,0.0,0.0005376344086021505,0.0,0.0,0.0049798682833144875,0.0,0.002206296940445137,0.0005376344086021505,0.007723799632361775
Exp2_LLM,s022,bot,nonsocial,0.0,0.0,0.0,0.0,0.0018921697923419093,0.0013362161188248145,0.0,0.0,0.0026531957707708297,0.0,0.0,0.001081616570978273,0.0,0.0,0.003228385911166724,0.0,0.0026531957707708297,0.001081616570978273,0.006963198252915827
Exp2_LLM,s022,bot,social,0.0,0.0,0.0,0.0,0.004272352594302274,0.0005608447290981479,0.0,0.0,0.0013600738351099795,0.0,0.0,0.000273972602739726,0.0,0.0,0.004833197323400422,0.0,0.0013600738351099795,0.000273972602739726,0.006467243761250127
Exp2_LLM,s022,hum,nonsocial,0.0,0.0,0.0,0.0,0.0030952380952380953,0.004662202427882796,0.0,0.0,0.005840710906751261,0.0,0.0,0.0,0.0,0.0,0.007757440523120892,0.0,0.005840710906751261,0.0,0.013598151429872151
Exp2_LLM,s022,hum,social,0.0,0.0,0.0,0.0,0.0036119459368098208,0.0006784335355763927,0.0,0.0,0.003953101865412934,0.0,0.0,0.0,0.0,0.0,0.004290379472386213,0.0,0.003953101865412934,0.0,0.008243481337799148
Exp2_LLM,s023,bot,nonsocial,0.0,0.0,0.0,0.0,0.00359175726670167,0.0034397846280316267,0.0003333333333333333,0.0,0.004283386247084457,0.0,0.0,0.0,0.0,0.0,0.007031541894733297,0.0003333333333333333,0.004283386247084457,0.0,0.011648261475151087
Exp2_LLM,s023,bot,social,0.0,0.0,0.0,0.0,0.002777427394175748,0.0009506642782504851,0.0,0.0,0.001727704396789601,0.0,0.0,0.0,0.0,0.0,0.003728091672426233,0.0,0.001727704396789601,0.0,0.005455796069215835
Exp2_LLM,s023,hum,nonsocial,0.0,0.0,0.0,0.0,0.003309965216736948,0.004157835988109748,0.0,0.0,0.0034143098387680432,0.0,0.00044444444444444447,0.0007111111111111113,0.0,0.0,0.007467801204846696,0.0,0.0034143098387680432,0.0011555555555555557,0.012037666599170296
Exp2_LLM,s023,hum,social,0.0,0.0,0.0,0.0,0.003175506812689736,0.0013343434343434343,0.0004,0.0,0.004753566112113463,0.0,0.0008333333333333333,0.0,0.0,0.0,0.004509850247033171,0.0004,0.004753566112113463,0.0008333333333333333,0.010496749692479967
Exp2_LLM,s024,bot,nonsocial,0.0,0.0,0.0,0.0,0.002217778979407345,0.0020439614530465065,0.0,0.0,0.0038935471075619028,0.0,0.0,0.0,0.0,0.0,0.004261740432453851,0.0,0.0038935471075619028,0.0,0.008155287540015755
Exp2_LLM,s024,bot,social,0.0,0.0,0.0,0.0,0.004773006172165836,0.0006101834673263245,0.0,0.0,0.0017747399985782828,0.0,0.0,0.0004083333333333333,0.0,0.0,0.005383189639492161,0.0,0.0017747399985782828,0.0004083333333333333,0.007566262971403777
Exp2_LLM,s024,hum,nonsocial,0.0,0.0,0.0,0.0,0.0008314761376248612,0.003843726534314345,0.0004,0.0,0.007400659503254085,0.0,0.0,0.0,0.0,0.0,0.004675202671939206,0.0004,0.007400659503254085,0.0,0.012475862175193291
Exp2_LLM,s024,hum,social,0.0,0.0,0.0,0.0,0.001177107123894924,0.0013829224988645278,0.0,0.0,0.0032161466912927006,0.0,0.0,0.00035714285714285714,0.0,0.0,0.002560029622759452,0.0,0.0032161466912927006,0.00035714285714285714,0.0061333191711950095
Exp2_LLM,s025,bot,nonsocial,0.0,0.0,0.0,0.0,0.001651920122887865,0.002296546723087764,0.0,0.0,0.00310099330735572,0.0,0.0002777777777777778,0.0002941176470588235,0.0,0.0,0.003948466845975629,0.0,0.00310099330735572,0.0005718954248366013,0.007621355578167951
Exp2_LLM,s025,bot,social,0.0,0.0,0.0,0.0,0.004006509353637049,0.00025,0.0,0.0,0.004803840418417803,0.0,0.0003225806451612903,0.0,0.0,0.0,0.004256509353637049,0.0,0.004803840418417803,0.0003225806451612903,0.009382930417216141
Exp2_LLM,s025,hum,nonsocial,0.0,0.0,0.0,0.0,0.0019777984493991375,0.0032140203595340915,0.0,0.0,0.00761854955291936,0.0,0.0,0.0003125,0.0,0.0,0.005191818808933229,0.0,0.00761854955291936,0.0003125,0.01312286836185259
Exp2_LLM,s025,hum,social,0.0,0.0,0.0,0.0,0.0031439975123021785,0.0016782130386951738,0.0,0.0,0.0044921333147139595,0.0,0.0,0.0,0.0,0.0,0.004822210550997352,0.0,0.0044921333147139595,0.0,0.009314343865711313
Exp2_LLM,s026,bot,nonsocial,0.0,0.0,0.0,0.0,0.002491762483527795,0.0026619791865693503,0.0,0.0,0.00461749035278447,0.0,0.0,0.0003278688524590164,0.0,0.0,0.005153741670097145,0.0,0.00461749035278447,0.0003278688524590164,0.010099100875340631
Exp2_LLM,s026,bot,social,0.0,0.0,0.0,0.0,0.004320257683375084,0.00040694071472836184,0.0,0.0,0.003720514057918867,0.0,0.0,0.0,0.0,0.0,0.004727198398103445,0.0,0.003720514057918867,0.0,0.008447712456022313
Exp2_LLM,s026,hum,nonsocial,0.0,0.0,0.0,0.0,0.0013876561143391435,0.004483046444384206,0.0,0.0,0.004050207616922107,0.0,0.000625,0.0,0.0,0.0,0.005870702558723348,0.0,0.004050207616922107,0.000625,0.010545910175645457
Exp2_LLM,s026,hum,social,0.0,0.0,0.0,0.0,0.00541413173687754,0.0019315045386053076,0.0,0.0,0.0030556186354140317,0.0,0.0,0.0004081632653061224,0.0,0.0,0.0073456362754828475,0.0,0.0030556186354140317,0.0004081632653061224,0.010809418176203001
Exp2_LLM,s027,bot,nonsocial,0.0,0.0,0.0,0.0,0.00408362678498734,0.002365532879818594,0.001689655172413793,0.0,0.004631411912641483,0.0,0.0005555555555555556,0.0007628004179728318,0.0,0.0,0.006449159664805935,0.001689655172413793,0.004631411912641483,0.0013183559735283872,0.014088582723389597
Exp2_LLM,s027,bot,social,0.0,0.0,0.0,0.0,0.0053700311552649874,0.0007222222222222223,0.0,0.0,0.002434083092664697,0.0,0.0010317460317460316,0.0004878048780487805,0.0,0.0,0.006092253377487209,0.0,0.002434083092664697,0.0015195509097948123,0.010045887379946718
Exp2_LLM,s027,hum,nonsocial,0.0,0.0,0.0,0.0,0.0021552048083488245,0.0026641948560679213,0.0,0.0,0.003695213419026532,0.0,0.000588235294117647,0.0005263157894736842,0.0,0.0,0.004819399664416746,0.0,0.003695213419026532,0.0011145510835913312,0.00962916416703461
Exp2_LLM,s027,hum,social,0.0,0.0,0.0,0.0,0.0023330500022666484,0.0017322105088927481,0.0,0.0,0.0023469634525337397,0.0,0.0,0.0,0.0,0.0,0.004065260511159396,0.0,0.0023469634525337397,0.0,0.0064122239636931365
Exp2_LLM,s028,bot,nonsocial,0.0,0.0,0.0,0.0,0.0015499351437642708,0.0032428150841700503,0.0,0.0,0.003529467928338725,0.0,0.0,0.0002631578947368421,0.0,0.0,0.004792750227934321,0.0,0.003529467928338725,0.0002631578947368421,0.00858537605100989
Exp2_LLM,s028,bot,social,0.0,0.0,0.0,0.0,0.002867816217396049,0.0008888888888888888,0.0,0.0,0.0015326729725706706,0.0,0.0,0.0006781609195402299,0.0,0.0,0.003756705106284938,0.0,0.0015326729725706706,0.0006781609195402299,0.005967538998395838
Exp2_LLM,s028,hum,nonsocial,0.0,0.0,0.0,0.0,0.0020860805860805857,0.007320530956016064,0.0,0.0,0.008718409471656804,0.0,0.0,0.0005508771929824562,0.0,0.0,0.00940661154209665,0.0,0.008718409471656804,0.0005508771929824562,0.01867589820673591
Exp2_LLM,s028,hum,social,0.0,0.0,0.0,0.0,0.0024330187431483375,0.001433770180263869,0.0,0.0,0.0024122260907389393,0.0,0.0,0.0005714285714285714,0.0,0.0,0.003866788923412206,0.0,0.0024122260907389393,0.0005714285714285714,0.006850443585579718
Exp2_LLM,s029,bot,nonsocial,0.0,0.0,0.0,0.0,0.0006904761904761906,0.00223695791715988,0.0,0.0,0.0023195291625057353,0.0,0.0,0.0005797101449275362,0.0,0.0,0.0029274341076360707,0.0,0.0023195291625057353,0.0005797101449275362,0.005826673415069342
Exp2_LLM,s029,bot,social,0.0,0.0,0.0,0.0,0.002888099742750162,0.0008840321372290683,0.0,0.0,0.0031826380071207395,0.0,0.0,0.0,0.0,0.0,0.0037721318799792303,0.0,0.0031826380071207395,0.0,0.006954769887099969
Exp2_LLM,s029,hum,nonsocial,0.0,0.0,0.0,0.0,0.0026356678045486425,0.0031329110987838725,0.0,0.0,0.004682158792793593,0.0,0.0,0.0010541571802006914,0.0,0.0,0.0057685789033325155,0.0,0.004682158792793593,0.0010541571802006914,0.0115048948763268
Exp2_LLM,s029,hum,social,0.0,0.0,0.0,0.0,0.0030521020660539324,0.0025083509870743913,0.0,0.0,0.0058185711042621005,0.0,0.0005714285714285714,0.0,0.0,0.0,0.005560453053128324,0.0,0.0058185711042621005,0.0005714285714285714,0.011950452728818995
Exp2_LLM,s030,bot,nonsocial,0.0,0.0,0.0,0.0,0.001065194632149995,0.002981071137195691,0.0,0.0,0.006406020648487093,0.0,0.0002857142857142857,0.0,0.0,0.0,0.004046265769345686,0.0,0.006406020648487093,0.0002857142857142857,0.010738000703547065
Exp2_LLM,s030,bot,social,0.0,0.0,0.0,0.0,0.006284724561672467,0.0023634502845530972,0.0,0.0,0.004414524049909002,0.0,0.0,0.0,0.0,0.0,0.008648174846225565,0.0,0.004414524049909002,0.0,0.013062698896134569
Exp2_LLM,s030,hum,nonsocial,0.0,0.0,0.0,0.0,0.0016371043591038245,0.0023396157778472963,0.0,0.0,0.004746925340821192,0.0,0.0004878048780487805,0.0,0.0,0.0,0.003976720136951121,0.0,0.004746925340821192,0.0004878048780487805,0.009211450355821094
Exp2_LLM,s030,hum,social,0.0,0.0,0.0,0.0,0.003053947368346846,0.0019195130573107682,0.0,0.0,0.004774328195261611,0.0,0.0,0.0,0.0,0.0,0.004973460425657614,0.0,0.004774328195261611,0.0,0.009747788620919226
Exp2_LLM,s031,bot,nonsocial,0.0,0.0,0.0,0.0,0.002990035160830558,0.002918122476042423,0.0,0.0,0.006738676225837712,0.0,0.0,0.0004972677595628416,0.0,0.0,0.005908157636872981,0.0,0.006738676225837712,0.0004972677595628416,0.013144101622273535
Exp2_LLM,s031,bot,social,0.0,0.0,0.0,0.0,0.007815508035962038,0.0002127659574468085,0.0,0.0,0.0028671742448347385,0.0,0.0,0.0,0.0,0.0,0.008028273993408845,0.0,0.0028671742448347385,0.0,0.010895448238243587
Exp2_LLM,s031,hum,nonsocial,0.0,0.0,0.0,0.0,0.0010329968944099378,0.0027940186451983185,0.0,0.0,0.00523549647690874,0.0,0.0002702702702702703,0.0,0.0,0.0,0.003827015539608256,0.0,0.00523549647690874,0.0002702702702702703,0.009332782286787267
Exp2_LLM,s031,hum,social,0.0,0.0,0.0,0.0,0.0030122776853279813,0.002872359608679487,0.0,0.0,0.004895931342928795,0.0,0.0,0.0007692307692307692,0.0,0.0,0.005884637294007468,0.0,0.004895931342928795,0.0007692307692307692,0.011549799406167034
Exp2_LLM,s032,bot,nonsocial,0.0,0.0,0.0,0.0,0.0018863675607229192,0.002591911200463186,0.0,0.0,0.0028980641212401877,0.0,0.0009083191850594227,0.0002197802197802198,0.0,0.0,0.004478278761186105,0.0,0.0028980641212401877,0.0011280994048396425,0.008504442287265936
Exp2_LLM,s032,bot,social,0.0,0.0,0.0,0.0,0.005136464230978447,0.0006226053639846744,0.0,0.0,0.002391730447103902,0.0,0.0,0.00029850746268656717,0.0,0.0,0.005759069594963121,0.0,0.002391730447103902,0.00029850746268656717,0.008449307504753591
Exp2_LLM,s032,hum,nonsocial,0.0,0.0,0.0,0.0,0.002443592932359002,0.0028181250418535175,0.0,0.0,0.0018328818108981884,0.0,0.0,0.0010714285714285715,0.0,0.0,0.00526171797421252,0.0,0.0018328818108981884,0.0010714285714285715,0.00816602835653928
Exp2_LLM,s032,hum,social,0.0,0.0,0.0,0.0,0.0036950282393272893,0.0005921476078094829,0.0,0.0,0.003490449034338986,0.0,0.0,0.0011841945288753799,0.0,0.0,0.004287175847136773,0.0,0.003490449034338986,0.0011841945288753799,0.008961819410351138
Exp2_LLM,s033,bot,nonsocial,0.0,0.0,0.0,0.0,0.0016112121707919536,0.002457464459055918,0.0,0.0,0.0051728555289687166,0.0,0.0,0.0002898550724637681,0.0,0.0,0.004068676629847871,0.0,0.0051728555289687166,0.0002898550724637681,0.009531387231280355
Exp2_LLM,s033,bot,social,0.0,0.0,0.0,0.0,0.0035260176930509437,0.0018040624199501336,0.0,0.0,0.0050153420646398715,0.0,0.0,0.0002247191011235955,0.0,0.0,0.005330080113001078,0.0,0.0050153420646398715,0.0002247191011235955,0.010570141278764544
Exp2_LLM,s033,hum,nonsocial,0.0,0.0,0.0,0.0,0.004134094110910968,0.001636862806686249,0.0010896551724137932,0.0,0.004014509185193086,0.0,0.0,0.0003773584905660377,0.0,0.0,0.005770956917597218,0.0010896551724137932,0.004014509185193086,0.0003773584905660377,0.011252479765770134
Exp2_LLM,s033,hum,social,0.0,0.0,0.0,0.0,0.0034235942252963153,0.0013130442200305781,0.0,0.0,0.00371722065111025,0.0,0.0,0.0009413067552602436,0.0,0.0,0.004736638445326893,0.0,0.00371722065111025,0.0009413067552602436,0.009395165851697387
Exp2_LLM,s034,bot,nonsocial,0.0,0.0,0.0,0.0,0.0029435181144555423,0.0038343105074893653,0.0,0.0,0.004430636650068711,0.0,0.0,0.00041035353535353534,0.0,0.0,0.006777828621944908,0.0,0.004430636650068711,0.00041035353535353534,0.011618818807367154
Exp2_LLM,s034,bot,social,0.0,0.0,0.0,0.0,0.004447926749837602,0.00030303030303030303,0.0,0.0,0.0022054353054353055,0.0,0.0,0.0003636363636363636,0.0,0.0,0.0047509570528679055,0.0,0.0022054353054353055,0.0003636363636363636,0.007320028721939574
Exp2_LLM,s034,hum,nonsocial,0.0,0.0,0.0,0.0,0.0019424533428468332,0.0027292990840308484,0.0,0.0,0.004931716039479539,0.0,0.0,0.002075366493113253,0.0,0.0,0.004671752426877682,0.0,0.004931716039479539,0.002075366493113253,0.011678834959470473
Exp2_LLM,s034,hum,social,0.0,0.0,0.0,0.0,0.004478383458646616,0.0002631578947368421,0.0,0.0,0.0037108938015252137,0.0,0.0,0.0003846153846153846,0.00035714285714285714,0.0,0.004741541353383458,0.0,0.0037108938015252137,0.0007417582417582418,0.009194193396666914
Exp2_LLM,s035,bot,nonsocial,0.0,0.0,0.0,0.0,0.0020450598531137096,0.0038600903593882315,0.0002325581395348837,0.0,0.0059711845431788665,0.0,0.0,0.0,0.0,0.0,0.005905150212501941,0.0002325581395348837,0.0059711845431788665,0.0,0.012108892895215691
Exp2_LLM,s035,bot,social,0.0,0.0,0.0,0.0,0.0019251293614501066,0.0010350648822356914,0.0,0.0,0.0030049371243826032,0.0,0.0,0.0003508771929824561,0.0,0.0,0.0029601942436857983,0.0,0.0030049371243826032,0.0003508771929824561,0.006316008561050857
Exp2_LLM,s035,hum,nonsocial,0.0,0.0,0.0,0.0,0.0038538075924316162,0.0028689818952976846,0.0,0.0,0.0027316908954304543,0.0,0.0,0.0008444444444444444,0.0,0.0,0.0067227894877293,0.0,0.0027316908954304543,0.0008444444444444444,0.0102989248276042
Exp2_LLM,s035,hum,social,0.0,0.0,0.0,0.0,0.005072879568125213,0.0019073947361618595,0.0,0.0,0.006101398943599905,0.0,0.0002702702702702703,0.0,0.0,0.0,0.006980274304287073,0.0,0.006101398943599905,0.0002702702702702703,0.013351943518157248
Exp2_LLM,s036,bot,nonsocial,0.0,0.0,0.0,0.0,0.00295680757346657,0.0036505400867294846,0.0,0.0,0.0032728743416154432,0.0,0.0,0.00030303030303030303,0.0,0.0,0.0066073476601960545,0.0,0.0032728743416154432,0.00030303030303030303,0.010183252304841801
Exp2_LLM,s036,bot,social,0.0,0.0,0.0,0.0,0.004022098358172861,0.0007508305647840531,0.0,0.0,0.0032140806221968073,0.0,0.0,0.0,0.0,0.0,0.004772928922956914,0.0,0.0032140806221968073,0.0,0.007987009545153722
Exp2_LLM,s036,hum,nonsocial,0.0,0.0,0.0,0.0,0.0020741891216899616,0.0017988726905462716,0.0004761904761904762,0.0,0.006825175421867256,0.0,0.0,0.0,0.0,0.0,0.0038730618122362324,0.0004761904761904762,0.006825175421867256,0.0,0.011174427710293963
Exp2_LLM,s036,hum,social,0.0,0.0,0.0,0.0,0.003069052224419495,0.0029732524774498683,0.0,0.0,0.0031088419771963137,0.0,0.0002857142857142857,0.0006060606060606061,0.0,0.0,0.006042304701869363,0.0,0.0031088419771963137,0.0008917748917748918,0.010042921570840569
Exp2_LLM,s037,bot,nonsocial,0.0,0.0,0.0,0.0,0.0042600929237249195,0.0019430578048175546,0.0,0.0,0.004991544501421995,0.0,0.0,0.0,0.0,0.0,0.006203150728542474,0.0,0.004991544501421995,0.0,0.011194695229964469
Exp2_LLM,s037,bot,social,0.0,0.0,0.0,0.0,0.0024754247625706632,0.0006029285099052541,0.0,0.0,0.004537019349700317,0.0,0.0,0.0003846153846153846,0.0,0.0,0.003078353272475917,0.0,0.004537019349700317,0.0003846153846153846,0.007999988006791619
Exp2_LLM,s037,hum,nonsocial,0.0,0.0,0.0,0.0,0.0017325637535483272,0.0006585695006747638,0.0003125,0.0,0.003869836446857055,0.0,0.0,0.0,0.0,0.0,0.002391133254223091,0.0003125,0.003869836446857055,0.0,0.0065734697010801455
Exp2_LLM,s037,hum,social,0.0,0.0,0.0,0.0,0.001675603631118052,0.002802221189815445,0.0,0.0,0.004068766047383271,0.0,0.0,0.00016666666666666666,0.00015037593984962405,0.0,0.004477824820933497,0.0,0.004068766047383271,0.00031704260651629066,0.008863633474833058
Exp2_LLM,s038,bot,nonsocial,0.0,0.0,0.0,0.0,0.0023691391714343326,0.0006883468834688347,0.0,0.0,0.004194942506659114,0.0,0.000588235294117647,0.0007407407407407407,0.0,0.0,0.003057486054903167,0.0,0.004194942506659114,0.0013289760348583878,0.00858140459642067
Exp2_LLM,s038,bot,social,0.0,0.0,0.0,0.0,0.00401218908488412,0.0009128205128205128,0.0,0.0,0.0008451402816415432,0.0,0.0,0.0006564102564102564,0.0,0.0,0.004925009597704633,0.0,0.0008451402816415432,0.0006564102564102564,0.006426560135756433
Exp2_LLM,s038,hum,nonsocial,0.0,0.0,0.0,0.0,0.002894645476078872,0.0051273108764135445,0.00025316455696202533,0.0,0.0035392775305996575,0.0,0.0,0.0003448275862068965,0.0,0.0,0.008021956352492416,0.00025316455696202533,0.0035392775305996575,0.0003448275862068965,0.012159226026260996
Exp2_LLM,s038,hum,social,0.0,0.0,0.0,0.0,0.0052685556503183776,0.0017046176046176045,0.0,0.0,0.0029484848484848487,0.0,0.0,0.00024096385542168676,0.0,0.0,0.006973173254935981,0.0,0.0029484848484848487,0.00024096385542168676,0.010162621958842518
Exp2_LLM,s039,bot,nonsocial,0.0,0.0,0.0,0.0,0.0036565469774349725,0.0024760607898267084,0.0,0.0,0.002913102821441093,0.0,0.0,0.00023529411764705883,0.0,0.0,0.00613260776726168,0.0,0.002913102821441093,0.00023529411764705883,0.009281004706349832
Exp2_LLM,s039,bot,social,0.0,0.0,0.0,0.0,0.004993422339406913,0.0016063213940694526,0.0,0.0,0.0028842339330009043,0.0,0.0,0.0,0.0,0.0,0.0065997437334763655,0.0,0.0028842339330009043,0.0,0.00948397766647727
Exp2_LLM,s039,hum,nonsocial,0.0,0.0,0.0,0.0,0.0022171840005652393,0.004000760534123003,0.0,0.0,0.0044579416194620095,0.0,0.0,0.0004081632653061224,0.0,0.0,0.006217944534688242,0.0,0.0044579416194620095,0.0004081632653061224,0.011084049419456374
Exp2_LLM,s039,hum,social,0.0,0.0,0.0,0.0,0.003090087820576981,0.0018047525251029294,0.0,0.0,0.002420562629736345,0.0,0.0,0.0005263157894736842,0.0,0.0,0.00489484034567991,0.0,0.002420562629736345,0.0005263157894736842,0.007841718764889939
Exp2_LLM,s040,bot,nonsocial,0.0,0.0,0.0,0.0,0.0012599194558491392,0.0015840006236422692,0.0,0.0,0.004793149655134129,0.0,0.0,0.0,0.0,0.0,0.002843920079491408,0.0,0.004793149655134129,0.0,0.007637069734625538
Exp2_LLM,s040,bot,social,0.0,0.0,0.0,0.0,0.004493131996929465,0.00031746031746031746,0.0,0.0,0.005470609165324203,0.0,0.0,0.000425531914893617,0.0,0.0,0.004810592314389783,0.0,0.005470609165324203,0.000425531914893617,0.010706733394607603
Exp2_LLM,s040,hum,nonsocial,0.0,0.0,0.0,0.0,0.0028102381649063334,0.0028567161619552418,0.0,0.0,0.006258212371643841,0.0,0.000273972602739726,0.0004878048780487805,0.0,0.0,0.005666954326861575,0.0,0.006258212371643841,0.0007617774807885065,0.012686944179293922
Exp2_LLM,s040,hum,social,0.0,0.0,0.0,0.0,0.006079254804593556,0.002561018877221241,0.0,0.0,0.002581699748579233,0.0,0.0,0.0011253561253561253,0.0,0.0,0.008640273681814798,0.0,0.002581699748579233,0.0011253561253561253,0.012347329555750155
Exp2_LLM,s041,bot,nonsocial,0.0,0.0,0.0,0.0,0.002244409018063555,0.0032375109339083208,0.0,0.0,0.003021694224586688,0.0,0.0,0.000273972602739726,0.0,0.0,0.005481919951971876,0.0,0.003021694224586688,0.000273972602739726,0.008777586779298291
Exp2_LLM,s041,bot,social,0.0,0.0,0.0,0.0,0.0015509451644428144,0.00029850746268656717,0.0,0.0,0.0031836162419679207,0.0,0.0,0.0,0.0,0.0,0.0018494526271293815,0.0,0.0031836162419679207,0.0,0.005033068869097303
Exp2_LLM,s041,hum,nonsocial,0.0,0.0,0.0,0.0,0.003359599131891827,0.004450916856565124,0.0004,0.0,0.006573683949959787,0.0,0.000995085995085995,0.0005977907732293697,0.0,0.0,0.00781051598845695,0.0004,0.006573683949959787,0.001592876768315365,0.016377076706732104
Exp2_LLM,s041,hum,social,0.0,0.0,0.0,0.0,0.004390144986671356,0.0013359369388781153,0.0,0.0,0.004284497214286333,0.0,0.0,0.0,0.000196078431372549,0.0,0.005726081925549471,0.0,0.004284497214286333,0.000196078431372549,0.010206657571208352
Exp2_LLM,s042,bot,nonsocial,0.0,0.0,0.0,0.0,0.0017611734847507205,0.0042286306737526255,0.0,0.0,0.0038006096379694077,0.0,0.00045454545454545455,0.0002666666666666667,0.0,0.0,0.0059898041585033455,0.0,0.0038006096379694077,0.0007212121212121212,0.010511625917684874
Exp2_LLM,s042,bot,social,0.0,0.0,0.0,0.0,0.0038241380343425097,0.0009092158700406124,0.0,0.0,0.0028676342441133723,0.0,0.0,0.0,0.0,0.0,0.004733353904383122,0.0,0.0028676342441133723,0.0,0.007600988148496493
Exp2_LLM,s042,hum,nonsocial,0.0,0.0,0.0,0.0,0.0020415415184141215,0.0012997612165791233,0.0005128205128205128,0.0,0.007435707089418839,0.0,0.000588235294117647,0.0005128205128205128,0.0,0.0,0.0033413027349932446,0.0005128205128205128,0.007435707089418839,0.0011010558069381598,0.012390886144170755
Exp2_LLM,s042,hum,social,0.0,0.0,0.0,0.0,0.0025767080745341614,0.0009555555555555556,0.0,0.0,0.0035337641173390504,0.0,0.0,0.000392156862745098,0.0,0.0,0.003532263630089717,0.0,0.0035337641173390504,0.000392156862745098,0.007458184610173866
Exp2_LLM,s043,bot,nonsocial,0.0,0.0,0.0,0.0,0.003779558115508408,0.0022711265530217573,0.0,0.0,0.0036873929517251885,0.0,0.0,0.0002127659574468085,0.0,0.0,0.006050684668530165,0.0,0.0036873929517251885,0.0002127659574468085,0.009950843577702161
Exp2_LLM,s043,bot,social,0.0,0.0,0.0,0.0,0.001978757013305204,0.0015883926853590342,0.0,0.0,0.003069114901288919,0.0,0.0,0.0,0.0,0.0,0.003567149698664238,0.0,0.003069114901288919,0.0,0.006636264599953158
Exp2_LLM,s043,hum,nonsocial,0.0,0.0,0.0,0.0,0.0022002987078828737,0.004710683851830057,0.0,0.0,0.004475128220158545,0.0,0.0004761904761904762,0.00028169014084507044,0.0,0.0,0.00691098255971293,0.0,0.004475128220158545,0.0007578806170355466,0.012143991396907023
Exp2_LLM,s043,hum,social,0.0,0.0,0.0,0.0,0.0035697888020042993,0.000675438596491228,0.0,0.0,0.003029398363347418,0.0,0.0,0.00043478260869565214,0.0,0.0,0.004245227398495527,0.0,0.003029398363347418,0.00043478260869565214,0.007709408370538597
Exp2_LLM,s044,bot,nonsocial,0.0,0.0,0.0,0.0,0.001683052413907034,0.0019916648729858223,0.0,0.0,0.004728500042371816,0.0,0.0,0.0,0.0,0.0,0.0036747172868928568,0.0,0.004728500042371816,0.0,0.008403217329264672
Exp2_LLM,s044,bot,social,0.0,0.0,0.0,0.0,0.0044270967446227,0.001701219611086784,0.0,0.0,0.002814635403021648,0.0,0.0,0.00024096385542168676,0.0,0.0,0.0061283163557094835,0.0,0.002814635403021648,0.00024096385542168676,0.009183915614152818
Exp2_LLM,s044,hum,nonsocial,0.0,0.0,0.0,0.0,0.0011328009464655429,0.003376189014207563,0.0,0.0,0.00730286639497058,0.0,0.0,0.0012821203953279426,0.0,0.0,0.004508989960673105,0.0,0.00730286639497058,0.0012821203953279426,0.01309397675097163
Exp2_LLM,s044,hum,social,0.0,0.0,0.0,0.0,0.0025639680538970043,0.0002127659574468085,0.0,0.0,0.0041280154293228235,0.0,0.0,0.0,0.0,0.0,0.0027767340113438134,0.0,0.0041280154293228235,0.0,0.006904749440666637
Exp2_LLM,s045,bot,nonsocial,0.0,0.0,0.0,0.0,0.001640180948515622,0.002351733921762579,0.0,0.0,0.00784355570358029,0.0,0.0,0.0004081632653061224,0.0,0.0,0.0039919148702782,0.0,0.00784355570358029,0.0004081632653061224,0.012243633839164613
Exp2_LLM,s045,bot,social,0.0,0.0,0.0,0.0,0.005647087276723469,0.0006585879873551106,0.0,0.0,0.0037248957441719044,0.0,0.0,0.0,0.0,0.0,0.00630567526407858,0.0,0.0037248957441719044,0.0,0.010030571008250484
Exp2_LLM,s045,hum,nonsocial,0.0,0.0,0.0,0.0,0.000673076923076923,0.0025694112625841274,0.0,0.0,0.004566869004163917,0.0,0.0007601078167115903,0.000392156862745098,0.0,0.0,0.003242488185661051,0.0,0.004566869004163917,0.0011522646794566882,0.008961621869281657
Exp2_LLM,s045,hum,social,0.0,0.0,0.0,0.0,0.006070812903156846,0.0002857142857142857,0.0,0.0,0.006609025030301502,0.0,0.0006060606060606061,0.0,0.0,0.0,0.006356527188871131,0.0,0.006609025030301502,0.0006060606060606061,0.01357161282523324
Exp2_LLM,s046,bot,nonsocial,0.0,0.0,0.0,0.0,0.003398133632594704,0.004098176759386611,0.0,0.0,0.004608991637915929,0.0,0.0,0.00024096385542168676,0.0,0.0,0.0074963103919813145,0.0,0.004608991637915929,0.00024096385542168676,0.01234626588531893
Exp2_LLM,s046,bot,social,0.0,0.0,0.0,0.0,0.0028497434061343836,0.001131782945736434,0.0,0.0,0.0023991144547961052,0.0,0.0,0.0008429458740017745,0.0,0.0,0.003981526351870818,0.0,0.0023991144547961052,0.0008429458740017745,0.007223586680668697
Exp2_LLM,s046,hum,nonsocial,0.0,0.0,0.0,0.0,0.0005695466873304921,0.0025602175602175603,0.00045454545454545455,0.0,0.006629123730874931,0.0,0.0007407407407407407,0.00041666666666666664,0.0,0.0,0.0031297642475480525,0.00045454545454545455,0.006629123730874931,0.0011574074074074073,0.011370840840375844
Exp2_LLM,s046,hum,social,0.0,0.0,0.0,0.0,0.004197741346807265,0.0010709321259779975,0.0,0.0,0.0026405777890670147,0.0,0.0002631578947368421,0.0007254901960784313,0.0,0.0,0.005268673472785262,0.0,0.0026405777890670147,0.0009886480908152734,0.00889789935266755
Exp2_LLM,s047,bot,nonsocial,0.0,0.0,0.0,0.0,0.0022667614309405354,0.003052913926833346,0.0,0.0,0.003868124684136417,0.0,0.0,0.0003278688524590164,0.0,0.0,0.005319675357773882,0.0,0.003868124684136417,0.0003278688524590164,0.009515668894369314
Exp2_LLM,s047,bot,social,0.0,0.0,0.0,0.0,0.007036962336261044,0.0003076923076923077,0.0,0.0,0.004004913509631739,0.0,0.00025,0.0,0.0,0.0,0.007344654643953352,0.0,0.004004913509631739,0.00025,0.011599568153585092
Exp2_LLM,s047,hum,nonsocial,0.0,0.0,0.0,0.0,0.0011688311688311688,0.0025841494825365793,0.00045454545454545455,0.0,0.004021699477174174,0.0,0.000555984555984556,0.00025974025974025974,0.0,0.0,0.003752980651367748,0.00045454545454545455,0.004021699477174174,0.0008157248157248158,0.009044950398812193
Exp2_LLM,s047,hum,social,0.0,0.0,0.0,0.0,0.005213551552298951,0.0016082347645880945,0.0,0.0,0.0019012137287999359,0.0,0.0,0.0005555555555555556,0.0,0.0,0.006821786316887045,0.0,0.0019012137287999359,0.0005555555555555556,0.009278555601242536
Exp2_LLM,s048,bot,nonsocial,0.0,0.0,0.0,0.0,0.0017864180586503635,0.00045236013986013987,0.0,0.0,0.0030320567155412894,0.0,0.0,0.0006451612903225806,0.0,0.0,0.002238778198510503,0.0,0.0030320567155412894,0.0006451612903225806,0.005915996204374373
Exp2_LLM,s048,bot,social,0.0,0.0,0.0,0.0,0.003427051671732523,0.00021505376344086024,0.0,0.0,0.003907541456721785,0.0,0.0,0.0005041217501585289,0.0,0.0,0.0036421054351733827,0.0,0.003907541456721785,0.0005041217501585289,0.008053768642053698
Exp2_LLM,s048,hum,nonsocial,0.0,0.0,0.0,0.0,0.0012178733917864353,0.004667252712570201,0.0014274680841397482,0.0,0.004295682454072282,0.0,0.0,0.0002702702702702703,0.0,0.0,0.005885126104356637,0.0014274680841397482,0.004295682454072282,0.0002702702702702703,0.011878546912838937
Exp2_LLM,s048,hum,social,0.0,0.0,0.0,0.0,0.0035448780888256743,0.001699138275880286,0.0,0.0,0.00249924200892183,0.0,0.0,0.0004778836580856208,0.0,0.0,0.0052440163647059605,0.0,0.00249924200892183,0.0004778836580856208,0.00822114203171341
Exp2_LLM,s049,bot,nonsocial,0.0,0.0,0.0,0.0,0.0022969611084868525,0.002607406281319325,0.0005128205128205128,0.0,0.006003962971379602,0.0,0.0,0.0,0.0,0.0,0.0049043673898061775,0.0005128205128205128,0.006003962971379602,0.0,0.011421150874006292
Exp2_LLM,s049,bot,social,0.0,0.0,0.0,0.0,0.004011264931213069,0.0007681159420289854,0.0,0.0,0.002320821985444196,0.0,0.0,0.0,0.0,0.0,0.004779380873242054,0.0,0.002320821985444196,0.0,0.00710020285868625
Exp2_LLM,s049,hum,nonsocial,0.0,0.0,0.0,0.0,0.002249980780855312,0.0032214084089769147,0.0,0.0,0.004340954844402106,0.0,0.00029850746268656717,0.0002247191011235955,0.0,0.0,0.005471389189832227,0.0,0.004340954844402106,0.0005232265638101627,0.010335570598044495
Exp2_LLM,s049,hum,social,0.0,0.0,0.0,0.0,0.0017614326765188835,0.0017239107718867838,0.0,0.0,0.0034899544763137558,0.0,0.0004878048780487805,0.0002857142857142857,0.0,0.0,0.0034853434484056673,0.0,0.0034899544763137558,0.0007735191637630662,0.007748817088482489
Exp2_LLM,s050,bot,nonsocial,0.0,0.0,0.0,0.0,0.0011736876957950232,0.002284644766997708,0.0,0.0,0.005748138884354366,0.0,0.0005128205128205128,0.0003125581395348837,0.0,0.0,0.0034583324627927314,0.0,0.005748138884354366,0.0008253786523553966,0.010031849999502494
Exp2_LLM,s050,bot,social,0.0,0.0,0.0,0.0,0.0018733448323704366,0.0,0.0,0.0,0.0031492248435584015,0.0,0.0,0.0002857142857142857,0.0,0.0,0.0018733448323704366,0.0,0.0031492248435584015,0.0002857142857142857,0.005308283961643124
Exp2_LLM,s050,hum,nonsocial,0.0,0.0,0.0,0.0,0.003500126695305095,0.005966339031866351,0.0,0.0,0.005791411516661701,0.0,0.0,0.0003278688524590164,0.0,0.0,0.009466465727171447,0.0,0.005791411516661701,0.0003278688524590164,0.015585746096292163
Exp2_LLM,s050,hum,social,0.0,0.0,0.0,0.0,0.004094319124157016,0.0016681652654767793,0.0,0.0,0.004426917141298435,0.0,0.0,0.00037037037037037035,0.0,0.0,0.005762484389633797,0.0,0.004426917141298435,0.00037037037037037035,0.010559771901302601
