dimension,strategy,N,word_count_baseline_mean,word_count_human_mean,word_count_ai_mean,word_count_human_minus_ai,word_count_hva_p,word_count_hva_t,word_count_hva_p_fdr,question_count_baseline_mean,question_count_human_mean,question_count_ai_mean,question_count_human_minus_ai,question_count_hva_p,question_count_hva_t,question_count_hva_p_fdr,demir_modal_rate_baseline_mean,demir_modal_rate_human_mean,demir_modal_rate_ai_mean,demir_modal_rate_human_minus_ai,demir_modal_rate_hva_p,demir_modal_rate_hva_t,demir_modal_rate_hva_p_fdr,demir_verb_rate_baseline_mean,demir_verb_rate_human_mean,demir_verb_rate_ai_mean,demir_verb_rate_human_minus_ai,demir_verb_rate_hva_p,demir_verb_rate_hva_t,demir_verb_rate_hva_p_fdr,demir_adverb_rate_baseline_mean,demir_adverb_rate_human_mean,demir_adverb_rate_ai_mean,demir_adverb_rate_human_minus_ai,demir_adverb_rate_hva_p,demir_adverb_rate_hva_t,demir_adverb_rate_hva_p_fdr,demir_adjective_rate_baseline_mean,demir_adjective_rate_human_mean,demir_adjective_rate_ai_mean,demir_adjective_rate_human_minus_ai,demir_adjective_rate_hva_p,demir_adjective_rate_hva_t,demir_adjective_rate_hva_p_fdr,demir_quantifier_rate_baseline_mean,demir_quantifier_rate_human_mean,demir_quantifier_rate_ai_mean,demir_quantifier_rate_human_minus_ai,demir_quantifier_rate_hva_p,demir_quantifier_rate_hva_t,demir_quantifier_rate_hva_p_fdr,demir_noun_rate_baseline_mean,demir_noun_rate_human_mean,demir_noun_rate_ai_mean,demir_noun_rate_human_minus_ai,demir_noun_rate_hva_p,demir_noun_rate_hva_t,demir_noun_rate_hva_p_fdr,demir_total_rate_baseline_mean,demir_total_rate_human_mean,demir_total_rate_ai_mean,demir_total_rate_human_minus_ai,demir_total_rate_hva_p,demir_total_rate_hva_t,demir_total_rate_hva_p_fdr,fung_interpersonal_rate_baseline_mean,fung_interpersonal_rate_human_mean,fung_interpersonal_rate_ai_mean,fung_interpersonal_rate_human_minus_ai,fung_interpersonal_rate_hva_p,fung_interpersonal_rate_hva_t,fung_interpersonal_rate_hva_p_fdr,fung_referential_rate_baseline_mean,fung_referential_rate_human_mean,fung_referential_rate_ai_mean,fung_referential_rate_human_minus_ai,fung_referential_rate_hva_p,fung_referential_rate_hva_t,fung_referential_rate_hva_p_fdr,fung_structural_rate_baseline_mean,fung_structural_rate_human_mean,fung_structural_rate_ai_mean,fung_structural_rate_human_minus_ai,fung_structural_rate_hva_p,fung_structural_rate_hva_t,fung_structural_rate_hva_p_fdr,fung_cognitive_rate_baseline_mean,fung_cognitive_rate_human_mean,fung_cognitive_rate_ai_mean,fung_cognitive_rate_human_minus_ai,fung_cognitive_rate_hva_p,fung_cognitive_rate_hva_t,fung_cognitive_rate_hva_p_fdr,fung_total_rate_baseline_mean,fung_total_rate_human_mean,fung_total_rate_ai_mean,fung_total_rate_human_minus_ai,fung_total_rate_hva_p,fung_total_rate_hva_t,fung_total_rate_hva_p_fdr,nonfluency_rate_baseline_mean,nonfluency_rate_human_mean,nonfluency_rate_ai_mean,nonfluency_rate_human_minus_ai,nonfluency_rate_hva_p,nonfluency_rate_hva_t,nonfluency_rate_hva_p_fdr,liwc_filler_rate_baseline_mean,liwc_filler_rate_human_mean,liwc_filler_rate_ai_mean,liwc_filler_rate_human_minus_ai,liwc_filler_rate_hva_p,liwc_filler_rate_hva_t,liwc_filler_rate_hva_p_fdr,disfluency_rate_baseline_mean,disfluency_rate_human_mean,disfluency_rate_ai_mean,disfluency_rate_human_minus_ai,disfluency_rate_hva_p,disfluency_rate_hva_t,disfluency_rate_hva_p_fdr,like_rate_baseline_mean,like_rate_human_mean,like_rate_ai_mean,like_rate_human_minus_ai,like_rate_hva_p,like_rate_hva_t,like_rate_hva_p_fdr,tom_rate_baseline_mean,tom_rate_human_mean,tom_rate_ai_mean,tom_rate_human_minus_ai,tom_rate_hva_p,tom_rate_hva_t,tom_rate_hva_p_fdr,politeness_rate_baseline_mean,politeness_rate_human_mean,politeness_rate_ai_mean,politeness_rate_human_minus_ai,politeness_rate_hva_p,politeness_rate_hva_t,politeness_rate_hva_p_fdr,sentiment_baseline_mean,sentiment_human_mean,sentiment_ai_mean,sentiment_human_minus_ai,sentiment_hva_p,sentiment_hva_t,sentiment_hva_p_fdr
14_biological,exp2_peak,4,301.1,280.15,427.26666666666665,-147.11666666666667,0.0027301591001696775,3.0612003495486024,,0.7333333333333333,0.0,0.8333333333333334,-0.8333333333333334,0.25917433298769993,1.1338055730885581,,0.019770024129383054,0.0,0.002756971772995651,-0.002756971772995651,0.1306756903351001,1.5220348598189082,,0.01948640523128524,0.0,0.0036910611594952996,-0.0036910611594952996,0.07685055191419887,1.7848777329354473,,0.00666535213740484,0.0007246376811594203,7.255092922914493e-05,0.0006520867519302754,0.37080046159598257,-0.8984026357368673,,0.0009940219503366962,0.0,0.00019010821882884546,-0.00019010821882884546,0.26399267944873506,1.1223488679776297,,0.0038324458028990535,0.0007246376811594203,0.008439322512521608,-0.007714684831362187,0.20827298971287414,1.2652542747379714,,0.0019055718637713498,0.0,0.0,0.0,,,,0.05265382111508024,0.0014492753623188406,0.015150014593070549,-0.01370073923075171,0.04114243520799428,2.0647014497272345,,0.01069354844712967,0.12392368587188764,0.005267252829126026,0.1186564330427616,0.0007765665053188404,-3.4506788241404514,,0.06427712224649589,0.012639717262622181,0.052316306241649714,-0.03967658897902753,0.007214379535852398,2.7343387140154825,,0.051059291735945145,0.012639717262622181,0.02885612182631092,-0.01621640456368874,0.18032220367278232,1.3477452308388371,,0.004924236162426816,0.0,0.004053008911478367,-0.004053008911478367,0.17405709136954947,1.367533934262097,,0.07241176695953895,0.012639717262622181,0.05756180102029707,-0.04492208375767489,0.0030459808367069648,3.0256425406052148,,0.0005382065119700741,0.0,2.1843599825251203e-05,-2.1843599825251203e-05,0.31935675661004786,1.0000000000000002,,0.00011887122100095096,0.0,0.0,0.0,,,,0.0006570777329710253,0.0,2.1843599825251203e-05,-2.1843599825251203e-05,0.31935675661004786,1.0000000000000002,,0.003079555983943554,0.0,0.0013888888888888887,-0.0013888888888888887,0.31935675661004786,1.0000000000000002,,0.0012332645291048125,0.0,5.0764887998543076e-05,-5.0764887998543076e-05,0.16031878483153542,1.4128952713994078,,0.004308986208915704,0.548027012579887,0.0013888888888888887,0.5466381236909981,8.75205591568811e-17,-9.730140243300834,,0.9769766666666667,0.5936216666666666,0.10314666666666668,0.49047499999999994,4.407464016228951e-09,-6.338532486447768,
14_biological,upper_half,4,301.1,301.43333333333334,251.26666666666668,50.16666666666666,0.009401322031119647,-2.640385519472194,0.012339235165844537,0.7333333333333333,0.0,1.55,-1.55,6.306422760869159e-08,5.776848926509804,3.310871949456309e-07,0.019770024129383054,0.0016897238566480066,0.021344684751067693,-0.019654960894419687,2.4495694555352933e-12,7.821571234637035,2.572047928312058e-11,0.01948640523128524,0.0001990049751243781,0.030863674331746898,-0.03066466935662252,0.06561381921838641,1.8583331707821014,0.07654945575478415,0.00666535213740484,0.0,0.00695556821503596,-0.00695556821503596,4.0914383357438225e-09,6.353898853620844,2.864006835020676e-08,0.0009940219503366962,0.0,0.0008055941434628876,-0.0008055941434628876,0.0012325118729016073,3.311328671712461,0.001848767809352411,0.0038324458028990535,0.0007705479452054794,0.006149289913751284,-0.005378741968545805,2.3977645350018573e-05,4.398962367135223,6.294131904379876e-05,0.0019055718637713498,4.9751243781094526e-05,0.0010025911304045031,-0.0009528398866234086,0.0016607043258828912,3.219154297368384,0.0023249860562360477,0.05265382111508024,0.0027090280207589584,0.06712140248546922,-0.06441237446471026,0.00013410158446816806,3.9486772127542467,0.0002346777728192941,0.01069354844712967,0.007326528839707626,0.016989040039233842,-0.009662511199526217,0.2014120016380904,1.2847039547629202,0.22261326496841569,0.06427712224649589,0.007313733857485294,0.3900155750387411,-0.38270184118125583,0.2519245139618848,1.151328834995235,0.2519245139618848,0.051059291735945145,0.007313733857485294,0.045322253986237994,-0.0380085201287527,6.384050165870983e-15,8.939737104030938,1.3406505348329065e-13,0.004924236162426816,0.0,0.0075791037915294126,-0.0075791037915294126,1.4636715142754493e-07,5.593466470134092,6.147420359956887e-07,0.07241176695953895,0.008008178301929738,0.4038895414621687,-0.395881363160239,0.235734812468934,1.191790560070426,0.2475215530923807,0.0005382065119700741,0.0,0.0010541382171233087,-0.0010541382171233087,0.0002712062079453878,3.754406254926411,0.0004381023359117803,0.00011887122100095096,0.0,0.0008770634218310283,-0.0008770634218310283,0.022562303865149482,2.311115911196967,0.027871081245184653,0.0006570777329710253,0.0,0.0019312016389543372,-0.0019312016389543372,7.136185291701068e-05,4.117411978397993,0.00014985989112572244,0.003079555983943554,0.0,0.004826666977981941,-0.004826666977981941,2.921434875223958e-06,4.9127319918370915,1.0225022063283854e-05,0.0012332645291048125,4.9751243781094526e-05,0.0016420905068894006,-0.001592339263108306,0.00012814711657583577,3.9609845506650156,0.0002346777728192941,0.004308986208915704,0.23137473902122468,0.0008717074587043002,0.2305030315625204,4.580635363002711e-06,-4.805799533044427,1.3741906089008132e-05,0.9769766666666667,0.3856983333333333,0.74224,-0.3565416666666667,6.592542605122249e-05,4.138283920557599,0.00014985989112572244
15_shapes,exp2_peak,4,309.8666666666667,255.28333333333333,481.1166666666667,-225.83333333333334,9.845090674707998e-07,5.165871876773755,,1.0166666666666666,0.0,4.3,-4.3,0.3059010513537317,1.0283232931757298,,0.021395792127880463,0.0,0.0020050412709352915,-0.0020050412709352915,0.26074788924685605,1.1300478103620666,,0.018789144352626724,4.45632798573975e-05,0.0018714629068979384,-0.001826899627040541,0.2751468180660744,1.0963758802703396,,0.007693512982755159,0.00011261261261261261,0.0017474934322289735,-0.001634880819616361,0.3295258384030961,0.9791159390893125,,0.0012586746773564769,0.0,0.0,0.0,,,,0.0037949586479693806,0.00033783783783783786,6.544525012917952e-05,0.0002723925877086583,0.42641091279081467,-0.7981083169718702,,0.0017426035967166586,0.0,0.0,0.0,,,,0.05467468638530486,0.000495013730307848,0.005689442860191383,-0.005194429129883535,0.0781516682579178,1.7769585701741657,,0.009997680516223413,0.04502209376929221,0.006798818493189325,0.038223275276102885,0.08919636600463421,-1.7137720243911647,,0.06258178092286092,0.013226435908332813,0.040766781218435626,-0.027540345310102812,0.06211345039128629,1.8833590428795737,,0.050584681525238685,0.013226435908332813,0.03656329114926923,-0.023336855240936413,0.11117812733692754,1.6049489812250957,,0.0043099462020461665,0.0,0.0017296917628043457,-0.0017296917628043457,0.3013544983915157,1.0380817652386047,,0.07000954840660398,0.013226435908332813,0.0475218829435354,-0.034295447035202584,0.024426323334762107,2.2796291001263316,,0.0004866006657858563,0.0,2.207505518763797e-05,-2.207505518763797e-05,0.31935675661004803,1.0,,0.0003153660773523787,0.0,0.0,0.0,,,,0.0008019667431382351,0.0,2.207505518763797e-05,-2.207505518763797e-05,0.31935675661004803,1.0,,0.002802677870320573,0.0,0.0016666666666666668,-0.0016666666666666668,0.31935675661004814,0.9999999999999996,,0.0013833886635662544,0.0,0.0,0.0,,,,0.0037304189652830554,0.712058290470927,0.001688424717145344,0.7103698657537816,2.2403213828474677e-25,-13.366497814986644,,0.9754866666666667,0.41948833333333335,0.022198333333333323,0.39729000000000003,3.686157783572391e-05,-4.289372399383887,
15_shapes,upper_half,4,309.8666666666667,299.53333333333336,282.35,17.183333333333337,0.4027556322467556,-0.8397340916885213,0.4027556322467556,1.0166666666666666,0.0,1.1833333333333333,-1.1833333333333333,3.259571295969107e-07,5.416101480043958,3.4225498607675625e-06,0.021395792127880463,0.003954273729386173,0.01991788719919433,-0.015963613469808156,2.205613610497825e-06,4.978861114550517,9.263577164090866e-06,0.018789144352626724,0.0011101593121297555,0.02383238714098751,-0.022722227828857754,0.006948986118756698,2.747453156032376,0.012160725707824222,0.007693512982755159,0.0002142766921092044,0.024371634757619564,-0.024157358065510358,0.14760307210350512,1.4576145265308509,0.18233320671609457,0.0012586746773564769,0.0,0.001119551526360276,-0.001119551526360276,0.019975500753736327,2.358842099292974,0.029963251130604492,0.0037949586479693806,0.0002142766921092044,0.0045452565491306135,-0.004330979857021409,1.012110445705027e-06,5.159526112626073,5.313579839951391e-06,0.0017426035967166586,0.0,0.0023835354260892468,-0.0023835354260892468,0.026860991251852838,2.2415364922847396,0.03760538775259397,0.05467468638530486,0.0054929864257343385,0.07617025259938152,-0.07067726617364718,0.004810076196396633,2.8738986479464863,0.00918287273857539,0.009997680516223413,0.00012338425381903644,0.08175247964335634,-0.0816290953895373,0.22167670995598432,1.2285726868072038,0.23276054545378355,0.06258178092286092,0.006459728677700182,0.18748858811746366,-0.1810288594397635,0.14699140693875862,1.459839485864455,0.18233320671609457,0.050584681525238685,0.006327102683005222,0.1579403177947388,-0.1516132151117336,0.16129146084394974,1.4095881925425313,0.18817337098460804,0.0043099462020461665,0.0,0.006305226985448051,-0.006305226985448051,5.44989618420351e-07,5.300561689904129,3.814927328942458e-06,0.07000954840660398,0.006459728677700182,0.2568798367860877,-0.25042010810838755,0.17178155115459015,1.3748546307722878,0.18986381969717858,0.0004866006657858563,0.0,0.001017882758234714,-0.001017882758234714,0.0004334412508938753,3.621201978467257,0.0009102266268771382,0.0003153660773523787,0.0,0.000645168352380218,-0.000645168352380218,0.010619041666750676,2.596361014241419,0.017153836538597245,0.0008019667431382351,0.0,0.0016630511106149322,-0.0016630511106149322,0.0003548212760937426,3.6784639908111982,0.0008336477748177299,0.002802677870320573,0.0,0.0038931395924849998,-0.0038931395924849998,0.0002755235125956608,3.7499721696625596,0.0008265705377869825,0.0013833886635662544,0.0,0.0015476775283734371,-0.0015476775283734371,0.0003572776177790271,3.676500349630745,0.0008336477748177299,0.0037304189652830554,0.15638184388400134,-0.00023979351811256766,0.1566216374021139,0.00022781518129349608,-3.803120227570559,0.0007973531345272363,0.9754866666666667,0.31331833333333325,0.8695583333333333,-0.5562400000000001,2.0450705116933937e-13,8.292437348733523,4.294648074556127e-12
16_human,exp2_peak,4,281.1166666666667,288.43333333333334,427.81666666666666,-139.38333333333333,0.0006507393939398516,3.5029778207771187,,0.8333333333333334,0.0,9.816666666666666,-9.816666666666666,0.06806421995524724,1.841469637502184,,0.02174373424524118,0.0002442370053469717,0.0257805586860961,-0.025536321680749128,0.13106564561717612,1.5204793414285214,,0.018060364664785826,0.0,0.010910456511885111,-0.010910456511885111,0.01140241514668872,2.5703872784116815,,0.007939558039584432,0.0,0.010413520368649318,-0.010413520368649318,0.22249876953668907,1.2263761344492001,,0.0011120404699376065,0.0,0.002008742705194742,-0.002008742705194742,0.20484274673448652,1.2749184322925657,,0.003745650807275453,5.2410901467505245e-05,6.734006734006734e-05,-1.492916587256209e-05,0.8614160519953038,0.17495345126915743,,0.0021141208043442996,0.0,0.0,0.0,,,,0.05471546903116881,0.0002966479068144769,0.04918061833916534,-0.04888397043235086,0.01229387196218477,2.542713592194016,,0.011857057022060849,0.05750223094676148,9.998827117053718e-05,0.05740224267559094,0.011619394934871507,-2.563477138809182,,0.06329857411035415,0.009320143281098802,0.05803790803621485,-0.04871776475511605,0.048163312163422935,1.9966664105829575,,0.052111225025305775,0.009320143281098802,0.029202141307190916,-0.019881998026092113,0.25018709263511274,1.1555809841225038,,0.0054729868317469526,0.0,0.000641025641025641,-0.000641025641025641,0.31935675661004803,1.0,,0.07138706513426664,0.009320143281098802,0.06019788697031722,-0.05087774368921842,0.03922640747220308,2.084992630731793,,0.0005361897733803558,0.0,0.0,0.0,,,,0.00020080321285140563,0.0,0.0,0.0,,,,0.0007369929862317614,0.0,0.0,0.0,,,,0.0033136092528957386,0.0,0.0,0.0,,,,0.0020667366218780005,0.0,0.002255892255892256,-0.002255892255892256,0.31935675661004803,1.0,,0.005559581035821253,0.6752316328472501,0.002234190867003367,0.6729974419802467,4.709397353676711e-26,-13.65896522835313,,0.9791733333333333,0.6860733333333333,0.03483833333333333,0.651235,5.321236955806233e-12,-7.672860276466832,
16_human,upper_half,4,281.1166666666667,334.51666666666665,261.95,72.56666666666666,0.0006376025143060029,-3.5089766748135713,0.0009564037714590043,0.8333333333333334,0.0,5.966666666666667,-5.966666666666667,0.15054552838222904,1.4470098123202921,0.15054552838222904,0.02174373424524118,0.00311089968595408,0.019016125987010708,-0.01590522630105663,1.1448427772762457e-09,6.614480053560256,3.4345283318287374e-09,0.018060364664785826,0.0009695548956893576,0.015403195264873885,-0.014433640369184528,8.80911747502456e-11,7.126924120466276,3.083191116258596e-10,0.007939558039584432,4.340277777777777e-05,0.00940261329049041,-0.009359210512712633,1.6154980009881371e-15,9.193918777976323,6.7850916041501764e-15,0.0011120404699376065,0.0,0.0007505209620745404,-0.0007505209620745404,0.00027615812389488706,3.7493259585099477,0.00048327671681605236,0.003745650807275453,0.0006727691076430573,0.005779564070109968,-0.005106794962466911,4.215704628454476e-05,4.254796468028199,9.836644133060445e-05,0.0021141208043442996,0.0,0.0007887246060323256,-0.0007887246060323256,0.0007209700783680687,3.4727227982400666,0.0010093581097152962,0.05471546903116881,0.004796626467064273,0.05114074418059184,-0.04634411771352757,9.834402896010754e-18,10.130346633708145,5.163061520405646e-17,0.011857057022060849,0.004570949206280113,0.017734452110807358,-0.013163502904527245,6.676039077729926e-05,4.1349733974726615,0.00014019682063232846,0.06329857411035415,0.009363391292010543,0.0640658325112224,-0.05470244121921186,5.697465617987141e-26,13.62317232528406,1.1964677797772997e-24,0.052111225025305775,0.008893351530082357,0.050844105029082834,-0.04195075349900047,6.851389748913705e-22,11.880562181079776,4.795972824239594e-21,0.0054729868317469526,0.0011680143755615454,0.007486248399232526,-0.006318234023670981,0.00027296494501605944,3.7525919142243858,0.00048327671681605236,0.07138706513426664,0.010531405667572087,0.07805359901396522,-0.06752219334639313,1.9794738633792229e-25,13.38965926873145,2.078447556548184e-24,0.0005361897733803558,0.0,0.001296313589259884,-0.001296313589259884,0.009830061654365375,2.6243273814943118,0.012143017337745464,0.00020080321285140563,0.0,0.0008142803846299575,-0.0008142803846299575,0.051008112428635184,1.9714901842430932,0.05355851805006694,0.0007369929862317614,0.0,0.002110593973889842,-0.002110593973889842,0.016233697597387006,2.4386085729890246,0.018939313863618176,0.0033136092528957386,0.0011680143755615454,0.004854096047045451,-0.0036860816714839057,0.02191814478157803,2.322530627528038,0.024225317916480978,0.0020667366218780005,0.00017182130584192438,0.0011108357288688666,-0.0009390144230269422,0.007866596158594773,2.703882790680259,0.01032490745815564,0.005559581035821253,0.22414019448752426,0.0009378681912127254,0.22320232629631154,1.501260180885371e-05,-4.516344013906186,3.940807974824099e-05,0.9791733333333333,0.6168583333333334,0.8667133333333332,-0.24985499999999983,0.0004808428468398285,3.591262637752266,0.0007767461372027998
18_attention,exp2_peak,4,309.1666666666667,289.23333333333335,447.1,-157.86666666666667,0.000148095452244564,3.9216906757672993,,0.6166666666666667,0.0,0.11666666666666667,-0.11666666666666667,0.0061214006468984635,2.7914965216150063,,0.019336105953996697,0.00010456455309396486,0.00026262351045813157,-0.0001580589573641667,0.2054446580928505,1.2732140773614153,,0.017801250045067708,8.658008658008658e-05,0.004769589326690448,-0.004683009240110362,0.0817217395865687,1.755774220866456,,0.006122902910385763,0.0,0.0,0.0,,,,0.001382665232953353,0.0,0.0,0.0,,,,0.00414074953759345,0.0,0.003222374524016473,-0.003222374524016473,0.3120638590683394,1.0152499593289082,,0.0019293910065578204,0.0,0.0015151515151515152,-0.0015151515151515152,0.31935675661004803,1.0,,0.05071306468655479,0.00019114463967405144,0.00976973887631657,-0.009578594236642517,0.048855935147720034,1.9904226764870026,,0.01152769652798571,0.11572086295142633,0.0032139932139932143,0.11250686973743312,0.001419730764722723,-3.2678433448805224,,0.06620447978981026,0.007673190128114176,0.0625766342525301,-0.054903444124415925,0.013558224902598259,2.506402805501615,,0.05280596613045328,0.007673190128114176,0.030916641822608875,-0.0232434516944947,0.08702724751125422,1.7256546469929759,,0.005887907034268737,0.0,0.00010432510432510433,-0.00010432510432510433,0.18641513445163996,1.3289905202102557,,0.0744117353593395,0.007673190128114176,0.06579062746652332,-0.05811743733840915,0.008945387177022488,2.658205059488478,,0.0007453985849756679,0.0,0.0,0.0,,,,0.00019424186090852757,0.0,0.005555555555555555,-0.005555555555555555,0.31935675661004786,1.0000000000000002,,0.0009396404458841954,0.0,0.005555555555555555,-0.005555555555555555,0.31935675661004786,1.0000000000000002,,0.003781607609272793,0.0,3.217503217503217e-05,-3.217503217503217e-05,0.3193567566100481,0.9999999999999998,,0.001384235891194964,0.0,0.0,0.0,,,,0.003855448973615392,0.5671146924914018,0.0,0.5671146924914018,7.79426806413956e-18,-10.172852846325709,,0.9857166666666667,0.62389,0.10070333333333335,0.5231866666666666,3.919490521109166e-09,-6.362758613659147,
18_attention,upper_half,4,309.1666666666667,316.96666666666664,314.23333333333335,2.7333333333332916,0.9047844893259838,-0.1198769481191859,0.9047844893259838,0.6166666666666667,0.0,1.7166666666666666,-1.7166666666666666,4.0601862927208745e-07,5.366898410241817,2.1315978036784592e-06,0.019336105953996697,0.0027790368046869338,0.019491874320016197,-0.016712837515329263,7.576559723927029e-11,7.156599511664171,7.955387710123381e-10,0.017801250045067708,0.0018741475210118815,0.06577069022893066,-0.06389654270791878,0.20177571376709422,1.283660736742092,0.26483062431931115,0.006122902910385763,0.00010016165422278045,0.008736975400960188,-0.008636813746737408,3.8673865986084397e-13,8.172286899993534,8.121511857077725e-12,0.001382665232953353,0.0,0.0009593642998237517,-0.0009593642998237517,0.008596124174499125,2.672420044542926,0.016410782514952874,0.00414074953759345,0.0007352941176470587,0.023017169952377577,-0.022281875834730517,0.18256390560431557,1.340790499374563,0.2555894678460418,0.0019293910065578204,0.0,0.0008937670692344208,-0.0008937670692344208,0.04019736100725651,2.074606156566099,0.07034538176269889,0.05071306468655479,0.005488640097568654,0.11886984127134279,-0.11338120117377413,0.08800332815769615,1.720278006394739,0.13200499223654424,0.01152769652798571,0.005227167172984406,0.20169056438488372,-0.19646339721189932,0.28548019583970363,1.0729560715121826,0.2997542056316888,0.06620447978981026,0.0070269531458439834,0.5299491146469465,-0.5229221615011025,0.2636824223897081,1.1230821471825823,0.2997542056316888,0.05280596613045328,0.006890480670996657,0.5006469371662265,-0.49375645649522987,0.27388142777204333,1.099285233399913,0.2997542056316888,0.005887907034268737,0.0,0.008056605061964043,-0.008056605061964043,4.777804585353556e-08,5.83665683119949,3.344463209747489e-07,0.0744117353593395,0.007721397590288429,0.727895747125906,-0.7201743495356175,0.26917793634693044,1.1101817444313997,0.2997542056316888,0.0007453985849756679,0.0,0.0013645732057878206,-0.0013645732057878206,0.00014585423891173846,3.9258446909293365,0.0004746275215688221,0.00019424186090852757,0.0,0.0005852604274987762,-0.0005852604274987762,0.06318447562027506,1.8755790915619452,0.10206722984813663,0.0009396404458841954,0.0,0.0019498336332865968,-0.0019498336332865968,0.00045347206118355227,3.608190350165629,0.0010581014760949554,0.003781607609272793,0.0,0.005885515481272269,-0.005885515481272269,7.198574947008886e-07,5.237422454109555,3.023401477743732e-06,0.001384235891194964,0.0,0.0011952551574187366,-0.0011952551574187366,0.00015820917385627403,3.9036609709130716,0.0004746275215688221,0.003855448973615392,0.1254068402229306,-0.00030954862093047434,0.12571638884386108,0.00032228530019510554,-3.7057647486876015,0.0008459989130121521,0.9857166666666667,0.5298066666666666,0.8013849999999999,-0.27157833333333325,0.0017069976532873225,3.210562073846681,0.0035846950719033775
1_phenomenology,exp2_peak,4,311.65,295.5,466.21666666666664,-170.71666666666664,0.00010639771813843304,4.011121232016477,,1.2,0.0,0.48333333333333334,-0.48333333333333334,0.13598692968475462,1.5011538623301297,,0.019633431134765893,0.0002527687418868693,8.331448106405058e-05,0.00016945426082281873,0.2993489921919591,-1.0424178192897233,,0.017229049017424287,0.00017590149516270889,0.00015812902937960705,1.7772465783101832e-05,0.9258983737786505,-0.09320549811313625,,0.006853990139170784,0.0,0.0008552920509442249,-0.0008552920509442249,0.3067778843391834,1.026452541355309,,0.000881397721840809,0.0,0.0,0.0,,,,0.004071418099475818,0.0,0.026001748775324334,-0.026001748775324334,0.08618375890944731,1.730340767892764,,0.0021686605144862624,0.0,0.0,0.0,,,,0.05083794662716386,0.0004286702370495782,0.027098484336712213,-0.026669814099662636,0.0783994862826527,1.7754625858146122,,0.010975253017054903,0.0662535540348563,0.00285816710924132,0.06339538692561499,0.019451708689576328,-2.3691661252945053,,0.0629816355632652,0.010421699583686696,0.5820610938663494,-0.5716393942826627,0.2946136618798986,1.0527344952076352,,0.05251542182888393,0.010421699583686696,0.5775415797339368,-0.5671198801502502,0.29699421777846446,1.0475341478789795,,0.004367908871089361,0.0,6.547609821012862e-05,-6.547609821012862e-05,0.08063512933892537,1.7621400385239094,,0.07180127737041246,0.010421699583686696,0.5849192609755908,-0.5744975613919041,0.29217771114107316,1.0580854633519723,,0.000601418024327502,0.0,0.0,0.0,,,,0.00021917213824850982,0.0,0.0,0.0,,,,0.0008205901625760118,0.0,0.0,0.0,,,,0.002881180044295307,0.0,2.17296827466319e-05,-2.17296827466319e-05,0.31935675661004803,0.9999999999999999,,0.0015936931501901379,0.0,0.0,0.0,,,,0.004405387663014347,0.6745952631686406,0.0,0.6745952631686406,1.1751963105476433e-23,-12.629801301494192,,0.975915,0.49309833333333336,-0.005060000000000001,0.49815833333333337,9.324524091282565e-08,-5.692050268391456,
1_phenomenology,upper_half,4,311.65,334.25,299.6666666666667,34.583333333333314,0.0987362848844483,-1.6641479161205903,0.10367309912867072,1.2,0.0,2.5833333333333335,-2.5833333333333335,0.006493323593956412,2.7710715355199667,0.008021164439593215,0.019633431134765893,0.0012041662639283857,0.018972869948100452,-0.017768703684172066,8.659550332077547e-15,8.883188046095432,3.030842616227142e-14,0.017229049017424287,0.00026881720430107527,0.017808164864156352,-0.01753934765985528,4.578366937960807e-16,9.426259659433018,1.922914113943539e-15,0.006853990139170784,4.591368227731864e-05,0.008851531659320438,-0.00880561797704312,7.76881221590125e-12,7.600008434076204,2.0393132066740782e-11,0.000881397721840809,0.0,0.0008323378628197673,-0.0008323378628197673,0.0007490951060288798,3.4613788507684617,0.0009831873266629048,0.004071418099475818,0.0,0.006414345462369015,-0.006414345462369015,1.7296549482571205e-08,6.053040217314795,3.632275391339953e-08,0.0021686605144862624,0.0,0.0012641210392767093,-0.0012641210392767093,2.1084508475146343e-05,4.431392388316434,3.4059590613697936e-05,0.05083794662716386,0.0015188971505067793,0.05414337083604274,-0.05262447368553596,3.5844846760117385e-26,13.710297638549074,2.509139273208217e-25,0.010975253017054903,0.0004332828294740507,0.018477270850117664,-0.018043988020643612,3.804563372425548e-12,7.737276401748957,1.1413690117276645e-11,0.0629816355632652,0.005341996061537438,0.060558109880620846,-0.05521611381908341,2.099824694001685e-32,16.48681991090061,4.409631857403539e-31,0.05251542182888393,0.005663391837478668,0.049946564361805404,-0.04428317252432674,8.538630328638788e-20,10.997307114489878,4.482780922535364e-19,0.004367908871089361,0.0003213957759412305,0.00742685812128439,-0.007105462345343159,4.744686253427343e-06,4.797373628516822,9.058037392906746e-06,0.07180127737041246,0.005663391837478668,0.07581513804015241,-0.07015174620267374,6.599470310777492e-31,15.804082192251828,6.929443826316368e-30,0.000601418024327502,0.0003213957759412305,0.0008603716286359984,-0.0005389758526947678,0.19034479056260648,1.3171368149746439,0.19034479056260648,0.00021917213824850982,0.0,0.0004812931164412945,-0.0004812931164412945,0.014510555747233284,2.4810032000796993,0.016928981705105497,0.0008205901625760118,0.0003213957759412305,0.001341664745077293,-0.0010202689691360626,0.04067668298604533,2.069558005040426,0.04495843908983957,0.002881180044295307,0.0,0.0051373155723223474,-0.0051373155723223474,7.510376622895191e-05,4.103913206317771,0.00011265564934342788,0.0015936931501901379,0.0,0.001277426454735049,-0.001277426454735049,0.00024036520752174597,3.788182103233019,0.0003365112905304443,0.004405387663014347,0.22270611173060584,-0.0005241642566097643,0.2232302759872156,8.522727406682811e-06,-4.655775365509098,1.491477296169492e-05,0.975915,0.34984833333333337,0.8379533333333334,-0.48810500000000007,3.780351291644285e-09,6.370212941038691,8.820819680503332e-09
