experiment,subject,condition,social_type,word_count,question_count,hedge_count,tom_count,filler_rate,politeness_rate,quality,connectedness
Exp1_Human,sub-001,bot,nonsocial,124.6,0.3,1.7,0.4,0.03767598830135764,-0.0012498233436204862,,
Exp1_Human,sub-001,bot,social,143.4,0.6,2.2,0.5,0.017256702518761727,0.0011919965942954447,,
Exp1_Human,sub-001,hum,nonsocial,141.4,0.7,2.3,0.7,0.025782208276985512,0.004649419709445308,,
Exp1_Human,sub-001,hum,social,146.8,0.1,2.2,0.4,0.01997561265609791,0.0004177305722755522,,
Exp1_Human,sub-002,bot,nonsocial,135.3,0.0,2.0,0.0,0.034796710102979786,0.0,,
Exp1_Human,sub-002,bot,social,143.5,0.2,2.7,0.3,0.03959917613542116,0.0014863387978142077,,
Exp1_Human,sub-002,hum,nonsocial,157.9,0.0,2.9,0.0,0.04254060891955271,0.0010246164092317937,,
Exp1_Human,sub-002,hum,social,159.7,0.0,3.8,0.2,0.034164534023106166,-0.0004924462551203678,,
Exp1_Human,sub-003,bot,nonsocial,148.3,0.5,2.9,1.0,0.04954986539166561,0.00011847435603454864,,
Exp1_Human,sub-003,bot,social,175.5,0.2,2.9,1.1,0.03523160314634809,0.0010338257585031819,,
Exp1_Human,sub-003,hum,nonsocial,175.8,0.4,2.6,1.0,0.037935640220183045,0.0022185263230188007,,
Exp1_Human,sub-003,hum,social,167.2,0.6,2.8,1.0,0.03210982898372727,0.00017390464228781216,,
Exp1_Human,sub-004,bot,nonsocial,72.4,0.0,0.2,0.0,0.04646325426577007,0.0007246376811594203,,
Exp1_Human,sub-004,bot,social,80.0,0.0,1.0,0.1,0.026120543425292197,0.0024722804914593948,,
Exp1_Human,sub-004,hum,nonsocial,71.8,0.1,0.4,0.0,0.05081732638502832,0.003008021390374332,,
Exp1_Human,sub-004,hum,social,90.6,0.1,1.0,0.0,0.027465143712600205,0.004062042462176873,,
Exp1_Human,sub-005,bot,nonsocial,142.2,1.8,2.0,0.1,0.02387704375282829,0.0029771471932359124,,
Exp1_Human,sub-005,bot,social,157.9,1.7,1.0,0.5,0.020473054205434108,0.0,,
Exp1_Human,sub-005,hum,nonsocial,196.3,1.4,1.3,0.2,0.02779127371000934,0.0035787229252350027,,
Exp1_Human,sub-005,hum,social,153.8,0.9,1.9,0.3,0.023168803191636122,0.0016697703289882064,,
Exp1_Human,sub-006,bot,nonsocial,131.3,1.0,1.4,0.5,0.030441364495231056,0.0013687751097823042,,
Exp1_Human,sub-006,bot,social,176.0,1.2,2.6,0.4,0.021662821388722765,0.0,,
Exp1_Human,sub-006,hum,nonsocial,140.3,1.9,1.2,0.3,0.025538059013981422,0.0012658227848101266,,
Exp1_Human,sub-006,hum,social,130.4,1.3,1.9,0.3,0.024906699934171696,0.001379310344827586,,
Exp1_Human,sub-007,bot,nonsocial,107.1,1.1,1.7,0.4,0.03582798644588821,0.0036001285760205726,,
Exp1_Human,sub-007,bot,social,123.5,0.5,3.5,0.5,0.03127311838447751,0.003486475792771621,,
Exp1_Human,sub-007,hum,nonsocial,107.1,1.4,1.6,0.4,0.04594653613682419,0.0009174311926605505,,
Exp1_Human,sub-007,hum,social,111.3,0.5,2.2,0.2,0.03077071770528843,0.0,,
Exp1_Human,sub-008,bot,nonsocial,55.375,0.0,1.0,0.0,0.017570626836931186,-0.003734671125975474,,
Exp1_Human,sub-008,bot,social,62.25,0.0,1.875,0.125,0.008070429026311379,0.0,,
Exp1_Human,sub-008,hum,nonsocial,57.375,0.0,1.625,0.0,0.018028627058809005,0.0017605633802816902,,
Exp1_Human,sub-008,hum,social,57.0,0.0,1.5,0.0,0.014580561166589569,0.0,,
Exp1_Human,sub-009,bot,nonsocial,133.8,0.0,2.7,0.6,0.04759243125756856,0.0026026785714285713,,
Exp1_Human,sub-009,bot,social,149.5,0.1,2.9,2.5,0.05249683288085431,0.005980329269721576,,
Exp1_Human,sub-009,hum,nonsocial,153.6,0.0,2.8,0.8,0.06280601733102084,0.0018236313736819296,,
Exp1_Human,sub-009,hum,social,136.9,0.0,2.8,1.1,0.0464420863963199,0.0031565850472717594,,
Exp1_Human,sub-010,bot,nonsocial,108.8,0.9,2.6,0.3,0.07398289508424467,0.0,,
Exp1_Human,sub-010,bot,social,130.3,0.7,3.2,0.5,0.047470113994898616,0.0006134969325153375,,
Exp1_Human,sub-010,hum,nonsocial,102.9,0.6,2.0,0.1,0.07155578937222974,0.0,,
Exp1_Human,sub-010,hum,social,134.0,0.3,4.8,0.1,0.06545653674337826,0.0009900990099009901,,
Exp1_Human,sub-011,bot,nonsocial,102.1,0.3,1.2,0.0,0.02845780528257812,0.0028972040889954885,,
Exp1_Human,sub-011,bot,social,110.9,0.2,2.0,0.8,0.018157718901625243,0.0,,
Exp1_Human,sub-011,hum,nonsocial,107.6,0.5,0.8,0.2,0.02522811424307107,0.0,,
Exp1_Human,sub-011,hum,social,107.7,0.4,2.4,0.1,0.014665965560375725,0.0,,
Exp1_Human,sub-012,bot,nonsocial,103.1,0.8,2.2,0.2,0.020850850622714995,0.0026451830568978278,,
Exp1_Human,sub-012,bot,social,115.9,0.7,2.2,0.4,0.019124140108060565,-4.2461800773821275e-05,,
Exp1_Human,sub-012,hum,nonsocial,121.1,0.9,1.6,0.0,0.03853984414898858,0.002144003668883283,,
Exp1_Human,sub-012,hum,social,120.3,0.5,2.5,0.8,0.03466112106384375,0.002723838052835365,,
Exp1_Human,sub-013,bot,nonsocial,138.2,0.0,0.7,0.1,0.04332161956450224,-3.308441251536065e-05,,
Exp1_Human,sub-013,bot,social,156.6,0.2,1.2,0.1,0.04850942336363692,-1.7257222991629537e-05,,
Exp1_Human,sub-013,hum,nonsocial,139.9,0.3,0.8,0.2,0.04528815423466846,-0.0031494355317884725,,
Exp1_Human,sub-013,hum,social,144.7,0.1,1.0,0.3,0.054138027517031936,0.0011018393371334547,,
Exp1_Human,sub-014,bot,nonsocial,109.9,0.0,2.4,0.1,0.03140115618420953,0.0009900990099009901,,
Exp1_Human,sub-014,bot,social,140.8,0.0,3.5,0.2,0.023403830647588404,0.0007484714315833862,,
Exp1_Human,sub-014,hum,nonsocial,129.2,0.1,3.0,0.4,0.03414266227593034,0.003040231392434575,,
Exp1_Human,sub-014,hum,social,159.6,0.0,4.1,0.0,0.027823402046982935,0.001472950652759237,,
Exp1_Human,sub-015,bot,nonsocial,107.9,0.7,1.0,0.1,0.04219889787029331,0.0024691358024691358,,
Exp1_Human,sub-015,bot,social,111.6,0.4,1.3,0.2,0.04398255625617943,0.0015584415584415587,,
Exp1_Human,sub-015,hum,nonsocial,111.5,0.0,2.6,0.0,0.04871595331308727,0.0013071895424836603,,
Exp1_Human,sub-015,hum,social,117.4,0.2,1.4,0.0,0.04594190789153044,0.002614550091255571,,
Exp1_Human,sub-016,bot,nonsocial,80.2,0.6,1.0,0.0,0.05039089121725197,0.004705882352941176,,
Exp1_Human,sub-016,bot,social,82.4,0.6,1.3,0.0,0.03494775988788489,0.0027777777777777775,,
Exp1_Human,sub-016,hum,nonsocial,89.4,0.4,1.6,0.2,0.07367498610323883,-0.0009259259259259259,,
Exp1_Human,sub-016,hum,social,98.0,0.2,2.1,0.0,0.048320650600121785,0.001526374859708193,,
Exp1_Human,sub-017,bot,nonsocial,102.1,0.5,1.9,0.6,0.051670074180946254,0.0014285714285714286,,
Exp1_Human,sub-017,bot,social,110.7,0.5,3.2,1.0,0.03212895686942895,0.0016741071428571428,,
Exp1_Human,sub-017,hum,nonsocial,93.1,0.5,2.0,1.0,0.05256502685585207,0.0015487582277780851,,
Exp1_Human,sub-017,hum,social,94.7,0.1,2.4,0.6,0.043270228719598805,0.0072763591832775585,,
Exp1_Human,sub-018,bot,nonsocial,90.1,0.0,1.1,0.2,0.026245739941687673,0.0012658227848101266,,
Exp1_Human,sub-018,bot,social,99.1,0.1,1.2,0.0,0.009938697260787699,-0.0009523809523809525,,
Exp1_Human,sub-018,hum,nonsocial,109.2,0.0,1.3,0.0,0.030462967706831934,0.0012048192771084338,,
Exp1_Human,sub-018,hum,social,104.2,0.0,0.7,0.0,0.011336655631689218,0.0,,
Exp1_Human,sub-019,bot,nonsocial,126.3,1.5,2.2,1.7,0.04787630189415469,0.02059345389478149,,
Exp1_Human,sub-019,bot,social,126.3,1.0,1.6,2.5,0.040838465045438435,0.005368450628145843,,
Exp1_Human,sub-019,hum,nonsocial,106.8,1.1,1.6,0.7,0.0544913122574421,0.002680652680652681,,
Exp1_Human,sub-019,hum,social,127.8,0.7,2.4,1.3,0.044471681454503156,0.0055808682622331155,,
Exp1_Human,sub-020,bot,nonsocial,137.375,0.125,3.875,0.0,0.03836110956703699,0.0014367816091954023,,
Exp1_Human,sub-020,bot,social,163.25,0.0,3.75,1.125,0.03908568802741365,0.0006793478260869565,,
Exp1_Human,sub-020,hum,nonsocial,150.125,0.0,2.875,0.125,0.025161652590312104,0.002564976436086985,,
Exp1_Human,sub-020,hum,social,172.75,0.125,4.5,0.25,0.0277540408329562,-0.0012832652247582975,,
Exp1_Human,sub-021,bot,nonsocial,34.4,0.0,0.2,0.0,0.047480152557747714,0.003125,,
Exp1_Human,sub-021,bot,social,38.3,0.4,0.4,0.1,0.027369194798343006,0.017225874867444327,,
Exp1_Human,sub-021,hum,nonsocial,38.3,0.1,0.6,0.1,0.05156679801445704,0.0020833333333333333,,
Exp1_Human,sub-021,hum,social,47.0,0.0,0.2,0.0,0.04653647182786679,0.0,,
Exp1_Human,sub-022,bot,nonsocial,139.1,0.1,0.7,0.1,0.03460836771373589,0.0008333333333333333,,
Exp1_Human,sub-022,bot,social,127.4,0.3,0.5,0.1,0.03777783679258635,0.0,,
Exp1_Human,sub-022,hum,nonsocial,158.6,0.3,1.3,0.1,0.03217852131902238,0.0,,
Exp1_Human,sub-022,hum,social,125.2,0.3,1.1,0.1,0.03673064552906964,0.003062558356676004,,
Exp1_Human,sub-023,bot,nonsocial,108.0,0.6,1.6,0.0,0.042670837653036794,0.0008333333333333333,,
Exp1_Human,sub-023,bot,social,112.2,0.2,3.0,0.0,0.0233397268503658,0.0014335401391238954,,
Exp1_Human,sub-023,hum,nonsocial,121.0,0.7,3.8,0.0,0.02967439999176582,0.0017508417508417507,,
Exp1_Human,sub-023,hum,social,135.4,0.2,2.9,0.1,0.05279462470966806,0.0011105276975584143,,
Exp2_LLM,s001,bot,nonsocial,297.1,2.5,0.4,0.3,0.009576245909859633,0.023381468576556423,3.7,3.8
Exp2_LLM,s001,bot,social,304.8,1.3,0.3,0.3,0.006421321422510035,0.011258074453621324,3.9,3.9
Exp2_LLM,s001,hum,nonsocial,252.2,3.1,0.6,0.4,0.015480997935401544,0.01848103524998653,3.8,3.9
Exp2_LLM,s001,hum,social,289.9,1.9,0.2,0.5,0.01224243417037048,0.022575314364569908,4.0,4.0
Exp2_LLM,s002,bot,nonsocial,300.3,1.7,0.5,0.3,0.00718737891303918,0.010034801874158597,3.9,3.9
Exp2_LLM,s002,bot,social,293.3,0.8,0.2,0.3,0.0057209104593259254,0.014112520979409482,4.0,4.0
Exp2_LLM,s002,hum,nonsocial,257.6,3.2,0.4,0.4,0.014035610052972136,0.016724926406779864,3.9,3.9
Exp2_LLM,s002,hum,social,219.9,3.1,0.4,0.7,0.00930807401293167,0.02777874407136821,3.6,3.6
Exp2_LLM,s003,bot,nonsocial,255.4,1.8,0.6,0.3,0.007536327655667363,0.023308043356700264,3.8,3.8
Exp2_LLM,s003,bot,social,302.1,1.8,0.3,0.2,0.0038289263356573516,0.012746061352614246,3.9,3.9
Exp2_LLM,s003,hum,nonsocial,248.2,2.8,0.2,0.2,0.017006258343480317,0.022426740177657965,3.8,3.9
Exp2_LLM,s003,hum,social,268.4,2.2,0.3,0.3,0.006828895494031593,0.020396731771419804,4.0,4.0
Exp2_LLM,s004,bot,nonsocial,340.5,2.0,0.3,0.6,0.007921240216226769,0.009013873159689543,4.0,4.0
Exp2_LLM,s004,bot,social,283.6,1.1,0.2,0.0,0.009986263742052576,0.019101276154909592,3.9,3.8
Exp2_LLM,s004,hum,nonsocial,196.1,2.7,0.4,0.3,0.016058439828441174,0.03642559163384932,3.5,3.5
Exp2_LLM,s004,hum,social,245.5,1.7,0.6,0.3,0.00704719149620784,0.025855428428545796,3.9,3.9
Exp2_LLM,s005,bot,nonsocial,280.4,2.4,0.1,0.2,0.009655663066772898,0.02451359666377146,3.8,3.8
Exp2_LLM,s005,bot,social,294.0,1.3,0.0,0.4,0.007805458800915206,0.01485063821349813,3.9,3.9
Exp2_LLM,s005,hum,nonsocial,254.8,2.8,0.6,0.5,0.013694858538610225,0.016129156514963175,3.8,3.9
Exp2_LLM,s005,hum,social,315.9,2.8,0.5,0.6,0.011648904097216714,0.0159638084873858,3.9,3.9
Exp2_LLM,s006,bot,nonsocial,334.4,2.4,0.3,0.3,0.007046810239471469,0.016854795773947048,3.9,3.9
Exp2_LLM,s006,bot,social,314.9,1.3,0.6,0.6,0.005833675660229906,0.015260442902445073,3.9,4.0
Exp2_LLM,s006,hum,nonsocial,258.1,3.1,0.2,0.4,0.014452029473853403,0.01617487696545631,3.9,3.9
Exp2_LLM,s006,hum,social,285.5,2.3,0.6,0.4,0.011271993291780014,0.015203322594138157,3.9,3.9
Exp2_LLM,s007,bot,nonsocial,304.6,2.8,0.6,0.3,0.008152220067838103,0.010990820134831422,3.9,3.9
Exp2_LLM,s007,bot,social,304.9,1.6,0.1,0.3,0.008077832370083323,0.016608753747744124,4.0,4.0
Exp2_LLM,s007,hum,nonsocial,292.9,2.5,0.3,0.2,0.010889528139093897,0.016715658057560055,3.9,3.9
Exp2_LLM,s007,hum,social,304.7,2.5,0.3,0.4,0.008260001218910604,0.017085603770161738,3.9,3.9
Exp2_LLM,s008,bot,nonsocial,283.1,1.9,0.1,0.3,0.00985901000059359,0.018983310211381516,3.7,3.7
Exp2_LLM,s008,bot,social,295.0,1.2,0.1,0.2,0.006839494285608231,0.013375287304477393,3.8,3.9
Exp2_LLM,s008,hum,nonsocial,252.1,2.2,0.2,0.4,0.013763949106924137,0.02503540189919526,3.9,3.9
Exp2_LLM,s008,hum,social,267.2,1.7,0.5,0.2,0.00966217973800338,0.019253426820946544,3.9,3.9
Exp2_LLM,s009,bot,nonsocial,308.3,2.3,0.5,0.4,0.008161615223430388,0.010849217232893149,4.0,3.9
Exp2_LLM,s009,bot,social,372.9,2.3,0.1,0.8,0.007883958978636887,0.008046227044788735,4.0,4.0
Exp2_LLM,s009,hum,nonsocial,329.1,3.4,0.2,0.4,0.0100498744085416,0.015288703210730236,4.0,4.0
Exp2_LLM,s009,hum,social,265.0,1.7,0.7,0.4,0.008721373349721789,0.020674747344204204,3.9,3.9
Exp2_LLM,s010,bot,nonsocial,277.3,2.8,0.4,0.1,0.011057278927600398,0.018607404395002587,3.8,3.8
Exp2_LLM,s010,bot,social,312.8,1.7,0.0,0.3,0.0055182359967361405,0.019224326976298573,3.8,3.8
Exp2_LLM,s010,hum,nonsocial,280.5,3.0,0.2,0.3,0.010988573751717266,0.015397649375740004,3.8,3.8
Exp2_LLM,s010,hum,social,307.6,2.3,0.5,0.3,0.00685091868472853,0.016989486325498997,3.9,3.9
Exp2_LLM,s011,bot,nonsocial,317.7,2.9,0.1,0.2,0.00633516895515026,0.01178662969767032,3.7,3.9
Exp2_LLM,s011,bot,social,277.3,1.9,0.2,0.0,0.011249112625457322,0.01771800530283866,3.9,3.9
Exp2_LLM,s011,hum,nonsocial,247.7,3.1,0.5,0.4,0.01092076894062557,0.018438875949177813,3.8,3.9
Exp2_LLM,s011,hum,social,300.3,2.2,0.8,0.6,0.007975790013084662,0.01805828587682471,4.0,4.0
Exp2_LLM,s012,bot,nonsocial,337.3,3.8,0.4,0.3,0.009809284534288221,0.010964419099321408,3.8,3.8
Exp2_LLM,s012,bot,social,306.3,1.1,0.1,0.1,0.010209006123894004,0.016031235992455532,3.8,3.8
Exp2_LLM,s012,hum,nonsocial,283.5,3.0,0.2,0.2,0.01340852529259629,0.018162152616282366,3.9,4.0
Exp2_LLM,s012,hum,social,298.9,2.1,0.5,0.4,0.008483346972157827,0.014480489421036555,4.0,4.0
Exp2_LLM,s013,bot,nonsocial,317.8,2.6,0.1,0.0,0.009206587880271214,0.00819387360049774,4.0,4.0
Exp2_LLM,s013,bot,social,282.3,1.2,0.3,0.3,0.008533628924234852,0.01454229418797543,4.0,4.0
Exp2_LLM,s013,hum,nonsocial,264.9,3.2,0.3,0.6,0.011493688788024502,0.014508782856323201,3.9,3.9
Exp2_LLM,s013,hum,social,289.8,2.0,0.4,0.3,0.007555383412052881,0.019853307808104736,3.9,3.9
Exp2_LLM,s014,bot,nonsocial,264.2,1.7,0.5,0.3,0.00883228503661079,0.020751046833200795,3.8,3.8
Exp2_LLM,s014,bot,social,285.5,1.3,0.1,0.1,0.0073892889504994525,0.015166094213740638,3.8,3.8
Exp2_LLM,s014,hum,nonsocial,295.8,2.1,0.6,0.3,0.00808012591427813,0.013897150497102917,4.0,4.0
Exp2_LLM,s014,hum,social,285.3,2.4,0.8,0.8,0.01055047060970649,0.01891342696303985,3.9,3.8
Exp2_LLM,s015,bot,nonsocial,287.4,2.2,0.5,0.4,0.008081140177054823,0.019378724206474886,3.7,3.7
Exp2_LLM,s015,bot,social,319.6,1.2,0.4,0.3,0.008204169378558775,0.012089128586964227,4.0,4.0
Exp2_LLM,s015,hum,nonsocial,258.7,3.0,0.2,0.2,0.007286103861703866,0.015089314258957386,3.9,3.9
Exp2_LLM,s015,hum,social,254.3,1.6,0.2,0.3,0.011503012946947777,0.020989780995448442,3.8,3.8
Exp2_LLM,s016,bot,nonsocial,308.4,2.3,0.0,0.3,0.010449782974867863,0.010756997791700862,3.9,3.9
Exp2_LLM,s016,bot,social,297.0,1.4,0.2,0.4,0.007543346356761514,0.015951107639820404,3.9,3.9
Exp2_LLM,s016,hum,nonsocial,257.7,3.1,0.4,0.3,0.009971818433363689,0.019359126143799248,3.8,3.8
Exp2_LLM,s016,hum,social,270.6,2.2,0.2,0.4,0.010877877042489414,0.0178878655568781,3.9,3.9
Exp2_LLM,s017,bot,nonsocial,314.7,3.1,0.4,0.4,0.0037664952727822143,0.00923560085308742,4.0,4.0
Exp2_LLM,s017,bot,social,293.2,2.3,0.5,0.3,0.010103084493248957,0.017176838534204153,3.8,3.7
Exp2_LLM,s017,hum,nonsocial,233.3,2.1,0.4,0.4,0.010564491611638175,0.023826741880375625,3.9,4.0
Exp2_LLM,s017,hum,social,282.7,2.1,0.7,0.6,0.007802249952942593,0.01765865626480662,3.9,4.0
Exp2_LLM,s018,bot,nonsocial,306.5,2.6,0.2,0.3,0.011565398682378688,0.012720223302817324,4.0,4.0
Exp2_LLM,s018,bot,social,320.4,1.7,0.4,0.1,0.010499009039698545,0.01634815588251328,4.0,4.0
Exp2_LLM,s018,hum,nonsocial,244.3,3.4,0.5,0.9,0.01106611742227032,0.020201457516851755,3.8,3.9
Exp2_LLM,s018,hum,social,247.1,1.9,0.3,0.6,0.010525143800720244,0.030063574078102073,3.9,3.9
Exp2_LLM,s019,bot,nonsocial,374.2,3.1,0.5,0.2,0.008331646933136589,0.008934448447329709,3.8,3.8
Exp2_LLM,s019,bot,social,316.4,1.4,0.0,0.3,0.006470960947638831,0.014193800178020887,4.0,4.0
Exp2_LLM,s019,hum,nonsocial,295.8,2.4,0.4,0.1,0.00981306763720351,0.016585923671153045,4.0,3.9
Exp2_LLM,s019,hum,social,244.5,2.0,0.7,0.4,0.0065035155624754894,0.018592520620492388,3.9,3.8
Exp2_LLM,s020,bot,nonsocial,279.5,2.1,0.2,0.2,0.01343395808849964,0.013742011165425791,3.8,3.8
Exp2_LLM,s020,bot,social,288.5,1.0,0.1,0.2,0.012713574251911972,0.0164842320342181,4.0,4.0
Exp2_LLM,s020,hum,nonsocial,292.0,2.8,0.1,0.2,0.015469739884919292,0.0175684935189513,3.9,4.0
Exp2_LLM,s020,hum,social,308.1,3.0,0.7,0.9,0.009134028617549788,0.017792992887051,4.0,4.0
Exp2_LLM,s021,bot,nonsocial,388.2,3.0,0.1,0.2,0.008597870138903778,0.008509398217523136,4.0,4.0
Exp2_LLM,s021,bot,social,300.6,1.3,0.1,0.2,0.006979125652951737,0.01685837439153277,3.9,3.9
Exp2_LLM,s021,hum,nonsocial,224.6,2.3,0.5,0.1,0.012773222935546707,0.02245256501767447,3.8,3.8
Exp2_LLM,s021,hum,social,311.5,2.4,0.8,0.6,0.00780482891689053,0.016116098732914197,3.7,3.7
Exp2_LLM,s022,bot,nonsocial,366.6,2.7,0.1,0.2,0.007578677270583674,0.005962185486525219,4.0,3.9
Exp2_LLM,s022,bot,social,301.5,0.7,0.3,0.1,0.006338328280043715,0.010877479628639738,3.9,3.9
Exp2_LLM,s022,hum,nonsocial,248.7,2.1,0.2,0.3,0.012730461577374359,0.023546514721126652,3.9,3.9
Exp2_LLM,s022,hum,social,294.5,1.8,0.6,0.5,0.00880817630593555,0.020283426705029292,3.9,3.9
Exp2_LLM,s023,bot,nonsocial,300.2,2.3,0.7,0.4,0.011684283506147178,0.014163301283236163,3.8,3.8
Exp2_LLM,s023,bot,social,271.7,1.8,0.1,0.3,0.005703527005288656,0.018167197651537785,3.8,3.8
Exp2_LLM,s023,hum,nonsocial,271.5,2.6,0.0,0.5,0.012682669229367532,0.0149724171288835,4.0,4.0
Exp2_LLM,s023,hum,social,262.9,1.7,0.5,0.8,0.010019444667611248,0.022472383579476497,4.0,4.0
Exp2_LLM,s024,bot,nonsocial,297.9,1.9,0.4,0.0,0.007753739439713793,0.01983861904493793,3.9,3.9
Exp2_LLM,s024,bot,social,269.9,1.5,0.5,0.2,0.00630579620250678,0.023185040895326768,3.7,3.7
Exp2_LLM,s024,hum,nonsocial,282.7,2.6,0.8,0.5,0.012517016981677193,0.023815392476286213,3.7,3.9
Exp2_LLM,s024,hum,social,283.2,1.6,0.4,0.2,0.006177074396719218,0.019103612495756855,3.8,3.8
Exp2_LLM,s025,bot,nonsocial,324.7,2.3,0.0,0.3,0.008188655493171625,0.012978569593081099,4.0,4.0
Exp2_LLM,s025,bot,social,315.3,0.8,0.2,0.2,0.00796781283620888,0.012719633468699268,3.8,3.9
Exp2_LLM,s025,hum,nonsocial,228.3,2.2,0.1,0.4,0.013792032803224136,0.018653705472742484,3.9,3.9
Exp2_LLM,s025,hum,social,248.2,1.9,0.6,0.6,0.009870163905475512,0.02591140187049884,4.0,4.0
Exp2_LLM,s026,bot,nonsocial,275.1,2.3,0.1,0.2,0.010204844410216915,0.015124013003239553,4.0,4.0
Exp2_LLM,s026,bot,social,319.4,1.6,0.1,0.7,0.007743850946878077,0.012484777351655981,4.0,4.0
Exp2_LLM,s026,hum,nonsocial,312.0,2.4,0.2,0.4,0.009112897323399127,0.01385350573313714,3.9,3.9
Exp2_LLM,s026,hum,social,279.6,2.1,0.3,0.3,0.01038244087232228,0.01839600977674356,4.0,3.9
Exp2_LLM,s027,bot,nonsocial,258.1,2.4,0.6,0.4,0.014093162982747185,0.02642062574543076,3.9,3.9
Exp2_LLM,s027,bot,social,328.0,0.9,0.0,0.2,0.009751714133354229,0.01176920383343711,3.8,3.8
Exp2_LLM,s027,hum,nonsocial,278.0,2.1,0.9,0.6,0.009650124718839803,0.016404148209239792,3.8,3.9
Exp2_LLM,s027,hum,social,261.3,1.8,0.5,0.4,0.005959447834415282,0.019225087369767906,3.9,3.8
Exp2_LLM,s028,bot,nonsocial,297.1,1.8,0.6,0.0,0.008804083206270772,0.014055300463009634,4.0,4.0
Exp2_LLM,s028,bot,social,313.2,1.9,0.4,0.3,0.005948069650448591,0.013167398956351406,3.8,3.8
Exp2_LLM,s028,hum,nonsocial,272.2,3.4,0.5,0.5,0.016553284383721157,0.017575928607461384,3.9,4.0
Exp2_LLM,s028,hum,social,247.5,2.0,0.5,0.3,0.007537163345112133,0.024010349460123745,3.9,3.9
Exp2_LLM,s029,bot,nonsocial,311.8,2.1,0.2,0.2,0.005983032743841493,0.011048692793594037,3.8,3.8
Exp2_LLM,s029,bot,social,296.4,2.0,0.7,0.2,0.007144599859295596,0.01895445515171084,3.9,3.9
Exp2_LLM,s029,hum,nonsocial,247.3,3.0,0.4,0.4,0.012417347355260169,0.018604707397990423,3.8,4.0
Exp2_LLM,s029,hum,social,237.6,2.0,0.5,0.5,0.011554639016398473,0.019170595255956373,3.7,3.8
Exp2_LLM,s030,bot,nonsocial,287.9,3.3,0.1,0.2,0.010660512876734729,0.008536804435491884,3.9,3.8
Exp2_LLM,s030,bot,social,317.8,2.1,0.2,0.1,0.012308414931884639,0.017887065717021124,3.8,3.8
Exp2_LLM,s030,hum,nonsocial,255.6,2.6,0.1,0.5,0.009442269460838126,0.017060499163578637,3.9,3.9
Exp2_LLM,s030,hum,social,275.8,2.8,0.8,1.1,0.008892354664770978,0.020512627330466996,4.0,4.0
Exp2_LLM,s031,bot,nonsocial,315.5,3.3,0.3,0.3,0.013510510684893187,0.01268170165899161,3.8,3.9
Exp2_LLM,s031,bot,social,311.5,1.7,0.3,0.2,0.006332295244030339,0.016169555833641856,3.9,3.9
Exp2_LLM,s031,hum,nonsocial,253.9,2.9,0.3,0.2,0.008579546198102105,0.02229060643324077,4.0,4.0
Exp2_LLM,s031,hum,social,290.0,2.1,0.7,0.3,0.011077230373977629,0.01821410493276237,3.8,3.8
Exp2_LLM,s032,bot,nonsocial,287.8,1.9,0.2,0.2,0.008813279976800443,0.019129378147266486,3.8,3.8
Exp2_LLM,s032,bot,social,303.3,1.3,0.2,0.3,0.007692048334624174,0.015404674882762601,4.0,3.9
Exp2_LLM,s032,hum,nonsocial,228.8,2.4,0.1,0.5,0.008432332202401478,0.02204152334607467,3.9,3.9
Exp2_LLM,s032,hum,social,280.6,2.3,0.7,0.4,0.01024656860082446,0.024091029449781757,3.8,3.8
Exp2_LLM,s033,bot,nonsocial,321.4,2.8,0.5,0.3,0.009853253005134264,0.010920848627694402,3.8,3.7
Exp2_LLM,s033,bot,social,337.3,0.9,0.1,0.3,0.009786677065887758,0.012569763192095356,3.9,3.9
Exp2_LLM,s033,hum,nonsocial,212.3,2.5,0.5,0.5,0.012221502718525894,0.030187687287743292,3.6,3.7
Exp2_LLM,s033,hum,social,278.9,2.5,0.6,0.8,0.009895464797072314,0.021226338468690376,3.8,3.8
Exp2_LLM,s034,bot,nonsocial,347.0,3.5,0.4,0.1,0.012641218842385487,0.010325243400414855,3.9,4.0
Exp2_LLM,s034,bot,social,311.9,1.4,0.0,0.3,0.008003342285556141,0.009470711508116365,3.9,3.9
Exp2_LLM,s034,hum,nonsocial,247.3,2.9,0.2,0.5,0.012853293421837896,0.01877523203088261,3.8,3.9
Exp2_LLM,s034,hum,social,270.2,2.3,0.6,0.5,0.0093512943781839,0.02361050334207402,3.9,3.9
Exp2_LLM,s035,bot,nonsocial,312.7,2.9,0.6,0.2,0.011985096977898685,0.012125456146128668,3.9,3.9
Exp2_LLM,s035,bot,social,295.9,2.1,0.2,0.5,0.007154452327641484,0.011801455855320591,3.8,3.6
Exp2_LLM,s035,hum,nonsocial,266.7,2.4,0.6,0.8,0.010910527861983129,0.015154011611605737,3.9,3.9
Exp2_LLM,s035,hum,social,303.7,2.7,0.1,0.3,0.013567101909630336,0.018953898907321874,3.8,3.7
Exp2_LLM,s036,bot,nonsocial,281.7,2.7,0.1,0.2,0.009995118753982008,0.016683122464862553,4.0,4.0
Exp2_LLM,s036,bot,social,292.5,1.6,0.2,0.3,0.007253780182088826,0.014213446832903326,3.9,3.9
Exp2_LLM,s036,hum,nonsocial,281.8,3.1,0.4,0.4,0.011384525699317053,0.020304533221939588,3.8,3.9
Exp2_LLM,s036,hum,social,330.9,2.6,0.6,0.6,0.009442515474713021,0.012756326315935637,4.0,4.0
Exp2_LLM,s037,bot,nonsocial,292.0,2.6,0.4,0.1,0.009901216175737306,0.012513484606024122,3.9,3.9
Exp2_LLM,s037,bot,social,300.3,2.1,0.3,0.2,0.007015181957682537,0.014468980964680975,3.8,3.8
Exp2_LLM,s037,hum,nonsocial,263.7,2.7,0.3,0.6,0.007470111007855901,0.016294844957495187,3.8,3.9
Exp2_LLM,s037,hum,social,365.3,2.5,0.8,0.8,0.009311527460820151,0.01113721553270375,4.0,4.0
Exp2_LLM,s038,bot,nonsocial,287.2,2.3,0.6,0.2,0.00922886910532203,0.013226874139068794,3.9,3.9
Exp2_LLM,s038,bot,social,241.2,1.2,0.1,0.4,0.005500109354104691,0.027652289360395894,3.7,3.7
Exp2_LLM,s038,hum,nonsocial,301.4,2.2,0.7,0.4,0.013069001064641778,0.015744144290464508,3.9,3.9
Exp2_LLM,s038,hum,social,288.8,1.1,0.4,0.2,0.010540915879062225,0.016553891410488887,4.0,4.0
Exp2_LLM,s039,bot,nonsocial,316.2,3.1,0.4,0.4,0.00905161275848421,0.015837651842667742,4.0,4.0
Exp2_LLM,s039,bot,social,319.3,1.3,0.3,0.8,0.008432167838924042,0.01495328153938828,4.0,4.0
Exp2_LLM,s039,hum,nonsocial,229.6,3.0,0.4,0.5,0.013112080432917445,0.014505906635465183,3.9,3.9
Exp2_LLM,s039,hum,social,267.8,2.2,0.3,0.4,0.0069109429238432595,0.021299615711841236,3.9,3.9
Exp2_LLM,s040,bot,nonsocial,282.1,2.4,0.2,0.0,0.007201063507489894,0.01355009940465075,3.9,3.9
Exp2_LLM,s040,bot,social,311.2,1.7,0.2,0.5,0.008456253835193012,0.013732829761424915,3.8,3.9
Exp2_LLM,s040,hum,nonsocial,250.1,2.7,0.6,0.2,0.01347195999940493,0.016510888846692984,3.9,3.9
Exp2_LLM,s040,hum,social,258.1,2.3,1.0,0.5,0.012356514427826587,0.019606793896101975,4.0,4.0
Exp2_LLM,s041,bot,nonsocial,298.4,2.4,0.5,0.2,0.009128670343313933,0.013826920572040982,3.8,3.8
Exp2_LLM,s041,bot,social,327.5,2.1,0.4,0.8,0.0052338602425910175,0.015327978778412835,3.9,3.9
Exp2_LLM,s041,hum,nonsocial,259.3,2.9,0.4,0.5,0.016465247106917654,0.01882945751603695,4.0,4.0
Exp2_LLM,s041,hum,social,283.2,2.0,0.5,0.2,0.010122440293522925,0.0203502824641247,3.9,4.0
Exp2_LLM,s042,bot,nonsocial,307.6,2.4,0.1,0.0,0.009966787798359517,0.011587611917663884,3.9,3.9
Exp2_LLM,s042,bot,social,313.5,1.7,0.3,0.4,0.008356847700068573,0.01456916189242742,3.9,3.9
Exp2_LLM,s042,hum,nonsocial,238.1,2.0,0.3,0.4,0.013139134893998228,0.021690514534420557,3.8,3.9
Exp2_LLM,s042,hum,social,253.6,1.5,0.5,0.3,0.006715538959349768,0.018313854305156647,3.9,4.0
Exp2_LLM,s043,bot,nonsocial,339.5,2.8,0.4,0.3,0.009596129196510272,0.013821947355428136,4.0,3.9
Exp2_LLM,s043,bot,social,336.6,2.3,0.6,0.3,0.00638293053779302,0.012745380499398256,4.0,4.0
Exp2_LLM,s043,hum,nonsocial,305.4,3.5,0.1,0.7,0.011360495251487565,0.011408832913574127,3.9,3.9
Exp2_LLM,s043,hum,social,320.9,2.3,0.7,0.7,0.008190104218693811,0.01971881401306495,3.9,4.0
Exp2_LLM,s044,bot,nonsocial,357.2,2.7,0.1,0.1,0.008006054869922275,0.00921142925244348,4.0,4.0
Exp2_LLM,s044,bot,social,308.2,1.1,0.1,0.2,0.008843402579389202,0.0139790429917041,3.8,3.9
Exp2_LLM,s044,hum,nonsocial,240.4,3.1,0.4,0.4,0.011746024913837132,0.02179384051664541,3.9,4.0
Exp2_LLM,s044,hum,social,296.7,2.1,0.9,0.4,0.006948383044170737,0.020213211539412423,3.9,3.9
Exp2_LLM,s045,bot,nonsocial,353.4,3.4,0.5,0.3,0.012284417469921687,0.011831047410512649,3.9,3.8
Exp2_LLM,s045,bot,social,310.5,2.4,0.5,0.4,0.009342403712401599,0.01882394378859171,3.9,3.9
Exp2_LLM,s045,hum,nonsocial,296.8,2.9,0.9,0.4,0.009166843383024165,0.012427580027342242,3.9,3.9
Exp2_LLM,s045,hum,social,270.8,2.3,0.3,0.3,0.011065766912925898,0.019541153789710202,3.9,3.9
Exp2_LLM,s046,bot,nonsocial,271.5,2.3,0.4,0.2,0.013233740560947624,0.01820235848228899,3.8,3.8
Exp2_LLM,s046,bot,social,271.8,1.6,0.1,0.5,0.0075811822458904474,0.015474860166568394,3.9,3.9
Exp2_LLM,s046,hum,nonsocial,289.0,3.2,0.6,0.3,0.010027400578169466,0.016563744795813237,4.0,4.0
Exp2_LLM,s046,hum,social,284.3,2.2,0.5,0.6,0.010239115251598874,0.019392467177534966,4.0,3.9
Exp2_LLM,s047,bot,nonsocial,304.2,2.0,0.8,0.1,0.009027574890498767,0.014367636042485013,3.9,3.9
Exp2_LLM,s047,bot,social,285.5,1.6,0.2,0.2,0.010023892589102136,0.019109832654981458,3.9,3.9
Exp2_LLM,s047,hum,nonsocial,297.4,2.7,0.5,0.5,0.00965229045038635,0.01481696113850929,3.8,3.9
Exp2_LLM,s047,hum,social,268.4,2.3,0.6,0.5,0.008216128423786233,0.019800930909413532,3.9,4.0
Exp2_LLM,s048,bot,nonsocial,321.9,2.4,0.4,0.1,0.006128169274818009,0.01615303482703039,4.0,4.0
Exp2_LLM,s048,bot,social,315.9,1.8,0.0,0.2,0.007386623793594112,0.016837361357738584,3.8,3.8
Exp2_LLM,s048,hum,nonsocial,271.6,2.3,0.6,0.9,0.012848794836406103,0.01590120368802702,3.9,3.9
Exp2_LLM,s048,hum,social,286.7,2.3,0.8,0.4,0.007303496223721201,0.013037295954842149,3.9,3.9
Exp2_LLM,s049,bot,nonsocial,253.4,2.9,0.1,0.1,0.011171648236374829,0.01821143876406508,3.8,3.9
Exp2_LLM,s049,bot,social,326.2,1.5,0.3,0.1,0.0061600329503528044,0.012179129220635545,3.8,3.9
Exp2_LLM,s049,hum,nonsocial,311.5,3.5,0.5,0.5,0.009888268658023424,0.014966464109739055,3.8,3.8
Exp2_LLM,s049,hum,social,297.0,2.0,0.5,0.5,0.0076166633364882635,0.01515822278592755,3.9,3.9
Exp2_LLM,s050,bot,nonsocial,359.4,3.0,0.6,0.3,0.01010507976303279,0.006469974228340054,4.0,3.9
Exp2_LLM,s050,bot,social,326.5,1.2,0.2,0.3,0.005738476651300079,0.015191110325422025,3.9,3.9
Exp2_LLM,s050,hum,nonsocial,259.1,2.1,0.4,0.2,0.013665226855981833,0.021925340349809495,3.9,3.9
Exp2_LLM,s050,hum,social,270.8,1.7,0.3,0.5,0.009783779485643537,0.01820609272917335,3.9,3.9
