experiment,subject,condition,word_count,question_count,demir_modal_rate,demir_verb_rate,demir_adverb_rate,demir_adjective_rate,demir_quantifier_rate,demir_noun_rate,demir_total_rate,fung_interpersonal_rate,fung_referential_rate,fung_structural_rate,fung_cognitive_rate,fung_total_rate,nonfluency_rate,liwc_filler_rate,disfluency_rate,like_rate,filler_rate,hedge_rate,tom_rate,politeness_rate,sentiment,quality,connectedness
Exp1_Human,sub-001,bot,42.53968253968254,0.14285714285714285,0.011327718883601902,0.022623573798878617,0.013047102062190138,0.0,0.004118590152091014,0.0,0.05111698489676167,0.07507331593053235,0.05160612837970634,0.04031939218336494,0.03422857960882681,0.12385625490477585,0.00023255813953488373,0.004079645179755882,0.004312203319290766,0.014153460045104564,0.026517409074178464,0.01770465946688907,0.003601547675775328,-0.00022999257839074777,0.6539186046511628,2.45,2.05
Exp1_Human,sub-001,hum,46.483870967741936,0.12903225806451613,0.011132372080602044,0.02106791834737391,0.010065230315662695,0.000897252644843803,0.0059007517495001036,0.0002736726874657909,0.04933719782544835,0.06622790185997432,0.05681365379032667,0.03859583977445733,0.028457185167352596,0.11553831235872437,0.00182722749886929,0.007985361161539275,0.009812588660408563,0.009828933384921011,0.023081182097792023,0.015426975182661501,0.004462766508588736,0.002148004029010225,0.66365,3.25,3.25
Exp1_Human,sub-002,bot,54.666666666666664,0.0392156862745098,0.007276931373083845,0.02807310415550612,0.013148420230694093,0.0002560163850486431,0.009080214422413907,0.0002560163850486431,0.05809070295179525,0.055431052193874876,0.05576167011010206,0.04073487814184704,0.04086326339425304,0.1154109042667173,0.0027363830985676378,0.015454270584426498,0.018190653682994135,0.02160812151105595,0.03840179523224897,0.014777023865479584,0.0011725887965069713,0.00047946412832716376,0.547958064516129,2.7,2.5
Exp1_Human,sub-002,hum,59.924528301886795,0.0,0.009174416775773702,0.020049614519271206,0.0389860155259512,0.0002331002331002331,0.0036142564199104885,0.0,0.07205740347400684,0.06851494984150049,0.059851287595020425,0.04547420555973982,0.04521445420964441,0.12472497615558377,0.0033281200296689387,0.009250562963795256,0.012578682993464194,0.024608841579202012,0.037724516636548744,0.019853781728229453,0.0004927322000492732,0.00028472904717114384,0.6547181818181818,3.2,2.95
Exp1_Human,sub-003,bot,56.80701754385965,0.12280701754385964,0.007440306085797732,0.025894344181635828,0.01250605228151508,0.00019425019425019425,0.005608278279883696,0.0008432779659194753,0.052486508989002006,0.09788860760161594,0.059971262598121994,0.06260848377633914,0.03208501999719771,0.1380084641014721,0.003903425446818936,0.01015783603021042,0.014061261477029355,0.008568701737969095,0.041905945951514596,0.017509493912930232,0.006485420678467897,0.0004504370504810391,0.6965416666666666,2.55,2.25
Exp1_Human,sub-003,hum,58.13559322033898,0.1694915254237288,0.00924129246934683,0.019320834636970104,0.010527948918550958,0.0,0.0029335219590570652,0.00040758461811093386,0.04243118260203589,0.0709253227674905,0.048968998931357303,0.050801104366449655,0.025165815679397508,0.11193477896190036,0.002207479733092698,0.008441401633567795,0.010648881366660493,0.007731846015133256,0.03149188733329882,0.01639761461675427,0.006639959668305948,0.0014336084865669697,0.6327589743589743,2.8,2.7
Exp1_Human,sub-004,bot,15.551020408163266,0.0,0.0067520293529785965,0.02583998941530941,0.012633179612060404,0.0,0.0055512915375949224,0.0,0.05077648991794333,0.1356302668705457,0.03957399173110397,0.07243321201052343,0.04035144971396519,0.1708083248824286,0.0022605214334537643,0.0011274439845868416,0.0033879654180406058,0.03050319815106393,0.04476194639849397,0.008073378934424029,0.0,0.0006602949346148321,0.386774025974026,2.0,1.45
Exp1_Human,sub-004,hum,16.916666666666668,0.020833333333333332,0.010612455555952933,0.017391385378448226,0.013670902825282416,0.006666666666666667,0.003002815268333662,0.0007021791767554479,0.05204640487143935,0.11078116315349296,0.04704996142633293,0.057584698938050516,0.03493694018268882,0.15659077898525783,0.0016444612674246354,0.0020208728019721267,0.0036653340693967623,0.027742795821182036,0.046415479200841596,0.0062107631235049175,0.0,0.006761198959870688,0.3867133333333333,1.85,1.5
Exp1_Human,sub-005,bot,48.403225806451616,0.5645161290322581,0.006528644105309763,0.023507312906584744,0.019735350380703395,0.0,0.00639424093748136,0.000987971093234251,0.05715351942331351,0.043546251437243784,0.07009202237449855,0.05493832264346415,0.022425917935070493,0.10839367930485021,0.00043726658208067203,0.00044984255510571296,0.000887109137186385,0.01127452231429628,0.022245668846937454,0.013074619131033338,0.001750742823687761,0.0014014643781618669,0.638476923076923,2.95,2.4
Exp1_Human,sub-005,hum,60.36206896551724,0.39655172413793105,0.006821653468441561,0.017148520182321266,0.013923511750433694,0.0005449874244928378,0.005359099525089151,0.0011485457253533088,0.044946318076131815,0.045079675350038456,0.06865679954128186,0.05967237206220576,0.02332571373290947,0.11208202825619795,0.0009576700689729162,0.0017201086156100167,0.002677778684582933,0.014009875783364305,0.02725976576652222,0.009341764196066443,0.0005659309564233164,0.0024719150357035073,0.7171578947368421,3.55,3.0
Exp1_Human,sub-006,bot,55.872727272727275,0.4,0.005984837844604106,0.026976391861505824,0.007944893214253275,0.0015337812143490935,0.004360003238448351,0.0002915451895043732,0.047091452562665025,0.061026199165690756,0.07861155826550734,0.07824376067869042,0.02541006670937129,0.14060592753029796,0.0017393483709273183,0.005929329470227,0.007668677841154318,0.008233050951284723,0.028122673601040902,0.015808302243712484,0.005616663976879104,0.000918129489558061,0.7654285714285715,3.1,2.65
Exp1_Human,sub-006,hum,48.339285714285715,0.5714285714285714,0.012939942756751692,0.017114891129902752,0.008926571643460687,0.00017470300489168416,0.00640852882707126,0.0015420936307012256,0.047106730992779296,0.05075309010972904,0.07300791223521229,0.08077798136914864,0.024612571283292084,0.12259858043890487,0.005146569799606165,0.006107890891771592,0.011254460691377758,0.007522938182761061,0.0261499151349316,0.01103928249273129,0.00379601567935016,0.0016049895410360528,0.7969222222222222,3.05,2.7
Exp1_Human,sub-007,bot,34.93939393939394,0.24242424242424243,0.006432301490572731,0.030029742620278233,0.014091555836895444,0.0,0.005788157315433003,0.0,0.05634175726317941,0.08735298495016522,0.0601366879088588,0.06736656865441078,0.035793606056372884,0.14308931926472807,0.003317870901800456,0.0023851815645272215,0.005703052466327677,0.013286206641085645,0.033382973979754156,0.020968950370502313,0.005148500168622259,0.00415914756716977,0.8015933333333334,2.6,2.4
Exp1_Human,sub-007,hum,33.6,0.2923076923076923,0.005128408922778568,0.023530723746974166,0.013622077988996305,0.0,0.005102616747578174,0.0,0.04738382740632721,0.08094180383922746,0.054209788319281166,0.05296686635268388,0.04322335711669252,0.13085810680516152,0.0035932814635385012,0.0020251501617060477,0.005618431625244549,0.024322347841242146,0.03730204422525149,0.01887497230519454,0.002102017021518644,0.0006119951040391676,0.6813488372093024,3.1,2.85
Exp1_Human,sub-008,bot,11.070588235294117,0.0,0.007433471225811974,0.028874248087803072,0.018155977411850033,0.0,0.012074510872905793,0.0009881422924901185,0.067526349890861,0.03531589024237699,0.04131648165769843,0.032201916318283744,0.025719332528795446,0.07948897977185013,0.0,0.0010869565217391304,0.0010869565217391304,0.007386432834003167,0.013949667747173803,0.02792554880674424,0.0010869565217391304,-0.0019573546560053305,0.4376717391304348,2.875,2.25
Exp1_Human,sub-008,hum,11.582278481012658,0.0,0.004560693949231015,0.02231055537450311,0.019483460846034292,0.0,0.013404814754706128,0.0,0.05975952492447454,0.04351255731365052,0.0326368126378535,0.029592491833861798,0.025890274999983566,0.07687806598528979,0.0007501875468867217,0.0,0.0007501875468867217,0.00754001297182169,0.016063965906225063,0.027038942392127466,0.0,0.0007267441860465116,0.4849511627906976,3.375,3.0
Exp1_Human,sub-009,bot,54.48076923076923,0.019230769230769232,0.007830718650815987,0.02298980875084587,0.011360264198641275,0.0,0.004669426575109119,0.0,0.04685021817541225,0.09690114183348865,0.06920218681097695,0.06620859075388613,0.047281174026179845,0.15684278348376787,0.0027988745031710003,0.012793332537841923,0.015592207041012924,0.018563281580710356,0.05186000143977424,0.019752063010287518,0.010150600487898264,0.003943508092291366,0.8743531250000001,2.7,2.55
Exp1_Human,sub-009,hum,54.81132075471698,0.0,0.009757755641077937,0.027363565813680997,0.00969015023323774,0.00027800945232137893,0.00442902480014557,0.0009702845523741048,0.05248879049283773,0.10117429895454566,0.07963125853109154,0.07278051105899006,0.04867501997380333,0.17263124874476224,0.004943193385727057,0.008395928739550352,0.013339122125277408,0.023150982482713037,0.05719780896161551,0.02090180510895397,0.0071401844485055295,0.0032099262877593616,0.9103333333333333,2.85,2.9
Exp1_Human,sub-010,bot,37.95238095238095,0.25396825396825395,0.004069263500159947,0.025456659870286624,0.016335654260934206,0.0,0.004579721762969896,0.0006839945280437756,0.05112529392239444,0.10128326342235798,0.05304327019626955,0.05371460158629993,0.05997984255965311,0.15223533921009846,0.008350786668664097,0.006492536346390108,0.014843323015054205,0.03722276132096922,0.05840421026227344,0.022562988362464488,0.00332998805086229,0.0002613012803762738,0.7961627906976744,2.95,2.65
Exp1_Human,sub-010,hum,38.83606557377049,0.14754098360655737,0.006124501658085631,0.025839198884569446,0.00851293940382878,0.0,0.0059372568192396025,0.0,0.04641389676572346,0.11421773601311698,0.05036960930343343,0.04626884920292618,0.07321359958344824,0.15697580278189932,0.007387930573366156,0.003635979207929647,0.011023909781295802,0.049029881292882944,0.0654866193202403,0.025605168330092923,0.0009879783398947161,0.00043554006968641115,0.8378878048780488,2.95,3.0
Exp1_Human,sub-011,bot,31.791044776119403,0.07462686567164178,0.014430182054910961,0.01639736922124767,0.01289403510078979,0.0,0.006479655348098633,0.00031756113051762465,0.050518802855564676,0.05304342237950937,0.05166082134111024,0.040578834109937525,0.02306615859946071,0.10487401100764611,0.0014162145034036855,0.0027692389825580456,0.004185453485961731,0.009817505231195447,0.02259846926505024,0.013055894451706261,0.0037697746488606224,0.0019609050983565943,0.4822595744680851,3.15,2.85
Exp1_Human,sub-011,hum,30.323943661971832,0.1267605633802817,0.010226229215123445,0.017803038891777978,0.016926382653542862,0.0005941770647653001,0.00628187864558571,0.0007262164124909223,0.052557922883286215,0.056385153370241456,0.043938118565321226,0.03842747353485207,0.02225736031587506,0.09897770368614034,0.0004001600640256102,0.0033259733164085147,0.003726133380434125,0.009615127131686224,0.020791839428677513,0.012469400717029145,0.0008050374621393273,0.0,0.5576823529411765,3.55,3.1
Exp1_Human,sub-012,bot,33.18181818181818,0.22727272727272727,0.010163000311759264,0.039373300523832915,0.011092352746292073,0.000945179584120983,0.0037905019171904104,0.0004725897920604915,0.06583692487525614,0.07066558011529347,0.057494618139713974,0.03869829956217118,0.03466370215034633,0.12028998190082878,0.0,0.001314042483654996,0.001314042483654996,0.012596162263141303,0.018790756866568874,0.021490417079305376,0.002054039406407998,0.0029804696651464803,0.6480391304347826,3.15,2.9
Exp1_Human,sub-012,hum,36.57575757575758,0.21212121212121213,0.00885616292644681,0.027309778778834667,0.014188126066288428,0.00018518518518518518,0.004563565482145518,0.0004629629629629629,0.05556578140186358,0.08461871720231816,0.06680511634674631,0.04968635983669923,0.03875481133058797,0.14462140086006667,0.001239247588645179,0.0028150172267819326,0.004054264815427111,0.01983740095118471,0.035700049058609094,0.01782733460659656,0.0023198397846285173,0.002621600931039402,0.6074088888888889,2.7,2.35
Exp1_Human,sub-013,bot,62.723404255319146,0.0425531914893617,0.008885006820553062,0.01640085813734312,0.013033754394906739,0.0006672071889463194,0.005517875268625175,0.0,0.04450470181037442,0.07060042646787193,0.07818679440406141,0.054944701630853104,0.030160326299468403,0.14813799524809185,0.0013839043878656556,0.0044432090707982735,0.005827113458663929,0.023854568622528598,0.048095820216882294,0.006038356102945409,0.0004910162217211028,0.0006428139550326279,0.76165,2.75,2.4
Exp1_Human,sub-013,hum,63.24444444444445,0.08888888888888889,0.011317572797588177,0.020041177689931074,0.015552381469972277,0.0003508771929824561,0.01016717652777444,0.0011842105263157893,0.05861339620456421,0.066569991956484,0.06280374302240435,0.041613260585741066,0.03292228344279105,0.12849173409384332,0.004472984164775925,0.0024230263252906364,0.006896010490066561,0.028293066965042475,0.051001098322674715,0.0066583878827669255,0.0015383311850808384,-0.001130346947738252,0.7967839999999999,3.4,3.35
Exp1_Human,sub-014,bot,51.16326530612245,0.0,0.010376606439964811,0.02630690842104014,0.01139936939224703,0.000225377507324769,0.001741650432791758,0.0007324768988054992,0.05078238909217401,0.06300009739663155,0.05802867723588755,0.049569296034821256,0.03920918340392196,0.11383296955778767,0.0024202470957034854,0.0008519269776876267,0.003272174073391112,0.014260268567594544,0.02794994292820977,0.023848888786705037,0.0008519269776876267,0.0003102016017711054,0.787148275862069,4.0,4.0
Exp1_Human,sub-014,hum,55.53846153846154,0.019230769230769232,0.007575917208790103,0.027138060756721268,0.008219690493024014,0.0,0.0012042484943451742,0.00042386472987215325,0.04456178168275271,0.0775456296112035,0.042090376540615634,0.04216256426443449,0.042611870944682675,0.11084012368001336,0.004105555003271145,0.0006368543179983857,0.004742409321269531,0.017335585560102514,0.029918117075987932,0.02500104214406324,0.001677499408986726,0.002254911466319184,0.868075,4.0,4.0
Exp1_Human,sub-015,bot,37.20338983050848,0.1864406779661017,0.010448953327905743,0.02539859773392922,0.013254529442005095,0.0,0.0058988789998443425,0.0008785182698226176,0.05587947777350701,0.06751223839753195,0.06558066441239156,0.06168064662718553,0.0378923568722499,0.13900799726292237,0.0017312576136105549,0.010061004575645323,0.01179226218925588,0.02177261014778717,0.04557836151302594,0.008934645963194212,0.0012897587042989065,0.002203989703989704,0.7150756756756756,3.05,2.9
Exp1_Human,sub-015,hum,40.1578947368421,0.03508771929824561,0.0098683951691454,0.03131308842745339,0.018986991005479407,0.0,0.008469063712030463,0.0004826254826254826,0.06912016379673414,0.07512623080041742,0.06452430325442372,0.052184133895104394,0.04491514014383987,0.14478212289673392,0.002442002442002442,0.009410862121688663,0.011852864563691105,0.02122558215533175,0.04602318255991572,0.019683646111375897,0.0,0.0023706177186576674,0.6880135135135135,3.35,3.2
Exp1_Human,sub-016,bot,23.565217391304348,0.17391304347826086,0.008563034783651814,0.018977879753258754,0.023443758459858906,0.0,0.002373163084238686,0.0,0.053357836081008164,0.09121807674616939,0.04995616641543236,0.08385229673347243,0.037608890123932516,0.1397239744956321,0.006321577120243174,0.0006167667457990039,0.006938343866042178,0.02459375127495599,0.053815891141981584,0.021995763616863086,0.0,0.0028817587641117052,0.5978166666666667,1.95,1.8125
Exp1_Human,sub-016,hum,31.76271186440678,0.1016949152542373,0.010141059137099161,0.021798094761017173,0.017004733816833505,0.0005875440658049354,0.007769257104840466,0.00039745627980922096,0.05769814516540446,0.0948993372390069,0.06619013554401434,0.0773297756520161,0.056015305512475536,0.16113285923747847,0.009922513711819542,0.0013248542660307366,0.01124736797785028,0.03852328521512133,0.07093836867214892,0.023005870678397468,0.0008886898947139911,0.0004339836383180037,0.7052054054054054,2.6,2.5625
Exp1_Human,sub-017,bot,27.636363636363637,0.12987012987012986,0.006771458791718304,0.03033607546975886,0.007425302897128567,0.0009489633173843699,0.006320187632504348,0.0013065881486934118,0.053108576257187866,0.1035626396282315,0.03739035559928831,0.040657757873270944,0.05738811477552689,0.13493723322776294,0.002715061483389929,0.02425723573337496,0.02697229721676489,0.01943628914299718,0.03761318801187062,0.02643387942477423,0.006467396754071749,0.0015530336105473632,0.5509436363636364,3.1,2.25
Exp1_Human,sub-017,hum,24.38961038961039,0.07792207792207792,0.007325558910979715,0.02263069160810574,0.010319617866783462,0.0002506265664160401,0.00839177484767526,0.0,0.04891826979996022,0.09487493586667724,0.037427987644353,0.04772276401521769,0.05059193557130602,0.1274990776582052,0.0030768672258159485,0.02709840192100124,0.03017526914681719,0.016599180910585026,0.050388346405046615,0.01909533284901115,0.006660772008041274,0.012091065794724399,0.364759649122807,3.2,2.3
Exp1_Human,sub-018,bot,24.894736842105264,0.013157894736842105,0.010153901584657378,0.021335011937558306,0.009609573422444301,0.0,0.014673540258704734,0.0010974610974610974,0.05686948830082582,0.06431631878708101,0.0446574165469743,0.04205027315930401,0.02229380014481075,0.10450245048150583,0.002300744569250057,0.0005865102639296188,0.0028872548331796764,0.00852928101147345,0.018499222217261226,0.012888629170760028,0.0,0.00034090909090909094,0.6625072727272727,2.466666666666667,2.05
Exp1_Human,sub-018,hum,27.714285714285715,0.0,0.007945583231023304,0.02203506579366932,0.009068774018512585,0.0,0.010864534287907408,0.0007686932215234103,0.05068265055263603,0.060486357816509836,0.06790195154257457,0.05182698057265192,0.022173589644321867,0.12636678561594483,0.0006974984631389795,0.0009131224670571927,0.0016106209301961721,0.01268298207968308,0.022343488742338515,0.009437178593421566,0.0003197953309881676,0.0007219869079707355,0.6307301886792452,2.625,2.3
Exp1_Human,sub-019,bot,38.27272727272727,0.3787878787878788,0.008644191681058375,0.027051641783000794,0.010950095860483651,0.00031269543464665416,0.0027180071878404465,0.002711455254394775,0.0523880872014247,0.08839070775659576,0.04700617784941121,0.0584994968021593,0.03660915548673533,0.13489497074549112,0.000869187309865276,0.015095217369343269,0.01596440467920854,0.013383858865324196,0.044066517525286696,0.014059611834203914,0.013137039436398637,0.02808343503231182,0.7058846153846153,2.8,2.4
Exp1_Human,sub-019,hum,36.65625,0.28125,0.0077554348554662875,0.020549818249312492,0.011384020189709982,0.000132890365448505,0.004763159156800718,0.0003986710963455149,0.0449839939130835,0.09302213990533775,0.05500278951494954,0.06812613953625107,0.0474006001041238,0.14598567118579286,0.0028445305770887163,0.013777902914599401,0.016622433491688116,0.02207353569850773,0.04960449783549032,0.015123759679101175,0.008874937027937886,0.004409999086921179,0.7699285714285715,2.8,2.1
Exp1_Human,sub-020,bot,49.08163265306123,0.02040816326530612,0.00694822372204661,0.0309780449738674,0.00521279302189488,0.0003287310979618672,0.00850285804012292,0.0,0.05197065085589368,0.07716811499003369,0.07003769406400692,0.0501608088466524,0.038090107001377466,0.13916261707738106,0.0023913144356600157,0.000965976733014474,0.0033572911686744894,0.015513794693412901,0.034958888202188905,0.024409253195456008,0.0011669497838014606,0.002079816734989149,0.7195307692307692,3.1875,2.875
Exp1_Human,sub-020,hum,53.8125,0.020833333333333332,0.007714248804746744,0.023749203845234865,0.006664218172878679,0.0005197505197505198,0.005062137301125204,0.002275816930989345,0.045985375574725366,0.06644287820395352,0.07056998690384621,0.06268615159210475,0.037800110940054206,0.13314478068023036,0.001327702913612096,0.0011246133861005086,0.0024523162997126045,0.00826167928375298,0.024684481022352527,0.02395512814050763,0.0006888625872717697,0.0009164392641031187,0.7714269230769232,3.0,2.625
Exp1_Human,sub-021,bot,6.794392523364486,0.037383177570093455,0.00809572800313541,0.013562322992147552,0.014025285955110515,0.0,0.0034527372490335446,0.0,0.03913607419942702,0.10629946636281919,0.027948451619949206,0.06708344810196662,0.02518338368728232,0.12997667482263633,0.009741287519065297,0.00339038533482978,0.013131672853895077,0.015801756542497283,0.06048572483757669,0.005729363770299443,0.0030864197530864196,0.02431827431827432,0.2173753086419753,2.0,1.85
Exp1_Human,sub-021,hum,8.201923076923077,0.009615384615384616,0.00996841539380239,0.016875278969396616,0.020365318490705487,0.0,0.0013333333333333335,0.0,0.04854234618723783,0.12820168100167345,0.034953319225040136,0.0842580574062489,0.03308023863059731,0.16357803986337552,0.006509803921568628,0.002800402212166918,0.009310206133735545,0.029451005119010856,0.09858887705100045,0.0033577402989167695,0.0012121212121212121,0.0012121212121212121,0.15052933333333332,2.5,2.4
Exp1_Human,sub-022,bot,39.776119402985074,0.05970149253731343,0.009155995440255388,0.02191300585321376,0.007923147934160848,0.0009018759018759019,0.007357506610962674,0.0,0.047251531740468575,0.0807883955835193,0.06575953563312538,0.055404653472218665,0.0327490239951563,0.14880489475302608,0.0014418664428870595,0.0008540952418056205,0.0022959616846926797,0.026136184529496505,0.036688032726696185,0.004551212703504206,0.0007111566251351198,0.0006257982120051085,0.7403177777777779,2.75,2.55
Exp1_Human,sub-022,hum,41.73529411764706,0.08823529411764706,0.016569616430132012,0.02212823335288447,0.012464371515113877,0.0,0.004824656186223303,0.0009968637992831542,0.05698374128363681,0.07451646579179796,0.0678332482973245,0.06077779184114215,0.029651518052194285,0.14585902477649085,0.002134466551745186,0.0,0.002134466551745186,0.021693340238860284,0.033533066290275214,0.008741745586227583,0.0013961823789280653,0.0016960110472962371,0.7815837209302325,2.6,2.45
Exp1_Human,sub-023,bot,31.91304347826087,0.11594202898550725,0.005545688026248913,0.02826107074463109,0.011871594522484177,0.0,0.0042457895046991625,0.0005370569280343716,0.050461199726097715,0.08470913001628014,0.04926761894826518,0.03995205726450841,0.0426271369124687,0.12309482935498002,0.0022067321658565493,0.0,0.0022067321658565493,0.01910254535268212,0.031492592793754215,0.020399027626842325,0.0007518796992481202,0.0015102458042124281,0.6523789473684211,2.5,2.45
Exp1_Human,sub-023,hum,41.354838709677416,0.14516129032258066,0.0070728305007901355,0.027931068865184046,0.012798341922055805,0.000859106529209622,0.0035924459760180846,0.0,0.052253793793257695,0.09929468729798901,0.04917394165106234,0.04164470052586343,0.059508280311001145,0.13531995459086366,0.00108187667995125,0.0003912363067292645,0.0014731129866805146,0.03211135600953762,0.04163015666318524,0.029433397520274796,0.0005221551296636621,0.0012875900436493007,0.7037361111111111,2.5,2.55
Exp2_LLM,s001,bot,60.19,0.38,0.013297243618230252,0.012856392025785368,0.007859305719524784,0.0016311895512271563,0.0030517176506773096,0.002600161156026497,0.04129600972147137,0.016287507461843626,0.05603026144951803,0.055067708882104015,0.0075220670596220065,0.06760663933002788,0.0035511307434569705,0.0,0.0035511307434569705,0.002855708406819479,0.008103580238870737,0.0018261836203012675,0.00183155411084696,0.02125342688954631,0.877521,3.8,3.85
Exp2_LLM,s001,hum,54.21,0.5,0.0061724290628239024,0.01280929965636814,0.01109419444954277,0.0004165500618267794,0.0016461108261486277,0.0013669309535186466,0.033505515010228866,0.02742291882625812,0.050130488331437864,0.05306355657389448,0.012490821447308715,0.06829314638452928,0.004110612403163717,0.0005968239284613012,0.004707436331625018,0.006400649293586172,0.01548143817855848,0.0015257383666267862,0.0016216210147030259,0.02580195768471625,0.86846,3.9,3.95
Exp2_LLM,s002,bot,59.36,0.25,0.013292795454931642,0.014701843948308979,0.007188536411544279,0.0016850703079830723,0.0020134640488448986,0.0029478486404081097,0.04182955881202099,0.012025181796071665,0.05964870427897475,0.058165936295272544,0.005727310442610363,0.06913440593884508,0.0018591492145815516,0.0003968253968253968,0.0022559746114069485,0.0029490927234339915,0.005993009022671743,0.0013683295883386627,0.0018628651042444143,0.015514556903543204,0.903721,3.95,3.95
Exp2_LLM,s002,hum,47.75,0.63,0.010742407826036394,0.012681780172191128,0.014012168471574856,0.0007311398437936975,0.001896343097522748,0.0009701027422540096,0.04103394215337284,0.023770506138301218,0.04794370139275229,0.041653534224930774,0.009785395144189218,0.06453934338587235,0.0021359340471470965,0.00037868162692847123,0.0025146156740755675,0.005731624747953029,0.01221792664820595,0.0019391547221606212,0.002663115923179422,0.02889859976023544,0.7988979999999999,3.75,3.75
Exp2_LLM,s003,bot,55.75,0.36,0.010453247280994272,0.013311088973343028,0.007284908640417641,0.00095954502218732,0.001615580570133978,0.003352526174149669,0.03697689666122591,0.014969045781930012,0.05592394418810448,0.04873983348082942,0.005387039726120425,0.06384996058410725,0.0023423700714043506,0.0,0.0023423700714043506,0.0019562171208865452,0.005678777272978306,0.001690241802444694,0.0016080366464981143,0.024183299939042436,0.8858710000000001,3.85,3.85
Exp2_LLM,s003,hum,51.66,0.5,0.011229872208013702,0.010437706432159107,0.011550228852287282,0.00044012490241998435,0.002201213089381558,0.0009886091683155825,0.03684775465257721,0.018661671187668188,0.05628589784896427,0.052360397281678815,0.006937465663471356,0.068226695543594,0.0018417330462269191,0.0,0.0018417330462269191,0.004332864334060389,0.010950473998143145,0.0010513298216455866,0.0018348191635862868,0.0283917799301686,0.8175979999999999,3.9,3.95
Exp2_LLM,s004,bot,62.41,0.31,0.007548312528597589,0.010775833005342192,0.0073560453939358825,0.0010855982113751694,0.0014865895872366321,0.002347836196926163,0.030600214923413627,0.016332441344504112,0.057398151451723285,0.05173625108264214,0.007459906050620547,0.06767703724316937,0.002269186537234206,0.0,0.002269186537234206,0.004422935085987693,0.008725457636949985,0.0007302688663130194,0.0014225430321439777,0.018794050078614444,0.8911960000000001,3.95,3.9
Exp2_LLM,s004,hum,44.16,0.44,0.00890198188890353,0.014418509465838567,0.012630221426968048,0.00025937081659973226,0.0018959402274729906,0.0006606548237189796,0.03876667864950185,0.025768672684432493,0.046073360711307625,0.04524677850452592,0.010525730295962795,0.06328053773954133,0.002847890121006931,0.0,0.002847890121006931,0.005549291366650591,0.011596376889232629,0.0027008533153923876,0.0017461409762844129,0.03984233577646267,0.8105509999999999,3.7,3.7
Exp2_LLM,s005,bot,57.44,0.37,0.011613354747115065,0.011994043309842422,0.010115305878202996,0.0009231064342408957,0.0018485959475972966,0.0032947967317052303,0.039789203048703904,0.016991699090604485,0.056210410835094905,0.053524929746773274,0.007691175253223689,0.0683639805344818,0.0029986664410730397,0.0,0.0029986664410730397,0.0046925088121506486,0.008779426763182187,0.0001098901098901099,0.0014359674112112222,0.021795333243119705,0.86919,3.85,3.85
Exp2_LLM,s005,hum,57.07,0.56,0.008993860906889785,0.017801654274337057,0.012651644385616428,0.000260840108401084,0.0018145338817902017,0.0017578558059189336,0.04328038936295349,0.02563723651000898,0.05553512125273181,0.05147247557990165,0.012793835871481139,0.07369422262427644,0.0038391264888008193,0.00048821548821548823,0.0043273419770163074,0.007606284306979964,0.013784410904351119,0.0022447369702199706,0.002666954253625358,0.02080306570815087,0.878268,3.85,3.9
Exp2_LLM,s006,bot,64.93,0.37,0.009709026588541909,0.01541141412509538,0.006882099637278339,0.0011833773304483937,0.002314122577116029,0.00189283176925211,0.03739287202773216,0.0157645718411196,0.05708939883078692,0.05402452162742795,0.006983649045739524,0.06674587855607393,0.0028621950455774738,0.00020833333333333332,0.003070528378910807,0.002467230497724869,0.007506700031434153,0.0016784635047925852,0.0028167054611064994,0.020133956072340323,0.9134720000000001,3.9,3.95
Exp2_LLM,s006,hum,54.36,0.54,0.010538978568150423,0.012409053069981777,0.01256451844870441,0.0008095250063639674,0.0025339211934820947,0.0019525780690754404,0.04080857435575811,0.023124793454103613,0.056990523583616406,0.05144725877970141,0.009786862656728894,0.07360530748570912,0.0022630906768846496,0.0,0.0022630906768846496,0.006395014480034112,0.01301330171605994,0.0013476715565228546,0.0019034209055790155,0.02110679722208656,0.838252,3.9,3.9
Exp2_LLM,s007,bot,60.95,0.44,0.010907287855285261,0.01008795809752961,0.014341249788496397,0.0007681195347694655,0.002740093728301814,0.001718461245527843,0.040563170249910394,0.01572096269550096,0.05865475180618583,0.058560128819338135,0.005662144637869508,0.06982703591351279,0.0020364119190169182,0.0001818181818181818,0.0022182301008351,0.003145823520377991,0.007777780306140017,0.0011251337207621361,0.0012223169450361127,0.01676936865027506,0.929578,3.95,3.95
Exp2_LLM,s007,hum,59.76,0.5,0.009995024946539715,0.014253649865208424,0.009406667179454873,0.0007681251564728345,0.0024188329413583755,0.0022166235440976793,0.0390589236331319,0.018029439604002977,0.056412020311690514,0.053553758550023964,0.00797771501036159,0.06911051504970603,0.002154934634219251,0.0,0.002154934634219251,0.004738183597848495,0.0086048194355776,0.0012050787060046877,0.0016156947109328063,0.02039020333860889,0.838172,3.9,3.9
Exp2_LLM,s008,bot,57.81,0.31,0.012024635398490979,0.013075660415995245,0.007655765993649154,0.0002469512195121951,0.0019831989694857957,0.002488671984057682,0.03747488398119105,0.017656839889816055,0.06532641893676669,0.06171918480024889,0.006498672422060047,0.0779233407963241,0.0031741901944688034,0.0,0.0031741901944688034,0.003071412446219576,0.008936440924701201,0.0002393753200204813,0.0011030507031327375,0.020100757523480714,0.8379800000000001,3.75,3.8
Exp2_LLM,s008,hum,51.93,0.39,0.005891778027101633,0.013695382449139542,0.013583490851360428,0.0,0.001891725665638709,0.0010966872899543568,0.03615906428319467,0.023717488880739438,0.04927345875946657,0.04815979340373695,0.009490863159106872,0.06577944535096729,0.0037305513035844323,0.0006428571428571428,0.004373408446441575,0.004739979993964257,0.011831590666689547,0.0012784071196334406,0.0016081640825488578,0.026179185099901782,0.883327,3.9,3.9
Exp2_LLM,s009,bot,68.12,0.46,0.011740584767145686,0.013851920449060705,0.010216195004499558,0.0015607137022168496,0.002103306383613056,0.002186536017414816,0.04165925632395068,0.016613966323781787,0.058274568363426094,0.05688972059070235,0.006561543005774511,0.07011448941428583,0.0033393234258178865,0.00021739130434782607,0.0035567147301657125,0.0024191352714535144,0.008070298659922884,0.0010311733001531936,0.002101907548136098,0.010691277805651135,0.9328369999999999,4.0,3.95
Exp2_LLM,s009,hum,59.41,0.51,0.008987713755855586,0.014422410586881738,0.009807914895703452,0.00017857142857142857,0.002453763423258298,0.0013989802255275929,0.037249354315798094,0.020497363347643138,0.052329484215127405,0.04883775934507705,0.008250575916741824,0.06494851523951126,0.003130212686185373,0.0,0.003130212686185373,0.0035378577927488706,0.009108830198326591,0.0015686291956760634,0.0030980558242444368,0.023896988110728986,0.852576,3.95,3.95
Exp2_LLM,s010,bot,59.01,0.45,0.011138499334332695,0.014679875098751058,0.009642065184700838,0.0005950193423597678,0.002507511893627133,0.0016283466782285603,0.04019131753200005,0.01743687420938755,0.0521255355669423,0.051324690592787665,0.007198696998877322,0.06225027508415995,0.0021739442744577197,0.00018518518518518518,0.002359129459642905,0.003996301464207409,0.007754638986838124,0.0008204290711786963,0.0012885508196072053,0.023283853896842954,0.884603,3.8,3.8
Exp2_LLM,s010,hum,58.81,0.53,0.010025139930471792,0.012317771404267321,0.012044392440290206,0.0004920029682960718,0.0020946099785600905,0.0012351349691357065,0.038209051691021186,0.01741590828193802,0.054847684117225744,0.05031695745461014,0.007876426374331643,0.06774864164543244,0.0025146648253731143,0.0002040816326530612,0.0027187464580261753,0.0037649565913484687,0.009682012427949187,0.0013352250163807223,0.0009600523328120017,0.020306459948482635,0.848083,3.85,3.85
Exp2_LLM,s011,bot,59.5,0.48,0.008553619050500236,0.012464701098275697,0.010240472696236196,0.001113545963437347,0.00152976200857715,0.002379494878614914,0.036281595695641544,0.015577809505204545,0.05470111952456366,0.05396033511429864,0.007550689588718062,0.06615343187783788,0.0033491811409017054,0.0,0.0033491811409017054,0.004054449624286946,0.009622941818977562,0.0005464443842052951,0.0017473957763391534,0.018261015306405746,0.879285,3.8,3.9
Exp2_LLM,s011,hum,54.8,0.53,0.009648751717309325,0.015663267890830283,0.010284841822765343,0.0008012151037077834,0.0018188215238711272,0.002499368652490774,0.040716266710974634,0.02351364342260116,0.05222783976169139,0.05012523441957962,0.008813990913626231,0.06948840570168092,0.002499228577212106,0.0,0.002499228577212106,0.003868716000231749,0.01011018248818165,0.0024842411650967764,0.002467198572332529,0.022851320235634708,0.8811910000000001,3.9,3.95
Exp2_LLM,s012,bot,64.36,0.49,0.010634596937971117,0.013591081306491582,0.008828617689979607,0.0014922146753347338,0.003831543775833588,0.0024036171199141444,0.040781671505524766,0.01593508888766622,0.0567657237417083,0.05384602329272262,0.006780548342841258,0.0658201576696273,0.00337477897698958,0.0003764954257565095,0.0037512744027460897,0.002611783546023978,0.009819063284307084,0.000914637854226365,0.002370954860057217,0.015774741857414388,0.87641,3.8,3.8
Exp2_LLM,s012,hum,58.24,0.51,0.008787407372572519,0.012367146546340226,0.011491244569682556,0.00030913105983133995,0.0014960421826053297,0.0019729834826310187,0.03642395521366299,0.019912833746912575,0.05450843674467047,0.05292422809680933,0.00796756429225256,0.06902680334197757,0.003375138580113301,0.00017543859649122806,0.0035505771766045293,0.0027682565760940104,0.010045772716457423,0.0016899289609693627,0.0021260984490498146,0.02017737488873153,0.8903960000000001,3.95,4.0
Exp2_LLM,s013,bot,60.01,0.38,0.010125164376549907,0.010008414904109248,0.010261011205290218,0.0009923218414362796,0.0011500148384278603,0.001823670305344849,0.03436059747115836,0.01756088967592099,0.057266144782503955,0.05548801665932295,0.007697612315504252,0.06977598942278809,0.003571670869943796,0.0,0.003571670869943796,0.0036998564048025795,0.009490829266436459,0.000519351672923939,0.0020226133318771394,0.01591216360050609,0.894483,4.0,4.0
Exp2_LLM,s013,hum,55.47,0.52,0.008568415431354899,0.017038103721650343,0.010575924799500125,0.000949875533428165,0.0019236992532430813,0.0022184871107974557,0.04127450584997407,0.019427689410912673,0.049064001042244634,0.047835873938822084,0.008027260771859487,0.06238371463044932,0.0025742467634310207,0.0,0.0025742467634310207,0.0043717120295731155,0.009528050150787455,0.0012032531983675473,0.0023965625652043964,0.021108625166050637,0.8668089999999999,3.9,3.9
Exp2_LLM,s014,bot,54.97,0.3,0.010789236890634255,0.011804599875449231,0.010089117289199274,0.0006584510727367871,0.0006159203980099502,0.0018843426820461858,0.03584166820807569,0.01833450796592561,0.05360218939694153,0.048944147356661354,0.007645992610157616,0.06496868580963334,0.003321464813115169,0.0003260302556077204,0.0036474950687228895,0.0036281694289450757,0.008465730769294483,0.000893267455902721,0.0009923074834287543,0.02068444323525587,0.8842289999999999,3.8,3.8
Exp2_LLM,s014,hum,58.11,0.45,0.008053804255262868,0.016698091820170444,0.01469490378204392,0.0009693842245095375,0.0018650642546152111,0.002033264080237183,0.04431451241683917,0.024365069904960165,0.04893417670711898,0.0455438003207639,0.008954055404497318,0.06663979134052407,0.003481174832592952,0.0,0.003481174832592952,0.003154316562197322,0.009033249924375564,0.0023756379497777034,0.002674752584358131,0.021714229861839077,0.858351,3.95,3.9
Exp2_LLM,s015,bot,60.7,0.34,0.01121889200480438,0.014887574219982443,0.007973296550954006,0.0010897351257088508,0.0005586450960566228,0.001369548790305124,0.03709769178781142,0.01777947197944051,0.05711281123285092,0.055947971499394816,0.008641801992353872,0.06998013471372758,0.00348851479771514,0.0002040816326530612,0.0036925964303682014,0.0035886773471122905,0.008396853989304835,0.0017938109069696145,0.0019717334776474128,0.01844276251318215,0.82892,3.85,3.85
Exp2_LLM,s015,hum,51.3,0.46,0.009999126824413557,0.009366719804465717,0.012767311966963091,0.00013333333333333334,0.001653792085937631,0.0012657944667466181,0.03518607848185995,0.022669999510938177,0.05118985971003614,0.04897664851857243,0.007975854777176404,0.06544131186349017,0.003718669941898625,0.0,0.003718669941898625,0.0036543717590915847,0.009859507173046156,0.0008231987511173219,0.002313586130969801,0.023050712012982432,0.875204,3.85,3.85
Exp2_LLM,s016,bot,60.54,0.37,0.010452425255671976,0.011469414584940066,0.010892104766666718,0.000547588787771233,0.001733081020362945,0.0014129307786766468,0.03650754519408958,0.023164279069837628,0.05486671102195482,0.057412749241900596,0.01103104300426148,0.07201290865599282,0.00588589045549617,0.0,0.00588589045549617,0.004657444380644773,0.012547039387155396,0.00048770816812053925,0.002405965167350464,0.019848252005205246,0.886647,3.9,3.9
Exp2_LLM,s016,hum,52.83,0.53,0.007226981197988766,0.012955195837347949,0.009778425950831221,0.0003933356942259703,0.002764760933692591,0.0015344080378585168,0.034653107651945014,0.020475351308478898,0.05269479175605179,0.04565017996545802,0.008623898752746207,0.06707183107248159,0.0020658373789952736,0.0,0.0020658373789952736,0.005471861477179937,0.011030765082185225,0.0010886037427248422,0.002171098406898751,0.024308267831920926,0.845765,3.85,3.85
Exp2_LLM,s017,bot,60.79,0.54,0.008955398300383284,0.01218633237981485,0.008879459938134627,0.0012416635754191022,0.0010079611135279847,0.0013089609765520485,0.033579776283831894,0.017742556538999574,0.05615311070337339,0.052616743487721135,0.006629058261416426,0.06729424628823398,0.0026808304684656677,0.0,0.0026808304684656677,0.0028806926740324685,0.006740267103850792,0.0012425135172529989,0.000926899792968311,0.016731643367030136,0.887278,3.9,3.85
Exp2_LLM,s017,hum,51.6,0.42,0.009784882449742516,0.01234203960856048,0.009318903800151657,0.0014473897585231803,0.0032370157719236593,0.002288685998965613,0.0384189173878671,0.01898276891744498,0.049800321290127944,0.04676296182340689,0.008124703544551123,0.06283439775512666,0.002794000852299642,0.00043478260869565214,0.003228783460995294,0.00344085139616997,0.00849998806312624,0.0020890845202733805,0.003839765512070587,0.024878103002315858,0.8052330000000001,3.9,4.0
Exp2_LLM,s018,bot,62.69,0.43,0.009221438671118241,0.014714800975483455,0.009144658259647005,0.0006445297345480858,0.002205731078976178,0.001307591305634937,0.037238750025407906,0.01645168378214512,0.06163866808533181,0.06273258121528931,0.009667587067690442,0.07420626952181285,0.0039045625434902306,0.0,0.0039045625434902306,0.004940001383918291,0.011567891031895906,0.001098085390580162,0.0013924285161218957,0.01686005843932576,0.9013100000000001,4.0,4.0
Exp2_LLM,s018,hum,49.14,0.53,0.007580501365765044,0.016671892919269148,0.012516444846723264,0.0006450284516322252,0.001616328172513612,0.0011100143863074898,0.04014021014221078,0.019510811310425265,0.04821222747173985,0.04658294512653678,0.008286981882749744,0.061142101510191615,0.0034319946346633495,0.0001923076923076923,0.0036243023269710416,0.0040169017210271414,0.010802677819015838,0.0013922914465014306,0.0032334289367973706,0.02987464366359985,0.822267,3.85,3.9
Exp2_LLM,s019,bot,69.06,0.45,0.006455851381958307,0.011521147309658536,0.009903532880402856,0.0014524131233105686,0.0015226962123038388,0.001394583849465888,0.032250224757099995,0.013796546304421963,0.06113340806822906,0.05954299659148493,0.006130448055417378,0.07058961918636225,0.002343598624261343,0.00015873015873015873,0.0025023287829915013,0.003693391487230802,0.007955152217540886,0.0008566383612992521,0.0017143108322770744,0.014043295052727384,0.929074,3.9,3.9
Exp2_LLM,s019,hum,54.03,0.44,0.009399500360264476,0.01721709819542634,0.009712805249116859,0.0006104437771104437,0.0026402947109271744,0.0019263766707469248,0.04150651896359221,0.018170544857233694,0.05521667633420788,0.05127053729639076,0.006139809404063771,0.06655905781672013,0.0019952657175558,0.0,0.0019952657175558,0.0024398888401061295,0.008758072940075974,0.0019716390561361854,0.0023736663714624124,0.02289877066346034,0.845664,3.95,3.85
Exp2_LLM,s020,bot,56.8,0.31,0.011550020423822877,0.014611846348141309,0.011088209809616898,0.0009200368276455232,0.0035058468874451638,0.0014173558616885447,0.04309331615836031,0.021036118206367617,0.05770975730789944,0.05675631077855531,0.010687603655071147,0.0716597476525669,0.0046356344964777535,0.0,0.0046356344964777535,0.005055101050588948,0.01371509426461993,0.0006742874628431544,0.0015389805520053493,0.018931986175184157,0.8873739999999999,3.9,3.9
Exp2_LLM,s020,hum,60.01,0.58,0.009620011793687456,0.01234952086049206,0.010620731369969922,0.00035881274776019547,0.0019243874834418272,0.0008300172699298437,0.0357034815252813,0.022517056979381552,0.054655734950606744,0.05337549542325339,0.009891318138612977,0.07203982492864372,0.004481359778390514,0.0004984802431610942,0.004979840021551608,0.00364465257663241,0.011977040439947424,0.0016906789179184103,0.00317290005317552,0.022242558503286713,0.857342,3.95,4.0
Exp2_LLM,s021,bot,68.88,0.43,0.009915346432149813,0.010769132171856275,0.007204046837887208,0.0010551506552538544,0.002200322723278207,0.002269769305014287,0.03341376812543964,0.014554767918011741,0.061335434596095,0.05817930314967884,0.006429080138510046,0.07118269905600477,0.003023949217112541,0.0002325581395348837,0.0032565073566474243,0.0026894656433752474,0.007805017464838224,0.00039529914529914527,0.0010135226851139432,0.014257961133239249,0.9133969999999999,3.95,3.95
Exp2_LLM,s021,hum,53.61,0.47,0.009130692247899504,0.012364806924798931,0.012649451185169447,0.0009857595381992466,0.0012792289251157196,0.0017881558108144109,0.03819809463199726,0.020921993723657398,0.05249726023332521,0.04802518315339869,0.008727772999712054,0.06693601381971895,0.003919210451242178,0.0,0.003919210451242178,0.002951799460552181,0.00979779806087146,0.002435334516489124,0.0018102461314132312,0.02471540960027152,0.839039,3.75,3.75
Exp2_LLM,s022,bot,66.81,0.34,0.0078350127736228,0.01264585050816193,0.01117570811547003,0.000747856046137138,0.0016416628022862298,0.0012774743743035608,0.03532356461998169,0.01634906242241652,0.05836251832094031,0.05705854221737379,0.005516396131624455,0.06807122985055297,0.003082261193322092,0.0,0.003082261193322092,0.0020066348029404045,0.006715221007082978,0.000572427671593842,0.001592666649245254,0.013465778339474266,0.877409,3.95,3.9
Exp2_LLM,s022,hum,54.32,0.39,0.009624943705844068,0.013086089349164413,0.010536206540140631,0.0004901960784313725,0.002293026220643564,0.0019995424810770805,0.03803000437530113,0.022490431397477688,0.050988524834889075,0.04873242706150416,0.009656715022344104,0.06722568876889513,0.003353592016023958,0.0,0.003353592016023958,0.004896906386082098,0.01092081638383565,0.0014033817513507347,0.0020332916698635943,0.026408286784090716,0.853773,3.9,3.9
Exp2_LLM,s023,bot,57.19,0.41,0.014302226795955584,0.011107680167457461,0.010048576090377846,0.0014381602126948237,0.0019368021308220562,0.002000671922047835,0.04083411731935561,0.016378861800676162,0.05368926386199886,0.04978046142573553,0.007029709844889107,0.06487546148961373,0.0031845923304387085,0.00016666666666666666,0.003351258997105375,0.003005545321937029,0.008552028772183461,0.0015322033770224497,0.0017307253033473308,0.023777845304754654,0.851536,3.8,3.8
Exp2_LLM,s023,hum,53.44,0.43,0.010449264316404827,0.01734334519759808,0.01091663393930006,0.0009159359644952612,0.003500628755209958,0.001806532511825214,0.0449323406848334,0.021259157271933823,0.05463358624848038,0.05324798606387035,0.008689624488652766,0.06973291759711507,0.003242736014713342,0.0002,0.003442736014713342,0.0040839379754407535,0.011267208145825132,0.0011629504984986712,0.0028865676399538426,0.023248474785420404,0.861021,4.0,4.0
Exp2_LLM,s024,bot,56.78,0.34,0.00978556526944762,0.01447344390656394,0.00747306033463798,0.001526671912616402,0.0014141621752912096,0.0027670063467707374,0.037439909945327886,0.019111825593683632,0.05586638891197079,0.053959602158784106,0.007343325355534124,0.06780426484378883,0.0034953925757865907,0.0,0.0034953925757865907,0.0028341435530700927,0.007860775255709766,0.001280020579865316,0.0006737900409932705,0.027283896690560243,0.862716,3.8,3.8
Exp2_LLM,s024,hum,56.59,0.42,0.012263746300402027,0.012151227175200245,0.014259418517168125,0.0012747663811391791,0.001036070309479354,0.0023408157602240773,0.04332604444361301,0.01875753717768626,0.051615519502132036,0.0465167962029803,0.007920067012499392,0.06514247518637999,0.0010042916307598925,0.0002,0.0012042916307598926,0.005308403097273392,0.00930459067319415,0.0018778783016331721,0.0019492551247417766,0.025922412462851763,0.809278,3.75,3.85
Exp2_LLM,s025,bot,64.0,0.31,0.009750735065656642,0.009789667128466512,0.006771744943653202,0.001162189142887345,0.0022403670521606695,0.0025755341840149786,0.03229023751683935,0.01554006377472979,0.05489624917275465,0.051907418817944695,0.0071507836479328445,0.06493060991975773,0.0028292147382624564,0.0,0.0028292147382624564,0.0039524168628867614,0.008502142997692046,0.00026388888888888886,0.0015451571803605463,0.018318741478708565,0.915217,3.9,3.95
Exp2_LLM,s025,hum,47.65,0.41,0.009530548802568255,0.013037885687144835,0.011279793927492156,0.00016666666666666666,0.001732826326110872,0.0007321044546850998,0.036479825864667886,0.022927233046075753,0.052562121922756305,0.04580300983402655,0.009893101206729048,0.0673057925329541,0.0025608979808506584,0.0,0.0025608979808506584,0.00605534143381666,0.01121860611378195,0.0012411475063474444,0.004006485506012792,0.030522470399865827,0.8363379999999999,3.95,3.95
Exp2_LLM,s026,bot,59.45,0.39,0.01339790528509416,0.013078118301691689,0.00878780996570417,0.0007116305726375701,0.0021943103003553826,0.0020098181280540414,0.04017959255353701,0.017901294640823306,0.05373880125128882,0.0549096423932208,0.008136339286936488,0.06625726523013388,0.0034060100834514394,0.0,0.0034060100834514394,0.004169002205351669,0.009273406665681473,0.0003204819277108434,0.0016165878101481053,0.016647462273795433,0.932666,4.0,4.0
Exp2_LLM,s026,hum,59.16,0.45,0.00944221897602776,0.014330396099829919,0.011171303692490163,0.001910687286023014,0.0011888660006179833,0.0021571647648981947,0.04020063681988703,0.01890893234075104,0.05520483391619858,0.05035287993346505,0.007661713180735172,0.06847142795483223,0.0034008939256083416,0.0004124116260801257,0.0038133055516884674,0.0035529131261680695,0.010677664175924228,0.0009518085679831507,0.002463164199537948,0.022081356046338926,0.85761,3.95,3.9
Exp2_LLM,s027,bot,58.61,0.33,0.010978651024465167,0.011793102753884595,0.010269811183764141,0.0005812046765081405,0.002728850301778868,0.0025425050791961913,0.0388941250195971,0.021993600120656355,0.06150796292317318,0.05709338647658058,0.009509559509596146,0.07492507990691331,0.004726828970126163,0.0014174082313681868,0.00614423720149435,0.0035327475026530903,0.012067235051668157,0.0010102436859813265,0.002184006155902133,0.021933080963443298,0.9030419999999999,3.85,3.85
Exp2_LLM,s027,hum,53.93,0.39,0.012526471154475215,0.01577308915088156,0.010948763112615879,0.0018030705337893744,0.0020801530344982,0.0021354322000683035,0.04526697918632853,0.01990594947983207,0.05095540411943759,0.04694397792330763,0.007863523177694362,0.06614346707917451,0.0022441274053077364,0.00015625,0.0024003774053077366,0.0030210884357801354,0.008020694065363872,0.002490022831737544,0.003807829398145486,0.025319403307938092,0.801293,3.85,3.85
Exp2_LLM,s028,bot,61.03,0.37,0.009548063897782793,0.012398753161635514,0.010280591240518697,0.0013812072614630755,0.0018101548544098808,0.003184960109065959,0.03860373052487592,0.018997746193656306,0.06185099580710199,0.060742925930538656,0.005799367866760655,0.0732640252968158,0.0022088756805801603,0.0002040816326530612,0.0024129573132332213,0.0025310704504546977,0.007276457524702863,0.0015683126889776532,0.0008612716801705357,0.014830045259060187,0.898279,3.9,3.9
Exp2_LLM,s028,hum,51.97,0.54,0.006276179725062852,0.01308306720912539,0.011471765726496967,0.00026785714285714287,0.0029686225608008183,0.000849015683092017,0.03491650804743519,0.021117736439157507,0.051049981136929816,0.04478946674026164,0.009536005483098764,0.06641471843745202,0.0022595496646144616,0.00014492753623188405,0.002404477200846346,0.005565317781197871,0.012763170896157814,0.001676917871487317,0.0033115443894320192,0.026005917101161333,0.823404,3.9,3.95
Exp2_LLM,s029,bot,60.82,0.41,0.010947657869421487,0.011458142722060131,0.010959908523362103,0.001916516095755781,0.0009922443608425418,0.0016545139752633454,0.03792898354670539,0.013922987066534925,0.058366879287304343,0.052070085975138874,0.005040361932711848,0.06775865549486508,0.001789287966613176,0.0,0.001789287966613176,0.0027510835848132374,0.006390721651084655,0.0012198224020781947,0.0013404788969061975,0.019271272427463043,0.894561,3.85,3.85
Exp2_LLM,s029,hum,48.49,0.5,0.010826435903746297,0.01481636246975382,0.013577349391974518,0.0005554798177748997,0.0027191983178614775,0.0026320886475702087,0.04512691454868122,0.022314486559153662,0.0490840372259375,0.041633093443126386,0.009281404602537251,0.06567430393145429,0.0028438849353012875,0.0,0.0028438849353012875,0.005250364948527847,0.011727673802572898,0.001984579652070732,0.002586390817821065,0.02485101315214823,0.811474,3.75,3.9
Exp2_LLM,s030,bot,60.57,0.54,0.00686043897602389,0.012274003720253623,0.01123058581115519,0.0,0.0017468802388500074,0.0017963789591185569,0.03390828770540127,0.018712317170869207,0.05656824481718448,0.056930462719133094,0.00919634305722039,0.06979541963744215,0.003674959596911232,0.00016666666666666666,0.0038416262635778986,0.005410272349198048,0.011900349799840816,0.00048124098124098123,0.0017883377425044092,0.016581563854790825,0.8836350000000001,3.85,3.8
Exp2_LLM,s030,hum,53.14,0.54,0.008647079168213053,0.015286343842625956,0.01131918250744684,0.000768841902341249,0.0010942559855603334,0.0013466748738863773,0.03846237828007381,0.022006825515136382,0.05202908645763424,0.050473700103124824,0.009226696717347889,0.06736523511799426,0.002345525863725335,8.849557522123894e-05,0.002434021438946574,0.004760626768041402,0.009479619488370158,0.0021205440855811522,0.003936999408119449,0.023705390706301243,0.829537,3.95,3.95
Exp2_LLM,s031,bot,62.7,0.5,0.009583371007182677,0.01304871058141567,0.010842093164555843,0.0007426679194513096,0.0010549729704564233,0.0015352555439367887,0.03680707118699871,0.021139565879449766,0.05579757569007405,0.054363424021222934,0.010788408645467982,0.0695064803261441,0.005402771598396298,0.00016949152542372882,0.005572263123820027,0.004802925235336225,0.01201977493025856,0.0009561150216928768,0.002001265044174923,0.022821572135336966,0.911294,3.85,3.9
Exp2_LLM,s031,hum,54.39,0.5,0.00873642088789098,0.01483217958644436,0.01136431125068835,0.00036710781706767657,0.0017200281104206,0.0014082039960349743,0.038428251648546935,0.0237847033273571,0.05533365907078564,0.051733977549660484,0.00912250199033969,0.07145179413397391,0.0020226372898689594,0.0,0.0020226372898689594,0.005065713909918767,0.01044129084647715,0.002246916747998772,0.001164589735777914,0.023718367413006026,0.88062,3.9,3.9
Exp2_LLM,s032,bot,59.11,0.32,0.010298897878203855,0.009407789454699535,0.008675838431024334,0.0014392143322497226,0.001589953577905878,0.002933631473371413,0.03434532514745474,0.01846280996881621,0.054799978900354575,0.05633186498802654,0.006733498567260855,0.06677771785708007,0.003511415895850683,0.0,0.003511415895850683,0.0026448972841720446,0.008476874896009763,0.0006210450363609341,0.0016435543287657939,0.022445270688655792,0.901671,3.9,3.85
Exp2_LLM,s032,hum,50.94,0.47,0.006928412781330301,0.013982515760352723,0.015272601230957729,0.00023614523614523617,0.002188576889164139,0.0008948548430749079,0.039503106741025036,0.020749273272499123,0.04940760058252658,0.04785667776250771,0.006971836598891145,0.06315356500304847,0.0030693105858431457,0.0,0.0030693105858431457,0.002661665422618587,0.008563923883445209,0.0014543706314382656,0.0037631460823916068,0.03323756409066867,0.8019280000000001,3.85,3.85
Exp2_LLM,s033,bot,65.87,0.37,0.011669208134602697,0.01119766034410026,0.011682486680988946,0.0011200823919815465,0.0012557757103562606,0.0015510442294967822,0.03847625749152649,0.016467439865064586,0.05941855398252513,0.05548116812121006,0.00831480300492398,0.07104582475105108,0.0025686149319214483,0.0,0.0025686149319214483,0.005094098796804294,0.010050764255022448,0.0008112633071538167,0.001498104708495668,0.013966770362131802,0.900665,3.85,3.8
Exp2_LLM,s033,hum,49.12,0.5,0.010171984380605436,0.01709749089021073,0.012266048080980908,0.0,0.0009792073612719689,0.0010757547401383017,0.04159048545320734,0.02474229763858956,0.05535525151898369,0.04984310194116544,0.009841707519377222,0.07194883289583284,0.003778844168103642,0.0005448275862068966,0.004323671754310539,0.003865864918151668,0.01032382280873376,0.0021635923739852406,0.0024235575911066864,0.0315261699500029,0.8131919999999999,3.7,3.75
Exp2_LLM,s034,bot,65.89,0.49,0.012247818619707964,0.011782281897743562,0.010006867717649954,0.0007514897114241599,0.0013280083443126922,0.0026365082828071055,0.03875297457364544,0.016319415741821573,0.06211999523027458,0.05917622385655534,0.007544855872790009,0.0726266455798113,0.0036957224321465722,0.0,0.0036957224321465722,0.003318035977752008,0.009469423764653364,0.0003427758933391265,0.0012644253671634717,0.010769426676427886,0.910191,3.9,3.95
Exp2_LLM,s034,hum,51.75,0.52,0.012264245440469244,0.014860300608485602,0.013889176212218038,0.0001282051282051282,0.0015070163458829851,0.0005036630036630037,0.043152606738924,0.02328398421641931,0.04928587731698192,0.04895838531411834,0.008807942584931696,0.06599971508566756,0.0032104184007467245,0.00015873015873015873,0.0033691485594768834,0.004321304920502376,0.010436514178068694,0.0013819926481767884,0.002499900450580159,0.027878062272906123,0.802026,3.85,3.9
Exp2_LLM,s035,bot,60.86,0.5,0.008374174859396784,0.014673355036016314,0.007900891647683565,0.0003333333333333333,0.0026090842076550093,0.0011374353078080083,0.035028274391893016,0.016278292014139904,0.05877841338761143,0.052886440915498725,0.0076176336638769035,0.07001500630906417,0.001985094607281908,0.00011627906976744185,0.00210137367704935,0.004488060833780735,0.009212450728133275,0.0013659651104936269,0.0015527508608260904,0.016837243265122516,0.872879,3.85,3.75
Exp2_LLM,s035,hum,57.04,0.51,0.007865270724479794,0.015878858070034883,0.012071577864925404,0.0008916493358666255,0.0016725884040138868,0.0024918264492016333,0.040871770848522226,0.023969225957982166,0.05536105892223804,0.05390241753822339,0.009970850846270647,0.07256285953675744,0.0044633435802784146,0.0001923076923076923,0.004655651272586107,0.00441654491951518,0.011825434172880725,0.0013032045709530497,0.003138611599722294,0.022766420820947396,0.8354680000000001,3.85,3.8
Exp2_LLM,s036,bot,57.42,0.43,0.009598311910886443,0.013151500598582621,0.010405157101622547,0.0018833631306524393,0.002978923359167078,0.0014282409197696774,0.03944549702068081,0.015605778199879764,0.05280571774588027,0.051085864018738825,0.007090858234225056,0.06436144151934182,0.003489452965819716,0.0,0.003489452965819716,0.003243477481906125,0.009085130924997763,0.0005007849293563579,0.0013528483914069809,0.01913668368468093,0.855034,3.95,3.95
Exp2_LLM,s036,hum,61.27,0.57,0.010578385580359173,0.014815696372647595,0.0101190451326783,0.0005008249473500508,0.0019022628502472427,0.002152662154727485,0.04006887703800985,0.019535805074458967,0.05936575311934369,0.05488721428295269,0.008860276854151914,0.07333625809924954,0.0025716206730547284,0.0002380952380952381,0.0028097159111499666,0.004967008699531785,0.010608674640567266,0.0019313748890982222,0.0016102722414197822,0.020328539198539577,0.888895,3.9,3.95
Exp2_LLM,s037,bot,59.23,0.47,0.00851885415249199,0.014199786864699027,0.01327824174441089,0.0014245047647392865,0.0008900611612544382,0.0025990526502544286,0.04091050133785006,0.02168644012667189,0.053766662522113984,0.054182991185084683,0.008988714649147604,0.0664174496720603,0.0033677588431477914,0.0003137065637065637,0.003681465406854355,0.004764281925561156,0.009597341618378044,0.0008503575017818527,0.000560305871497591,0.018252738599925374,0.891083,3.85,3.85
Exp2_LLM,s037,hum,62.9,0.52,0.011037009986665796,0.01620846477321687,0.009593833663618424,0.0007873727426526809,0.00119255547432723,0.0018403008692255516,0.04065953750970656,0.018308585571974532,0.05429551060806767,0.04912375598223374,0.007617112312276796,0.06618564212107826,0.0017040836923331896,0.00015625,0.0018603336923331895,0.003969301247120163,0.007718551587956602,0.0019413235266695973,0.0030751920715736502,0.01840840044599933,0.887741,3.9,3.95
Exp2_LLM,s038,bot,52.84,0.35,0.011867884475140396,0.01619155859688714,0.008441345779241724,0.0008796910197948003,0.0010279618755228512,0.0022100330853518434,0.040618474831938756,0.019384964739268987,0.054982545055712234,0.052220678291675385,0.006375343568298237,0.06721967780733765,0.0031906641281592265,0.0003333333333333333,0.0035239974614925595,0.0025200413941503293,0.007503982366088551,0.001148768752680364,0.0021509396532082554,0.028791874007296946,0.835206,3.8,3.8
Exp2_LLM,s038,hum,59.02,0.33,0.007336238318455801,0.012641993247894083,0.008708611067661054,0.0,0.001986953269046746,0.0016972784286173534,0.032371074331675034,0.020270317097099984,0.05869870073574948,0.058860484566526955,0.008883671961276528,0.07438894209084823,0.004081600563198624,0.00012658227848101267,0.004208182841679637,0.003243881189542253,0.011160923992551757,0.0019557371212408155,0.0012859131436942308,0.020813840061930586,0.899864,3.95,3.95
Exp2_LLM,s039,bot,63.55,0.44,0.012526172389570206,0.0168740774910786,0.009565898777945782,0.00011627906976744185,0.0012190161420345313,0.0016865415863520114,0.041987985456748575,0.016893539106132144,0.05999697092260901,0.05562315503613082,0.008335150605199846,0.0717166563486426,0.004324984658420943,0.00015625,0.0044812346584209425,0.002898668377220999,0.009382491186413551,0.001361497569557905,0.0029741647734277464,0.016577177076701432,0.91239,4.0,4.0
Exp2_LLM,s039,hum,49.74,0.52,0.008465244738027441,0.011986109882353045,0.009950664171925578,0.0002167291471415183,0.002448433638402941,0.0014289745777118072,0.034496156155562334,0.019005578171627683,0.049468906872713984,0.044572102821994114,0.006703446865443969,0.06296618043982483,0.00265363591057111,0.0,0.00265363591057111,0.0034392521245991767,0.009462884092173156,0.0016771255122095458,0.0036421455481050686,0.02166178218109624,0.848681,3.9,3.9
Exp2_LLM,s040,bot,59.33,0.41,0.01088656359795759,0.010258823590916975,0.007786041653199979,0.000816015610599991,0.001959489210759337,0.0018870529477673906,0.03359398661120126,0.0176694018097467,0.052501010869869004,0.05075724655910862,0.008672447721713685,0.0661748103375712,0.0028765257263893024,0.0,0.0028765257263893024,0.005131879410229166,0.00917190156461657,0.0006795137524651182,0.0011070448906547305,0.01781031973690889,0.879907,3.85,3.9
Exp2_LLM,s040,hum,50.82,0.5,0.011131426660890332,0.0157792902778563,0.009322213081064122,0.0006581650203941225,0.0038182435257327896,0.0016008687697340275,0.04231020733567169,0.02302482868877521,0.05277515959397786,0.05270710762293715,0.011238214181184045,0.07125727256381414,0.004444746484749945,0.0,0.004444746484749945,0.0044199560601115365,0.012517136867522038,0.0030057071563244215,0.0016540179920949336,0.023725238283080898,0.828555,3.95,3.95
Exp2_LLM,s041,bot,62.59,0.45,0.014170460468824569,0.014110440198217911,0.011776813669549031,0.0011049623423988566,0.002088260130106046,0.0020718305208148923,0.045322767329911307,0.01681608539439447,0.05838489820561374,0.05488876590289008,0.006619003340885817,0.06841197760252897,0.0018976770912531849,0.0,0.0018976770912531849,0.0031026552332773043,0.006905327824197797,0.0014977578147683675,0.002779148635645736,0.01983618319109876,0.907038,3.85,3.85
Exp2_LLM,s041,hum,54.25,0.49,0.009708223227705575,0.011470235965330455,0.011068028283938656,0.00046486928104575164,0.0018401061221468393,0.002209625328392908,0.03676108820856019,0.020369778743789105,0.05131244232475719,0.048396112030314686,0.01080945519036618,0.06654467503952377,0.003874872059281591,0.0002,0.004074872059281591,0.005429090582123061,0.013291867138970228,0.0015509407282332374,0.0018943531255352381,0.02661995083734356,0.822247,3.95,4.0
Exp2_LLM,s042,bot,62.11,0.41,0.009464420412107604,0.01304321300199199,0.011030755128927365,0.00031840140535792713,0.0018896123034054069,0.00042149418886308176,0.03616789644065337,0.01686548306725422,0.05789420735912388,0.058318974444159316,0.00668078832968206,0.07057630367143206,0.002792655759546615,0.0,0.002792655759546615,0.0033341219410413896,0.009056307033090684,0.0006958487134221367,0.0016828590149485672,0.015490201770313185,0.8877339999999999,3.9,3.9
Exp2_LLM,s042,hum,49.17,0.35,0.008136709059016546,0.01293859675946391,0.014611121012231982,0.0007640378136892174,0.0015274287149923,0.0026675839630994403,0.04064547732249339,0.024574721794568714,0.05154993265438823,0.04850562164140355,0.009739763157341085,0.06794979727127833,0.002309124796474141,0.0002564102564102564,0.0025655350528843977,0.005484735603378945,0.00992453537717231,0.001514053904586514,0.0017188363751831242,0.025385941322931472,0.8555379999999999,3.85,3.95
Exp2_LLM,s043,bot,67.61,0.51,0.01185354953289034,0.014150133979490604,0.01099697676248005,0.001305508932001683,0.0023221555584062043,0.0020372873261411584,0.042665612091410045,0.016221285065725823,0.057601524586204295,0.05399478792600512,0.00777691543318402,0.06861830098182527,0.002879157564406806,0.0003,0.003179157564406806,0.0033782539265070537,0.008293554088827659,0.0017880691910084443,0.0014729276726098762,0.01579019160449034,0.928918,4.0,3.95
Exp2_LLM,s043,hum,62.63,0.58,0.008913445171135174,0.015512920898361619,0.012106054281008001,0.0004375020302361636,0.0025579635959885132,0.0013442838525019557,0.040872169829231426,0.01837974478008574,0.05324487163039551,0.05116435672444017,0.007697591675247219,0.0680355539080118,0.0028850437549435863,7.8125e-05,0.0029631687549435863,0.003752263291752982,0.00992669988372281,0.0012792546989731865,0.0031237409013226895,0.022053146238221442,0.859517,3.9,3.95
Exp2_LLM,s044,bot,66.54,0.38,0.008636086921520483,0.011164254416922023,0.009768630325938138,0.00036098283774258053,0.0021847045159243093,0.0015759337437836424,0.03369059276183118,0.01583911000880075,0.05883519066886677,0.058275980219356205,0.00715884184844686,0.06867253647707515,0.003055074579264867,0.0,0.003055074579264867,0.003771567722696732,0.008793566471708746,0.0002661064425770308,0.0012169467059172942,0.01760905149369522,0.909525,3.9,3.95
Exp2_LLM,s044,hum,53.71,0.52,0.00781753755481147,0.013269513517547758,0.011390409067870417,0.0005853972742625977,0.0008498342407007512,0.000992391292506571,0.03490508294769957,0.023577272133294958,0.04939203010834139,0.04747189913573559,0.009385383167506397,0.06447175934044845,0.0018483845001812738,0.0,0.0018483845001812738,0.005715440912146702,0.009999363095819133,0.002398516605764919,0.0026218208049410096,0.026068418528322198,0.846826,3.9,3.95
Exp2_LLM,s045,bot,66.39,0.58,0.011489790979209859,0.01255725298848165,0.009867545202665515,0.0002564102564102564,0.0028107568629485023,0.0022257886913773363,0.03920754498109312,0.01855044003505943,0.05703916064740902,0.0533769968459252,0.010562740876994638,0.0696142494739481,0.003643634112619546,0.0001923076923076923,0.003835941804927238,0.0057842257238760976,0.01113710242370755,0.0016553970851560843,0.0016938799090153503,0.020176841835116272,0.904704,3.9,3.85
Exp2_LLM,s045,hum,56.76,0.52,0.007857713683489897,0.014407328423486115,0.014168961376906678,0.0017341847727241604,0.0009527351231363738,0.0019526814074971417,0.04107360478724036,0.024522653725807177,0.051284910924439285,0.048855853441028,0.010194027379652599,0.07008308966150309,0.003371944913116884,0.00020833333333333332,0.003580278246450218,0.005587947017232709,0.011266617347257448,0.0016895861830556259,0.0023347975124290913,0.023256436444593437,0.830554,3.9,3.9
Exp2_LLM,s046,bot,54.33,0.39,0.010907482006427029,0.010033960766836715,0.01007038729468212,0.000849108271933645,0.002909689804727615,0.0018915153689827188,0.036662143513589845,0.019223746019237507,0.05382397077583679,0.05584049815577767,0.0073220046782119345,0.06601631260309271,0.0031239385193645437,0.0,0.0031239385193645437,0.003504053046356017,0.009784926282993813,0.0005690131124913734,0.0009783815218597828,0.021657696905358955,0.8586490000000001,3.85,3.85
Exp2_LLM,s046,hum,57.33,0.54,0.010343060225968159,0.012276506363653305,0.011509407353240152,0.0001598746081504702,0.001259436962341892,0.0012597755835540747,0.036808061096908054,0.02281288039233953,0.05102709731174768,0.04563539796176834,0.008624454049562857,0.06683488641856815,0.0023836440170688783,0.00022727272727272727,0.0026109167443416057,0.004634850759970973,0.010134370096521697,0.001900908767472502,0.0013676725707723397,0.023082233930675034,0.8430580000000001,4.0,3.95
Exp2_LLM,s047,bot,58.97,0.36,0.013686989176621187,0.014532006131959015,0.011407355234272616,0.00027912386121341345,0.0017475599396772176,0.0012823698041089346,0.04293540414785238,0.01890444149537502,0.05633996665588053,0.05378228400773292,0.009246456344406002,0.06851584038708151,0.00465186188360079,0.0,0.00465186188360079,0.003936519096884078,0.010557618523977203,0.0013851677160134873,0.0027729878403715104,0.02072278107869491,0.88004,3.9,3.9
Exp2_LLM,s047,hum,56.58,0.5,0.012234683953443529,0.012429380477102382,0.011446199701484487,0.001821027219933872,0.0009756927213823766,0.002728541826187939,0.041635525899534585,0.021487024659817954,0.05226854346176358,0.04701042552968269,0.007877036624717762,0.06617592343115498,0.00319119136056506,0.00022727272727272727,0.003418464087837787,0.0029614566029870547,0.009161753000027365,0.001700783827217603,0.0033835351614603837,0.022440710974566628,0.889089,3.85,3.95
Exp2_LLM,s048,bot,63.78,0.42,0.009992936727166082,0.015500026092424521,0.008377756420169323,0.0005270640366743157,0.001718599392794208,0.0015208639529734134,0.03763724662220186,0.016448980103863742,0.05536979198045233,0.053482489115920184,0.00607653395132298,0.0661094645064176,0.002606734865191443,0.0,0.002606734865191443,0.0034697990861315368,0.0069848824232140345,0.0006420483399564614,0.0016338130876487112,0.020281130513300476,0.866734,3.9,3.9
Exp2_LLM,s048,hum,55.83,0.46,0.008898674463619435,0.01597298698498494,0.009732192063220013,0.00035067116753038875,0.0016702455023350545,0.002609503719668842,0.03923427390135867,0.022207573652708805,0.05927527930204651,0.052130802272148495,0.008596985063606326,0.07571321662120413,0.0023813757403060546,0.0011137340420698742,0.0034951097823759285,0.003397462231497056,0.010049844472276175,0.002454843647504366,0.003458934488195352,0.020061835271278198,0.846896,3.9,3.9
Exp2_LLM,s049,bot,57.96,0.44,0.010655716334128828,0.013649610450154295,0.011824352397483764,0.00038160056415740607,0.0018589241070983956,0.0024380473917532176,0.04080825124477591,0.021499464887884373,0.05685471339090238,0.05462404402045779,0.008276048042886973,0.06992440381475064,0.0031541130198499607,0.0002564102564102564,0.0034105232762602165,0.004162392478411899,0.009260676866346271,0.0007031322882148568,0.0002564102564102564,0.018713113865502652,0.890839,3.8,3.9
Exp2_LLM,s049,hum,60.85,0.55,0.009249747995033518,0.01476303560587896,0.011029957323826419,0.00046554458855625346,0.0025990947249119522,0.0016369563802531377,0.03974433661846024,0.019787923627971563,0.053843938177671226,0.04939233642532227,0.007520954465108586,0.06687025319867079,0.002005706728687098,0.0,0.002005706728687098,0.00391545466035793,0.009042193843263492,0.0019844084606789416,0.00316243860805669,0.019612761739432768,0.83283,3.85,3.85
Exp2_LLM,s050,bot,68.59,0.42,0.011355681442401133,0.011311429061617067,0.00834397098666675,0.0013420631994404317,0.001618077833671469,0.002245307678845814,0.03621653020264266,0.014797190802991373,0.05740628666385482,0.05350818603515366,0.006894025037377174,0.06645413336725574,0.0015235162640827298,0.0,0.0015235162640827298,0.004448681863956383,0.007670066980572808,0.001463258250409953,0.0007608099346951839,0.013579787142792845,0.915234,3.95,3.9
Exp2_LLM,s050,hum,52.99,0.38,0.007031801537749682,0.009812217423761191,0.008403606108732241,0.0005687163316252792,0.0018067328570951877,0.0016500371695635967,0.029273111428527177,0.021776403295342,0.055662925788524865,0.053154634232240386,0.0096127528292362,0.07170620888739725,0.0037972229097310555,0.0002702702702702703,0.004067493180001326,0.005109164328980068,0.013072758998797382,0.0009254798096392944,0.002194530623898888,0.024891747861249047,0.8443930000000001,3.9,3.9
